{
"type": "FeatureCollection",
"name": "onstreet_parks",
"crs": { "type": "name", "properties": { "name": "urn:ogc:def:crs:OGC:1.3:CRS84" } },
"features": [
{ "type": "Feature", "properties": { "id": null }, "geometry": { "type": "MultiPolygon", "coordinates": [ [ [ [ 176.168820167250118, -37.68902693736409 ], [ 176.168866893911513, -37.689036672085209 ], [ 176.168870463309247, -37.689017202642965 ], [ 176.168829901971236, -37.689010063847469 ], [ 176.168820167250118, -37.68902693736409 ] ] ] ] } },
{ "type": "Feature", "properties": { "id": null }, "geometry": { "type": "MultiPolygon", "coordinates": [ [ [ [ 176.168871112290674, -37.689013633245217 ], [ 176.168877277614058, -37.688995137275086 ], [ 176.168835093822508, -37.688986376026072 ], [ 176.168830550952663, -37.689006818940435 ], [ 176.168871112290674, -37.689013633245217 ] ] ] ] } },
{ "type": "Feature", "properties": { "id": null }, "geometry": { "type": "MultiPolygon", "coordinates": [ [ [ [ 176.168876304141946, -37.688993190330855 ], [ 176.168837689748131, -37.688983780100436 ], [ 176.168842232618005, -37.688966257602416 ], [ 176.168883118446729, -37.688974045379311 ], [ 176.168876304141946, -37.688993190330855 ] ] ] ] } },
{ "type": "Feature", "properties": { "id": null }, "geometry": { "type": "MultiPolygon", "coordinates": [ [ [ [ 176.168882469465302, -37.688970800472276 ], [ 176.16884515303434, -37.688962688204668 ], [ 176.168850344885612, -37.688943867743831 ], [ 176.168886687844463, -37.688951980011431 ], [ 176.168882469465302, -37.688970800472276 ] ] ] ] } },
{ "type": "Feature", "properties": { "id": null }, "geometry": { "type": "MultiPolygon", "coordinates": [ [ [ [ 176.168795181465811, -37.689516593836608 ], [ 176.168748454804415, -37.689541255130123 ], [ 176.168782850819042, -37.6895477449442 ], [ 176.168828279517612, -37.689523083650691 ], [ 176.168795181465811, -37.689516593836608 ] ] ] ] } },
{ "type": "Feature", "properties": { "id": null }, "geometry": { "type": "MultiPolygon", "coordinates": [ [ [ [ 176.168832173406059, -37.689524381613509 ], [ 176.16878349980044, -37.689548393925612 ], [ 176.168817895815096, -37.689554883739696 ], [ 176.168862675532267, -37.689530871427586 ], [ 176.168832173406059, -37.689524381613509 ] ] ] ] } },
{ "type": "Feature", "properties": { "id": null }, "geometry": { "type": "MultiPolygon", "coordinates": [ [ [ [ 176.168866569420715, -37.689532169390404 ], [ 176.168818544796494, -37.689556181702514 ], [ 176.168852291829722, -37.689563320498003 ], [ 176.168898369509719, -37.689537361241669 ], [ 176.168866569420715, -37.689532169390404 ] ] ] ] } },
{ "type": "Feature", "properties": { "id": null }, "geometry": { "type": "MultiPolygon", "coordinates": [ [ [ [ 176.168902912379565, -37.689539957167305 ], [ 176.168855536736771, -37.689564618460821 ], [ 176.168886038862951, -37.689570459293492 ], [ 176.168933414505744, -37.689547095962794 ], [ 176.168902912379565, -37.689539957167305 ] ] ] ] } },
{ "type": "Feature", "properties": { "id": null }, "geometry": { "type": "MultiPolygon", "coordinates": [ [ [ [ 176.16893730839422, -37.689550340869836 ], [ 176.168889932751398, -37.689571108274897 ], [ 176.16892238182183, -37.689577598088981 ], [ 176.168965214594749, -37.689554883739696 ], [ 176.16893730839422, -37.689550340869836 ] ] ] ] } },
{ "type": "Feature", "properties": { "id": null }, "geometry": { "type": "MultiPolygon", "coordinates": [ [ [ [ 176.168928871635899, -37.689578896051799 ], [ 176.168971704408847, -37.689556181702514 ], [ 176.168999610609404, -37.689562022535185 ], [ 176.168956128855058, -37.689585385865882 ], [ 176.168928871635899, -37.689578896051799 ] ] ] ] } },
{ "type": "Feature", "properties": { "id": null }, "geometry": { "type": "MultiPolygon", "coordinates": [ [ [ [ 176.168962618669127, -37.689587981791519 ], [ 176.169005451442075, -37.689563969479408 ], [ 176.169034655605458, -37.689570459293492 ], [ 176.168991173851083, -37.689593173642784 ], [ 176.168962618669127, -37.689587981791519 ] ] ] ] } },
{ "type": "Feature", "properties": { "id": null }, "geometry": { "type": "MultiPolygon", "coordinates": [ [ [ [ 176.168998961627977, -37.689595120587008 ], [ 176.169043741345149, -37.68957175725631 ], [ 176.169072296527133, -37.689577598088981 ], [ 176.16902816579136, -37.689600312438273 ], [ 176.168998961627977, -37.689595120587008 ] ] ] ] } },
{ "type": "Feature", "properties": { "id": null }, "geometry": { "type": "MultiPolygon", "coordinates": [ [ [ [ 176.169228052065108, -37.689625622713194 ], [ 176.169220264288214, -37.689646390118256 ], [ 176.169289705298894, -37.689660667709241 ], [ 176.169294897150166, -37.689643794192627 ], [ 176.169228052065108, -37.689625622713194 ] ] ] ] } },
{ "type": "Feature", "properties": { "id": null }, "geometry": { "type": "MultiPolygon", "coordinates": [ [ [ [ 176.169298142057215, -37.689646390118256 ], [ 176.169292301224544, -37.689661965672059 ], [ 176.169365636123672, -37.689677541225855 ], [ 176.169368881030692, -37.689662614653464 ], [ 176.169298142057215, -37.689646390118256 ] ] ] ] } },
{ "type": "Feature", "properties": { "id": null }, "geometry": { "type": "MultiPolygon", "coordinates": [ [ [ [ 176.169374721863392, -37.689662614653464 ], [ 176.169368881030692, -37.689677541225855 ], [ 176.169441566948421, -37.689693116779651 ], [ 176.16944481185547, -37.689679488170079 ], [ 176.169374721863392, -37.689662614653464 ] ] ] ] } },
{ "type": "Feature", "properties": { "id": null }, "geometry": { "type": "MultiPolygon", "coordinates": [ [ [ [ 176.169516199810403, -37.689694090251763 ], [ 176.169511332449844, -37.689707718861335 ], [ 176.169562926471798, -37.68972004950809 ], [ 176.169568442813755, -37.689703824972881 ], [ 176.169516199810403, -37.689694090251763 ] ] ] ] } },
{ "type": "Feature", "properties": { "id": null }, "geometry": { "type": "MultiPolygon", "coordinates": [ [ [ [ 176.169572336702203, -37.689706745389223 ], [ 176.169566495869532, -37.689721022980201 ], [ 176.169627175631206, -37.689733029136256 ], [ 176.16963334095459, -37.689719400526684 ], [ 176.169572336702203, -37.689706745389223 ] ] ] ] } },
{ "type": "Feature", "properties": { "id": null }, "geometry": { "type": "MultiPolygon", "coordinates": [ [ [ [ 176.16959245512578, -37.689847249864108 ], [ 176.169608030679569, -37.689837190652284 ], [ 176.16956682036016, -37.689805066072573 ], [ 176.169554489713391, -37.689820641626376 ], [ 176.16959245512578, -37.689847249864108 ] ] ] ] } },
{ "type": "Feature", "properties": { "id": null }, "geometry": { "type": "MultiPolygon", "coordinates": [ [ [ [ 176.169564224434509, -37.689804417091167 ], [ 176.169552218278454, -37.689818694682145 ], [ 176.169514252866094, -37.68979825176779 ], [ 176.169525934531435, -37.689783974176805 ], [ 176.169564224434509, -37.689804417091167 ] ] ] ] } },
{ "type": "Feature", "properties": { "id": null }, "geometry": { "type": "MultiPolygon", "coordinates": [ [ [ [ 176.168523258255675, -37.689371546491863 ], [ 176.168541429735086, -37.689374791398905 ], [ 176.16855668079819, -37.689326442283992 ], [ 176.168536562374527, -37.689321574923426 ], [ 176.168523258255675, -37.689371546491863 ] ] ] ] } },
{ "type": "Feature", "properties": { "id": null }, "geometry": { "type": "MultiPolygon", "coordinates": [ [ [ [ 176.168538509318751, -37.689318005525685 ], [ 176.168559925705239, -37.689321899414132 ], [ 176.168573229824091, -37.68928166256682 ], [ 176.168549217512009, -37.689275497243443 ], [ 176.168538509318751, -37.689318005525685 ] ] ] ] } },
{ "type": "Feature", "properties": { "id": null }, "geometry": { "type": "MultiPolygon", "coordinates": [ [ [ [ 176.168553111400456, -37.689272252336401 ], [ 176.16856998491707, -37.689275497243443 ], [ 176.168585884961573, -37.689230393035565 ], [ 176.168566091028623, -37.689228121600635 ], [ 176.168553111400456, -37.689272252336401 ] ] ] ] } },
{ "type": "Feature", "properties": { "id": null }, "geometry": { "type": "MultiPolygon", "coordinates": [ [ [ [ 176.168688099533369, -37.689208976649091 ], [ 176.168675444395916, -37.689249213496403 ], [ 176.168694264856754, -37.689253107384857 ], [ 176.168706271012809, -37.689212870537546 ], [ 176.168688099533369, -37.689208976649091 ] ] ] ] } },
{ "type": "Feature", "properties": { "id": null }, "geometry": { "type": "MultiPolygon", "coordinates": [ [ [ [ 176.168703350596473, -37.689156733645724 ], [ 176.168688099533369, -37.689207354195567 ], [ 176.168706919994207, -37.689210923593315 ], [ 176.168720873094486, -37.689159329571361 ], [ 176.168703350596473, -37.689156733645724 ] ] ] ] } },
{ "type": "Feature", "properties": { "id": null }, "geometry": { "type": "MultiPolygon", "coordinates": [ [ [ [ 176.16870302610576, -37.689153488738683 ], [ 176.168720548603801, -37.689158031608542 ], [ 176.168736448648303, -37.689105464114469 ], [ 176.168718601659577, -37.689103517170246 ], [ 176.16870302610576, -37.689153488738683 ] ] ] ] } },
{ "type": "Feature", "properties": { "id": null }, "geometry": { "type": "MultiPolygon", "coordinates": [ [ [ [ 176.168719899622403, -37.689099947772505 ], [ 176.168736773139017, -37.689103841660959 ], [ 176.168752673183519, -37.689049651713368 ], [ 176.168731905778458, -37.68904608231562 ], [ 176.168719899622403, -37.689099947772505 ] ] ] ] } },
{ "type": "Feature", "properties": { "id": null }, "geometry": { "type": "MultiPolygon", "coordinates": [ [ [ [ 176.168734177213423, -37.689044135371397 ], [ 176.168752024202149, -37.689049002731956 ], [ 176.168766626283826, -37.688999031163519 ], [ 176.1687487792951, -37.688995786256477 ], [ 176.168734177213423, -37.689044135371397 ] ] ] ] } },
{ "type": "Feature", "properties": { "id": null }, "geometry": { "type": "MultiPolygon", "coordinates": [ [ [ [ 176.168749752767241, -37.688993514821561 ], [ 176.168766950774568, -37.688997408710009 ], [ 176.168780903874847, -37.688946139178753 ], [ 176.168763705867519, -37.688943543253124 ], [ 176.168749752767241, -37.688993514821561 ] ] ] ] } },
{ "type": "Feature", "properties": { "id": null }, "geometry": { "type": "MultiPolygon", "coordinates": [ [ [ [ 176.168765003830345, -37.688940298346083 ], [ 176.168782201837644, -37.688943867743824 ], [ 176.168796803919349, -37.688892273721869 ], [ 176.168778956930623, -37.68888967779624 ], [ 176.168765003830345, -37.688940298346083 ] ] ] ] } },
{ "type": "Feature", "properties": { "id": null }, "geometry": { "type": "MultiPolygon", "coordinates": [ [ [ [ 176.168650458611751, -37.688930888115657 ], [ 176.168674795414546, -37.688935430985516 ], [ 176.16869004647765, -37.68887832062159 ], [ 176.168667007637652, -37.688872804279619 ], [ 176.168650458611751, -37.688930888115657 ] ] ] ] } },
{ "type": "Feature", "properties": { "id": null }, "geometry": { "type": "MultiPolygon", "coordinates": [ [ [ [ 176.168668305600477, -37.688869234881871 ], [ 176.168689397496223, -37.688874102242437 ], [ 176.168704324068614, -37.68883094497879 ], [ 176.168679987265818, -37.688827051090335 ], [ 176.168668305600477, -37.688869234881871 ] ] ] ] } },
{ "type": "Feature", "properties": { "id": null }, "geometry": { "type": "MultiPolygon", "coordinates": [ [ [ [ 176.168681285228615, -37.688825104146112 ], [ 176.168704648559327, -37.688829647015972 ], [ 176.168718601659606, -37.688783569335982 ], [ 176.168693615875384, -37.688778701975423 ], [ 176.168681285228615, -37.688825104146112 ] ] ] ] } },
{ "type": "Feature", "properties": { "id": null }, "geometry": { "type": "MultiPolygon", "coordinates": [ [ [ [ 176.168778956930566, -37.688886757379898 ], [ 176.168796479428607, -37.688889677796233 ], [ 176.168819193777892, -37.688814071462176 ], [ 176.168799075354229, -37.688809204101609 ], [ 176.168778956930566, -37.688886757379898 ] ] ] ] } },
{ "type": "Feature", "properties": { "id": null }, "geometry": { "type": "MultiPolygon", "coordinates": [ [ [ [ 176.168802969242677, -37.688805310213162 ], [ 176.168818869287179, -37.688809204101617 ], [ 176.168835742803793, -37.688754365172613 ], [ 176.168818220305752, -37.688751769246984 ], [ 176.168802969242677, -37.688805310213162 ] ] ] ] } },
{ "type": "Feature", "properties": { "id": null }, "geometry": { "type": "MultiPolygon", "coordinates": [ [ [ [ 176.168818869287179, -37.688748848830649 ], [ 176.168836716275905, -37.688751769246984 ], [ 176.168853914283204, -37.688695307864464 ], [ 176.168835093822366, -37.688691738466723 ], [ 176.168818869287179, -37.688748848830649 ] ] ] ] } },
{ "type": "Feature", "properties": { "id": null }, "geometry": { "type": "MultiPolygon", "coordinates": [ [ [ [ 176.168124783670976, -37.689567214386464 ], [ 176.168173781767308, -37.689536712260278 ], [ 176.168208177781935, -37.689542877583655 ], [ 176.168154312325044, -37.689574353181953 ], [ 176.168124783670976, -37.689567214386464 ] ] ] ] } },
{ "type": "Feature", "properties": { "id": null }, "geometry": { "type": "MultiPolygon", "coordinates": [ [ [ [ 176.168159828667029, -37.689575002163366 ], [ 176.168209800235445, -37.689545473509291 ], [ 176.168240626852338, -37.68955034086985 ], [ 176.168188708339699, -37.689581167486743 ], [ 176.168159828667029, -37.689575002163366 ] ] ] ] } },
{ "type": "Feature", "properties": { "id": null }, "geometry": { "type": "MultiPolygon", "coordinates": [ [ [ [ 176.168193251209544, -37.689583114430967 ], [ 176.168243871759387, -37.689552936795486 ], [ 176.168272426941343, -37.689558777628157 ], [ 176.1682218063915, -37.689590577717162 ], [ 176.168193251209544, -37.689583114430967 ] ] ] ] } },
{ "type": "Feature", "properties": { "id": null }, "geometry": { "type": "MultiPolygon", "coordinates": [ [ [ [ 176.168227647224171, -37.689591226698568 ], [ 176.168275671848392, -37.689560400081682 ], [ 176.16830779642811, -37.689566565405059 ], [ 176.168257500368952, -37.689595769568427 ], [ 176.168227647224171, -37.689591226698568 ] ] ] ] } },
{ "type": "Feature", "properties": { "id": null }, "geometry": { "type": "MultiPolygon", "coordinates": [ [ [ [ 176.168262043238855, -37.689598041003357 ], [ 176.168309743372333, -37.689569485821394 ], [ 176.168338947535716, -37.689574028691254 ], [ 176.168288651476587, -37.689601934891812 ], [ 176.168262043238855, -37.689598041003357 ] ] ] ] } },
{ "type": "Feature", "properties": { "id": null }, "geometry": { "type": "MultiPolygon", "coordinates": [ [ [ [ 176.168260745276001, -37.689404320052994 ], [ 176.168226024770661, -37.689438391576928 ], [ 176.16818968181181, -37.689432226253551 ], [ 176.168225700279976, -37.689398154729616 ], [ 176.168260745276001, -37.689404320052994 ] ] ] ] } },
{ "type": "Feature", "properties": { "id": null }, "geometry": { "type": "MultiPolygon", "coordinates": [ [ [ [ 176.168220832919388, -37.689396856766798 ], [ 176.168187410376873, -37.689429630327915 ], [ 176.168160153157743, -37.689424438476649 ], [ 176.168195522644481, -37.689391015934127 ], [ 176.168220832919388, -37.689396856766798 ] ] ] ] } },
{ "type": "Feature", "properties": { "id": null }, "geometry": { "type": "MultiPolygon", "coordinates": [ [ [ [ 176.168188708339699, -37.689390366952715 ], [ 176.168156908250694, -37.689423140513831 ], [ 176.168128677559423, -37.689417624171867 ], [ 176.168163073574078, -37.689383228157226 ], [ 176.168188708339699, -37.689390366952715 ] ] ] ] } },
{ "type": "Feature", "properties": { "id": null }, "geometry": { "type": "MultiPolygon", "coordinates": [ [ [ [ 176.168159179685631, -37.689383228157226 ], [ 176.168124783670976, -37.689415352736937 ], [ 176.16809622848902, -37.689409836394965 ], [ 176.16813094899436, -37.689377062833849 ], [ 176.168159179685631, -37.689383228157226 ] ] ] ] } },
{ "type": "Feature", "properties": { "id": null }, "geometry": { "type": "MultiPolygon", "coordinates": [ [ [ [ 176.168126730615199, -37.689375440380324 ], [ 176.168093308072685, -37.689408213941441 ], [ 176.168064752890729, -37.68940237310877 ], [ 176.168099797886754, -37.689370573019765 ], [ 176.168126730615199, -37.689375440380324 ] ] ] ] } },
{ "type": "Feature", "properties": { "id": null }, "geometry": { "type": "MultiPolygon", "coordinates": [ [ [ [ 176.168095255016908, -37.689368301584835 ], [ 176.16806150798368, -37.689401075145952 ], [ 176.168033277292409, -37.689396207785393 ], [ 176.168067997797749, -37.689363434224276 ], [ 176.168095255016908, -37.689368301584835 ] ] ] ] } },
{ "type": "Feature", "properties": { "id": null }, "geometry": { "type": "MultiPolygon", "coordinates": [ [ [ [ 176.16806313043719, -37.689361487280053 ], [ 176.168030356876073, -37.689393936350463 ], [ 176.168000503731292, -37.689389393480603 ], [ 176.168035873218059, -37.689355321956668 ], [ 176.16806313043719, -37.689361487280053 ] ] ] ] } },
{ "type": "Feature", "properties": { "id": null }, "geometry": { "type": "MultiPolygon", "coordinates": [ [ [ [ 176.16800374863837, -37.689348994387942 ], [ 176.167969028133029, -37.689382092439757 ], [ 176.1679972588243, -37.689388257763135 ], [ 176.168032303820326, -37.689354835220612 ], [ 176.16800374863837, -37.689348994387942 ] ] ] ] } },
{ "type": "Feature", "properties": { "id": null }, "geometry": { "type": "MultiPolygon", "coordinates": [ [ [ [ 176.167965458735296, -37.68938046998624 ], [ 176.167938201516137, -37.689375602625674 ], [ 176.167972273040078, -37.689342180083152 ], [ 176.168000503731321, -37.689347371934417 ], [ 176.167965458735296, -37.68938046998624 ] ] ] ] } },
{ "type": "Feature", "properties": { "id": null }, "geometry": { "type": "MultiPolygon", "coordinates": [ [ [ [ 176.167906401427132, -37.689367490358073 ], [ 176.167934307627689, -37.689374953644268 ], [ 176.167968054660918, -37.689340233138928 ], [ 176.16794177091387, -37.689334716796957 ], [ 176.167906401427132, -37.689367490358073 ] ] ] ] } },
{ "type": "Feature", "properties": { "id": null }, "geometry": { "type": "MultiPolygon", "coordinates": [ [ [ [ 176.168039767106478, -37.689509941777189 ], [ 176.168026138496913, -37.68954660922676 ], [ 176.167979411835518, -37.689535901033523 ], [ 176.168016728266508, -37.689503127472406 ], [ 176.168039767106478, -37.689509941777189 ] ] ] ] } },
{ "type": "Feature", "properties": { "id": null }, "geometry": { "type": "MultiPolygon", "coordinates": [ [ [ [ 176.168009589471012, -37.689502154000294 ], [ 176.167976166928469, -37.689535576542816 ], [ 176.167946962765114, -37.689528113256621 ], [ 176.167985901649615, -37.689495664186211 ], [ 176.168009589471012, -37.689502154000294 ] ] ] ] } },
{ "type": "Feature", "properties": { "id": null }, "geometry": { "type": "MultiPolygon", "coordinates": [ [ [ [ 176.167980060816916, -37.689494690714099 ], [ 176.167943717858066, -37.689527139784509 ], [ 176.167917109620333, -37.689522596914649 ], [ 176.167954426051296, -37.689490147844239 ], [ 176.167980060816916, -37.689494690714099 ] ] ] ] } },
{ "type": "Feature", "properties": { "id": null }, "geometry": { "type": "MultiPolygon", "coordinates": [ [ [ [ 176.167947936237226, -37.689488525390722 ], [ 176.167914189203998, -37.689521947933244 ], [ 176.167888229947664, -37.689515782609867 ], [ 176.167923274943718, -37.689482684558044 ], [ 176.167947936237226, -37.689488525390722 ] ] ] ] } },
{ "type": "Feature", "properties": { "id": null }, "geometry": { "type": "MultiPolygon", "coordinates": [ [ [ [ 176.167918407583159, -37.68948073761382 ], [ 176.16788368707779, -37.689515133628454 ], [ 176.16785805231217, -37.689509292795783 ], [ 176.167893746289622, -37.689475545762555 ], [ 176.167918407583159, -37.68948073761382 ] ] ] ] } },
{ "type": "Feature", "properties": { "id": null }, "geometry": { "type": "MultiPolygon", "coordinates": [ [ [ [ 176.167888229947664, -37.689473923309031 ], [ 176.167853184951611, -37.689507994832965 ], [ 176.167828199167388, -37.689502154000294 ], [ 176.167862595182044, -37.689469704929877 ], [ 176.167888229947664, -37.689473923309031 ] ] ] ] } },
{ "type": "Feature", "properties": { "id": null }, "geometry": { "type": "MultiPolygon", "coordinates": [ [ [ [ 176.167857078840058, -37.689467433494947 ], [ 176.167823007316144, -37.68950053154677 ], [ 176.167796399078384, -37.689494690714099 ], [ 176.167831444074437, -37.689462890625094 ], [ 176.167857078840058, -37.689467433494947 ] ] ] ] } },
{ "type": "Feature", "properties": { "id": null }, "geometry": { "type": "MultiPolygon", "coordinates": [ [ [ [ 176.167775631673322, -37.689299022819519 ], [ 176.16773993769587, -37.689330822908524 ], [ 176.167768168387113, -37.689336988231901 ], [ 176.16780353787388, -37.689303241198672 ], [ 176.167775631673322, -37.689299022819519 ] ] ] ] } },
{ "type": "Feature", "properties": { "id": null }, "geometry": { "type": "MultiPolygon", "coordinates": [ [ [ [ 176.167508900314516, -37.689432712989614 ], [ 176.167535508552248, -37.689439202803698 ], [ 176.167570229057588, -37.689404806789064 ], [ 176.167542647347744, -37.689398965956386 ], [ 176.167508900314516, -37.689432712989614 ] ] ] ] } },
{ "type": "Feature", "properties": { "id": null }, "geometry": { "type": "MultiPolygon", "coordinates": [ [ [ [ 176.167539726931409, -37.689439527294404 ], [ 176.167566659659826, -37.689445368127075 ], [ 176.167600406693083, -37.689411945584553 ], [ 176.167574447436749, -37.689405780261175 ], [ 176.167539726931409, -37.689439527294404 ] ] ] ] } },
{ "type": "Feature", "properties": { "id": null }, "geometry": { "type": "MultiPolygon", "coordinates": [ [ [ [ 176.167570878038987, -37.689446341599194 ], [ 176.167595539332495, -37.689451857941158 ], [ 176.167631557800661, -37.68941811090793 ], [ 176.167605274053642, -37.689412919056664 ], [ 176.167570878038987, -37.689446341599194 ] ] ] ] } },
{ "type": "Feature", "properties": { "id": null }, "geometry": { "type": "MultiPolygon", "coordinates": [ [ [ [ 176.167601055674481, -37.689453155903976 ], [ 176.167627014930815, -37.689458347755242 ], [ 176.167661410945442, -37.689424600722013 ], [ 176.167635127198423, -37.689419408870748 ], [ 176.167601055674481, -37.689453155903976 ] ] ] ] } },
{ "type": "Feature", "properties": { "id": null }, "geometry": { "type": "MultiPolygon", "coordinates": [ [ [ [ 176.167630908819262, -37.68945964571806 ], [ 176.167654921131373, -37.689465811041437 ], [ 176.167692886543733, -37.689431415026803 ], [ 176.167666278306001, -37.68942719664765 ], [ 176.167630908819262, -37.68945964571806 ] ] ] ] } },
{ "type": "Feature", "properties": { "id": null }, "geometry": { "type": "MultiPolygon", "coordinates": [ [ [ [ 176.167423234768592, -37.689414866000888 ], [ 176.16745860425533, -37.689379821004842 ], [ 176.167432644998996, -37.689373980172171 ], [ 176.167397275512258, -37.689409025168217 ], [ 176.167423234768592, -37.689414866000888 ] ] ] ] } },
{ "type": "Feature", "properties": { "id": null }, "geometry": { "type": "MultiPolygon", "coordinates": [ [ [ [ 176.167425830694214, -37.689372682209353 ], [ 176.167394679586636, -37.689406753733287 ], [ 176.16736774685819, -37.689402535354134 ], [ 176.167402142872817, -37.689367814848794 ], [ 176.167425830694214, -37.689372682209353 ] ] ] ] } },
{ "type": "Feature", "properties": { "id": null }, "geometry": { "type": "MultiPolygon", "coordinates": [ [ [ [ 176.167318424271144, -37.689349643369361 ], [ 176.16728662418214, -37.689382741421177 ], [ 176.167260340435121, -37.689377225079213 ], [ 176.167293113996237, -37.689343153555278 ], [ 176.167318424271144, -37.689349643369361 ] ] ] ] } },
{ "type": "Feature", "properties": { "id": null }, "geometry": { "type": "MultiPolygon", "coordinates": [ [ [ [ 176.167514416656445, -37.689239965511369 ], [ 176.167478398188308, -37.689273388053898 ], [ 176.167448545043527, -37.689268520693332 ], [ 176.167486185965203, -37.689235747132216 ], [ 176.167514416656445, -37.689239965511369 ] ] ] ] } },
{ "type": "Feature", "properties": { "id": null }, "geometry": { "type": "MultiPolygon", "coordinates": [ [ [ [ 176.167480020641818, -37.689234124678698 ], [ 176.167445624627192, -37.689265924767703 ], [ 176.167418042917319, -37.689261381897843 ], [ 176.167452114441261, -37.689229906299545 ], [ 176.167480020641818, -37.689234124678698 ] ] ] ] } },
{ "type": "Feature", "properties": { "id": null }, "geometry": { "type": "MultiPolygon", "coordinates": [ [ [ [ 176.167447247080702, -37.689228932827433 ], [ 176.167412851066075, -37.68925943495362 ], [ 176.167386242828314, -37.689254567593053 ], [ 176.167420963333655, -37.68922244301335 ], [ 176.167447247080702, -37.689228932827433 ] ] ] ] } },
{ "type": "Feature", "properties": { "id": null }, "geometry": { "type": "MultiPolygon", "coordinates": [ [ [ [ 176.167419340880144, -37.689219847087713 ], [ 176.167380726486357, -37.689252945139536 ], [ 176.167352171304401, -37.68924807777897 ], [ 176.167390461207475, -37.689214979727154 ], [ 176.167419340880144, -37.689219847087713 ] ] ] ] } },
{ "type": "Feature", "properties": { "id": null }, "geometry": { "type": "MultiPolygon", "coordinates": [ [ [ [ 176.167385269356203, -37.689214006255042 ], [ 176.167349250888066, -37.689245481853341 ], [ 176.167321020196795, -37.689240614492775 ], [ 176.167359310099869, -37.689208489913071 ], [ 176.167385269356203, -37.689214006255042 ] ] ] ] } },
{ "type": "Feature", "properties": { "id": null }, "geometry": { "type": "MultiPolygon", "coordinates": [ [ [ [ 176.167351846813688, -37.689206867459546 ], [ 176.167317126308347, -37.689238667548551 ], [ 176.167291491542727, -37.689233151206587 ], [ 176.167327185520179, -37.689201351117582 ], [ 176.167351846813688, -37.689206867459546 ] ] ] ] } },
{ "type": "Feature", "properties": { "id": null }, "geometry": { "type": "MultiPolygon", "coordinates": [ [ [ [ 176.167321020196795, -37.689199728664057 ], [ 176.16728759765428, -37.68923055528095 ], [ 176.167259691453722, -37.689225687920391 ], [ 176.167295060940461, -37.68919356334068 ], [ 176.167321020196795, -37.689199728664057 ] ] ] ] } },
{ "type": "Feature", "properties": { "id": null }, "geometry": { "type": "MultiPolygon", "coordinates": [ [ [ [ 176.167289869089188, -37.689192589868568 ], [ 176.167255148583848, -37.689224389957573 ], [ 176.167227242383291, -37.689218549124895 ], [ 176.167264234323568, -37.689186424545191 ], [ 176.167289869089188, -37.689192589868568 ] ] ] ] } },
{ "type": "Feature", "properties": { "id": null }, "geometry": { "type": "MultiPolygon", "coordinates": [ [ [ [ 176.167185058591826, -37.689319790224587 ], [ 176.167151636049283, -37.689354835220634 ], [ 176.167125352302264, -37.68934834540655 ], [ 176.167157801372667, -37.689315247354727 ], [ 176.167185058591826, -37.689319790224587 ] ] ] ] } },
{ "type": "Feature", "properties": { "id": null }, "geometry": { "type": "MultiPolygon", "coordinates": [ [ [ [ 176.16715228503071, -37.689313300410504 ], [ 176.167126325774376, -37.68930681059642 ], [ 176.16709517466677, -37.689340882120355 ], [ 176.16712080943239, -37.689347371934439 ], [ 176.16715228503071, -37.689313300410504 ] ] ] ] } },
{ "type": "Feature", "properties": { "id": null }, "geometry": { "type": "MultiPolygon", "coordinates": [ [ [ [ 176.167121133923104, -37.689305512633602 ], [ 176.167089982815497, -37.689339584157537 ], [ 176.16706467254059, -37.689335041287677 ], [ 176.167096797120308, -37.68930096976375 ], [ 176.167121133923104, -37.689305512633602 ] ] ] ] } },
{ "type": "Feature", "properties": { "id": null }, "geometry": { "type": "MultiPolygon", "coordinates": [ [ [ [ 176.167090631796924, -37.68929869832882 ], [ 176.167059480689318, -37.689333743324866 ], [ 176.167033845923697, -37.689328226982894 ], [ 176.167064348049877, -37.68929415545896 ], [ 176.167090631796924, -37.68929869832882 ] ] ] ] } },
{ "type": "Feature", "properties": { "id": null }, "geometry": { "type": "MultiPolygon", "coordinates": [ [ [ [ 176.16706045416143, -37.689292533005442 ], [ 176.167029627544537, -37.689327253510783 ], [ 176.167003343797518, -37.689321737168811 ], [ 176.167034819395809, -37.689288314626289 ], [ 176.16706045416143, -37.689292533005442 ] ] ] ] } },
{ "type": "Feature", "properties": { "id": null }, "geometry": { "type": "MultiPolygon", "coordinates": [ [ [ [ 176.167028654072425, -37.689286692172765 ], [ 176.166998476436959, -37.689320439205993 ], [ 176.166972517180625, -37.689314922864021 ], [ 176.167003668288203, -37.689282149302905 ], [ 176.167028654072425, -37.689286692172765 ] ] ] ] } },
{ "type": "Feature", "properties": { "id": null }, "geometry": { "type": "MultiPolygon", "coordinates": [ [ [ [ 176.166997502964847, -37.689280526849387 ], [ 176.166967000838639, -37.689313949391909 ], [ 176.166942015054417, -37.689308757540644 ], [ 176.166974139634135, -37.689275334998122 ], [ 176.166997502964847, -37.689280526849387 ] ] ] ] } },
{ "type": "Feature", "properties": { "id": null }, "geometry": { "type": "MultiPolygon", "coordinates": [ [ [ [ 176.166967325329352, -37.68927436152601 ], [ 176.166935849731061, -37.689307135087127 ], [ 176.166911188437524, -37.68930096976375 ], [ 176.16694233954513, -37.689269494165444 ], [ 176.166967325329352, -37.68927436152601 ] ] ] ] } },
{ "type": "Feature", "properties": { "id": null }, "geometry": { "type": "MultiPolygon", "coordinates": [ [ [ [ 176.166936174221746, -37.689266898239815 ], [ 176.166905023114168, -37.689299671800931 ], [ 176.166880686311345, -37.689294479949666 ], [ 176.166912161909636, -37.689260408425731 ], [ 176.166936174221746, -37.689266898239815 ] ] ] ] } },
{ "type": "Feature", "properties": { "id": null }, "geometry": { "type": "MultiPolygon", "coordinates": [ [ [ [ 176.166907943530504, -37.689259110462913 ], [ 176.166875818950814, -37.689293181986848 ], [ 176.166850833166592, -37.68928734115417 ], [ 176.166882633255597, -37.68925489208376 ], [ 176.166907943530504, -37.689259110462913 ] ] ] ] } },
{ "type": "Feature", "properties": { "id": null }, "geometry": { "type": "MultiPolygon", "coordinates": [ [ [ [ 176.166876792422926, -37.689254243102354 ], [ 176.166845641315319, -37.689286367682058 ], [ 176.166820331040412, -37.689280526849387 ], [ 176.166852455620102, -37.689247428797565 ], [ 176.166876792422926, -37.689254243102354 ] ] ] ] } },
{ "type": "Feature", "properties": { "id": null }, "geometry": { "type": "MultiPolygon", "coordinates": [ [ [ [ 176.166845965806033, -37.689245157362635 ], [ 176.166813841226315, -37.689279553377276 ], [ 176.166789179932806, -37.689274037035304 ], [ 176.166820980021811, -37.689240614492782 ], [ 176.166845965806033, -37.689245157362635 ] ] ] ] } },
{ "type": "Feature", "properties": { "id": null }, "geometry": { "type": "MultiPolygon", "coordinates": [ [ [ [ 176.16681513918914, -37.689239316529964 ], [ 176.166784312572247, -37.689272414581787 ], [ 176.166758677806627, -37.68926754722122 ], [ 176.166789179932806, -37.689234773660104 ], [ 176.16681513918914, -37.689239316529964 ] ] ] ] } },
{ "type": "Feature", "properties": { "id": null }, "geometry": { "type": "MultiPolygon", "coordinates": [ [ [ [ 176.166783663590849, -37.689233151206587 ], [ 176.166753485955354, -37.689265600276997 ], [ 176.166728500171132, -37.689259759444319 ], [ 176.166759651278738, -37.689226985883202 ], [ 176.166783663590849, -37.689233151206587 ] ] ] ] } },
{ "type": "Feature", "properties": { "id": null }, "geometry": { "type": "MultiPolygon", "coordinates": [ [ [ [ 176.166753810446068, -37.689225687920391 ], [ 176.166722983829175, -37.689259759444319 ], [ 176.166697024572841, -37.689254243102354 ], [ 176.166728500171132, -37.689221145050531 ], [ 176.166753810446068, -37.689225687920391 ] ] ] ] } },
{ "type": "Feature", "properties": { "id": null }, "geometry": { "type": "MultiPolygon", "coordinates": [ [ [ [ 176.166723632810516, -37.689218549124902 ], [ 176.166692481702938, -37.68925326963025 ], [ 176.166665873465206, -37.689248077778977 ], [ 176.166697673554211, -37.68921400625505 ], [ 176.166723632810516, -37.689218549124902 ] ] ] ] } },
{ "type": "Feature", "properties": { "id": null }, "geometry": { "type": "MultiPolygon", "coordinates": [ [ [ [ 176.166693779665763, -37.689212059310819 ], [ 176.166661979576759, -37.689246779816166 ], [ 176.166635695829711, -37.689241263474194 ], [ 176.166668793881541, -37.689207840931665 ], [ 176.166693779665763, -37.689212059310819 ] ] ] ] } },
{ "type": "Feature", "properties": { "id": null }, "geometry": { "type": "MultiPolygon", "coordinates": [ [ [ [ 176.166660681613934, -37.689207516440966 ], [ 176.166631801941264, -37.68923964102067 ], [ 176.166603895740707, -37.689234449169405 ], [ 176.1666347223576, -37.689201351117589 ], [ 176.166660681613934, -37.689207516440966 ] ] ] ] } },
{ "type": "Feature", "properties": { "id": null }, "geometry": { "type": "MultiPolygon", "coordinates": [ [ [ [ 176.166630179487754, -37.689200702136176 ], [ 176.16660000185226, -37.689233800187999 ], [ 176.166573393614527, -37.689228283846028 ], [ 176.166606167175644, -37.689194212322093 ], [ 176.166630179487754, -37.689200702136176 ] ] ] ] } },
{ "type": "Feature", "properties": { "id": null }, "geometry": { "type": "MultiPolygon", "coordinates": [ [ [ [ 176.166599677361546, -37.689194212322093 ], [ 176.166568526253968, -37.68922666139251 ], [ 176.166543215979033, -37.689220820559832 ], [ 176.166574042595926, -37.689189344961534 ], [ 176.166599677361546, -37.689194212322093 ] ] ] ] } },
{ "type": "Feature", "properties": { "id": null }, "geometry": { "type": "MultiPolygon", "coordinates": [ [ [ [ 176.166568850744653, -37.689188046998716 ], [ 176.166538673109187, -37.68921984708772 ], [ 176.16651238936214, -37.689213681764343 ], [ 176.166543215979033, -37.689181232693933 ], [ 176.166568850744653, -37.689188046998716 ] ] ] ] } },
{ "type": "Feature", "properties": { "id": null }, "geometry": { "type": "MultiPolygon", "coordinates": [ [ [ [ 176.166538673109187, -37.689179610240409 ], [ 176.166508495473693, -37.689213032782938 ], [ 176.166482211726645, -37.68920719195026 ], [ 176.16651401181565, -37.689174418389143 ], [ 176.166538673109187, -37.689179610240409 ] ] ] ] } },
{ "type": "Feature", "properties": { "id": null }, "geometry": { "type": "MultiPolygon", "coordinates": [ [ [ [ 176.166508819964406, -37.689172795935626 ], [ 176.1664776688568, -37.689206218478148 ], [ 176.166451385109752, -37.689200702136176 ], [ 176.166482536217359, -37.689167604084354 ], [ 176.166508819964406, -37.689172795935626 ] ] ] ] } },
{ "type": "Feature", "properties": { "id": null }, "geometry": { "type": "MultiPolygon", "coordinates": [ [ [ [ 176.167113346146181, -37.689152353021257 ], [ 176.167075380733792, -37.689185451073079 ], [ 176.167047799023948, -37.68918058371252 ], [ 176.16708608892705, -37.689146836679292 ], [ 176.167113346146181, -37.689152353021257 ] ] ] ] } },
{ "type": "Feature", "properties": { "id": null }, "geometry": { "type": "MultiPolygon", "coordinates": [ [ [ [ 176.167080572585064, -37.68914586320718 ], [ 176.167044554116899, -37.689178312277591 ], [ 176.167017621388482, -37.689173120426325 ], [ 176.167054288838045, -37.689140022374502 ], [ 176.167080572585064, -37.68914586320718 ] ] ] ] } },
{ "type": "Feature", "properties": { "id": null }, "geometry": { "type": "MultiPolygon", "coordinates": [ [ [ [ 176.167048448005374, -37.689139048902391 ], [ 176.167013078518607, -37.689170848991395 ], [ 176.166986470280875, -37.68916565714013 ], [ 176.167022813239726, -37.689133208069713 ], [ 176.167048448005374, -37.689139048902391 ] ] ] ] } },
{ "type": "Feature", "properties": { "id": null }, "geometry": { "type": "MultiPolygon", "coordinates": [ [ [ [ 176.167016972407055, -37.689132234597601 ], [ 176.166981602920316, -37.689164034686605 ], [ 176.166953372229045, -37.68915884283534 ], [ 176.166990688660036, -37.68912639376493 ], [ 176.167016972407055, -37.689132234597601 ] ] ] ] } },
{ "type": "Feature", "properties": { "id": null }, "geometry": { "type": "MultiPolygon", "coordinates": [ [ [ [ 176.166986470280875, -37.689125420292818 ], [ 176.166949802831311, -37.689156895891117 ], [ 176.166922221121467, -37.68915202853055 ], [ 176.166959213061716, -37.689119903950846 ], [ 176.166986470280875, -37.689125420292818 ] ] ] ] } },
{ "type": "Feature", "properties": { "id": null }, "geometry": { "type": "MultiPolygon", "coordinates": [ [ [ [ 176.16695304773836, -37.689118605988028 ], [ 176.166918976214419, -37.689149432604921 ], [ 176.166890745523148, -37.689144565244362 ], [ 176.166928386444823, -37.689113089646057 ], [ 176.16695304773836, -37.689118605988028 ] ] ] ] } },
{ "type": "Feature", "properties": { "id": null }, "geometry": { "type": "MultiPolygon", "coordinates": [ [ [ [ 176.166921896630754, -37.689111791683239 ], [ 176.166885553671875, -37.689143267281544 ], [ 176.166858945434143, -37.689139048902391 ], [ 176.166896261865134, -37.689106599831973 ], [ 176.166921896630754, -37.689111791683239 ] ] ] ] } },
{ "type": "Feature", "properties": { "id": null }, "geometry": { "type": "MultiPolygon", "coordinates": [ [ [ [ 176.166889447560351, -37.689104977378456 ], [ 176.166854402564297, -37.689137101958167 ], [ 176.166826820854453, -37.689131910106894 ], [ 176.166864461776129, -37.689099136545778 ], [ 176.166889447560351, -37.689104977378456 ] ] ] ] } },
{ "type": "Feature", "properties": { "id": null }, "geometry": { "type": "MultiPolygon", "coordinates": [ [ [ [ 176.166858945434143, -37.689097514092261 ], [ 176.166823251456691, -37.68912866519986 ], [ 176.16679599423756, -37.68912412233 ], [ 176.166832986177809, -37.68909167325959 ], [ 176.166858945434143, -37.689097514092261 ] ] ] ] } },
{ "type": "Feature", "properties": { "id": null }, "geometry": { "type": "MultiPolygon", "coordinates": [ [ [ [ 176.16682649636374, -37.689091024278177 ], [ 176.166791451367686, -37.689122175385776 ], [ 176.166764843129954, -37.689116983534511 ], [ 176.166799888126008, -37.689085832426912 ], [ 176.16682649636374, -37.689091024278177 ] ] ] ] } },
{ "type": "Feature", "properties": { "id": null }, "geometry": { "type": "MultiPolygon", "coordinates": [ [ [ [ 176.166795345256133, -37.689083885482688 ], [ 176.16676030026008, -37.689115685571693 ], [ 176.166733043040949, -37.689110493720428 ], [ 176.166768088037003, -37.689078693631423 ], [ 176.166795345256133, -37.689083885482688 ] ] ] ] } },
{ "type": "Feature", "properties": { "id": null }, "geometry": { "type": "MultiPolygon", "coordinates": [ [ [ [ 176.16666944286294, -37.689057277244949 ], [ 176.166634397866915, -37.689089726315359 ], [ 176.166606167175644, -37.689085183445506 ], [ 176.166644132588033, -37.689051760902977 ], [ 176.16666944286294, -37.689057277244949 ] ] ] ] } },
{ "type": "Feature", "properties": { "id": null }, "geometry": { "type": "MultiPolygon", "coordinates": [ [ [ [ 176.166638291755362, -37.689049489468047 ], [ 176.166601948796483, -37.689083236501276 ], [ 176.166574691577352, -37.689078369140717 ], [ 176.166612981480426, -37.689044622107488 ], [ 176.166638291755362, -37.689049489468047 ] ] ] ] } },
{ "type": "Feature", "properties": { "id": null }, "geometry": { "type": "MultiPolygon", "coordinates": [ [ [ [ 176.166606816157042, -37.68904332414467 ], [ 176.166570473198192, -37.689075124233675 ], [ 176.166542242506921, -37.689069932382409 ], [ 176.166578909956513, -37.689037483311999 ], [ 176.166606816157042, -37.68904332414467 ] ] ] ] } },
{ "type": "Feature", "properties": { "id": null }, "geometry": { "type": "MultiPolygon", "coordinates": [ [ [ [ 176.166574367086639, -37.689036509839887 ], [ 176.166538024127789, -37.68906766094748 ], [ 176.166510442417916, -37.68906279358692 ], [ 176.166547434358193, -37.689030344516503 ], [ 176.166574367086639, -37.689036509839887 ] ] ] ] } },
{ "type": "Feature", "properties": { "id": null }, "geometry": { "type": "MultiPolygon", "coordinates": [ [ [ [ 176.166542891488348, -37.689028722062986 ], [ 176.166506224038784, -37.689060197661284 ], [ 176.166478966819625, -37.689055005810019 ], [ 176.166517905704126, -37.689022881230308 ], [ 176.166542891488348, -37.689028722062986 ] ] ] ] } },
{ "type": "Feature", "properties": { "id": null }, "geometry": { "type": "MultiPolygon", "coordinates": [ [ [ [ 176.166511740380741, -37.689022232248902 ], [ 176.166475721912576, -37.689051760902977 ], [ 176.166448140202732, -37.68904786701453 ], [ 176.166486105615121, -37.689017040397637 ], [ 176.166511740380741, -37.689022232248902 ] ] ] ] } },
{ "type": "Feature", "properties": { "id": null }, "geometry": { "type": "MultiPolygon", "coordinates": [ [ [ [ 176.166479940291737, -37.689014119981302 ], [ 176.166443921823571, -37.689045271088894 ], [ 176.166416340113727, -37.689041701691153 ], [ 176.166454954507515, -37.689009252620735 ], [ 176.166479940291737, -37.689014119981302 ] ] ] ] } },
{ "type": "Feature", "properties": { "id": null }, "geometry": { "type": "MultiPolygon", "coordinates": [ [ [ [ 176.166451060619067, -37.689007630167218 ], [ 176.166412121734567, -37.689039105765517 ], [ 176.166383891043324, -37.689034562895657 ], [ 176.166423478909223, -37.689002438315953 ], [ 176.166451060619067, -37.689007630167218 ] ] ] ] } },
{ "type": "Feature", "properties": { "id": null }, "geometry": { "type": "MultiPolygon", "coordinates": [ [ [ [ 176.166418287057951, -37.689001140353135 ], [ 176.166380646136275, -37.689031317988615 ], [ 176.166353388917145, -37.689026775118762 ], [ 176.166391678820219, -37.688995948501869 ], [ 176.166418287057951, -37.689001140353135 ] ] ] ] } },
{ "type": "Feature", "properties": { "id": null }, "geometry": { "type": "MultiPolygon", "coordinates": [ [ [ [ 176.166385513496834, -37.688993677066939 ], [ 176.166349170537984, -37.68902385470242 ], [ 176.166321264337427, -37.689019311832567 ], [ 176.166358580768389, -37.688988809706373 ], [ 176.166385513496834, -37.688993677066939 ] ] ] ] } },
{ "type": "Feature", "properties": { "id": null }, "geometry": { "type": "MultiPolygon", "coordinates": [ [ [ [ 176.166354037898543, -37.68898686276215 ], [ 176.166317045958266, -37.689018013869749 ], [ 176.166290762211247, -37.689012173037071 ], [ 176.166326780679384, -37.688981995401591 ], [ 176.166354037898543, -37.68898686276215 ] ] ] ] } },
{ "type": "Feature", "properties": { "id": null }, "geometry": { "type": "MultiPolygon", "coordinates": [ [ [ [ 176.16632158882814, -37.688980048457367 ], [ 176.166286868322771, -37.689010226092847 ], [ 176.166257664159417, -37.6890063322044 ], [ 176.166296278553205, -37.688975181096801 ], [ 176.16632158882814, -37.688980048457367 ] ] ] ] } },
{ "type": "Feature", "properties": { "id": null }, "geometry": { "type": "MultiPolygon", "coordinates": [ [ [ [ 176.16629011322982, -37.68897388313399 ], [ 176.166253445780256, -37.689003736278764 ], [ 176.166226513051811, -37.688998868918205 ], [ 176.166263180501375, -37.688968042301312 ], [ 176.16629011322982, -37.68897388313399 ] ] ] ] } },
{ "type": "Feature", "properties": { "id": null }, "geometry": { "type": "MultiPolygon", "coordinates": [ [ [ [ 176.166279405036647, -37.689122824367182 ], [ 176.166244684531307, -37.68915429996548 ], [ 176.166220672219197, -37.689150081586327 ], [ 176.16625149883609, -37.68911730802521 ], [ 176.166279405036647, -37.689122824367182 ] ] ] ] } },
{ "type": "Feature", "properties": { "id": null }, "geometry": { "type": "MultiPolygon", "coordinates": [ [ [ [ 176.166246631475531, -37.689115685571686 ], [ 176.166217102821435, -37.689147810151397 ], [ 176.166191468055814, -37.689142618300131 ], [ 176.166220672219197, -37.68911049372042 ], [ 176.166246631475531, -37.689115685571686 ] ] ] ] } },
{ "type": "Feature", "properties": { "id": null }, "geometry": { "type": "MultiPolygon", "coordinates": [ [ [ [ 176.166140198524573, -37.689091673259583 ], [ 176.166110020889079, -37.689127367237035 ], [ 176.166083412651346, -37.689120877422958 ], [ 176.166114888249638, -37.689087454880429 ], [ 176.166140198524573, -37.689091673259583 ] ] ] ] } },
{ "type": "Feature", "properties": { "id": null }, "geometry": { "type": "MultiPolygon", "coordinates": [ [ [ [ 176.166108722926253, -37.689086805899024 ], [ 176.166079518762899, -37.68911957946014 ], [ 176.166053235015852, -37.689113738627462 ], [ 176.166082763669948, -37.689080640575646 ], [ 176.166108722926253, -37.689086805899024 ] ] ] ] } },
{ "type": "Feature", "properties": { "id": null }, "geometry": { "type": "MultiPolygon", "coordinates": [ [ [ [ 176.166221970181965, -37.688996597483282 ], [ 176.166259286612927, -37.688966095357095 ], [ 176.166233327356622, -37.688959605543012 ], [ 176.166194063981408, -37.688992054613422 ], [ 176.166221970181965, -37.688996597483282 ] ] ] ] } },
{ "type": "Feature", "properties": { "id": null }, "geometry": { "type": "MultiPolygon", "coordinates": [ [ [ [ 176.166228135505349, -37.688958956561606 ], [ 176.166189845602247, -37.688989458687793 ], [ 176.166162912873801, -37.688984591327227 ], [ 176.166199904814079, -37.688953115728928 ], [ 176.166228135505349, -37.688958956561606 ] ] ] ] } },
{ "type": "Feature", "properties": { "id": null }, "geometry": { "type": "MultiPolygon", "coordinates": [ [ [ [ 176.166194712962806, -37.688952466747523 ], [ 176.166158045513242, -37.688982644383003 ], [ 176.166130139312685, -37.68897842600385 ], [ 176.166170051669297, -37.688947274896258 ], [ 176.166194712962806, -37.688952466747523 ] ] ] ] } },
{ "type": "Feature", "properties": { "id": null }, "geometry": { "type": "MultiPolygon", "coordinates": [ [ [ [ 176.16616453532734, -37.688945003461328 ], [ 176.166124947461441, -37.68897583007822 ], [ 176.166098663714394, -37.688970638226948 ], [ 176.166137602598894, -37.688939487119356 ], [ 176.16616453532734, -37.688945003461328 ] ] ] ] } },
{ "type": "Feature", "properties": { "id": null }, "geometry": { "type": "MultiPolygon", "coordinates": [ [ [ [ 176.166131761766223, -37.688938189156538 ], [ 176.166094120844548, -37.688968042301319 ], [ 176.166066863625389, -37.688963823922165 ], [ 176.166107100472715, -37.688932348323867 ], [ 176.166131761766223, -37.688938189156538 ] ] ] ] } },
{ "type": "Feature", "properties": { "id": null }, "geometry": { "type": "MultiPolygon", "coordinates": [ [ [ [ 176.166100610658617, -37.688931374851755 ], [ 176.166061671774116, -37.688961552487235 ], [ 176.166035063536384, -37.68895636063597 ], [ 176.166074651402283, -37.688926183000483 ], [ 176.166100610658617, -37.688931374851755 ] ] ] ] } },
{ "type": "Feature", "properties": { "id": null }, "geometry": { "type": "MultiPolygon", "coordinates": [ [ [ [ 176.166069459551011, -37.68892391156556 ], [ 176.166030520666538, -37.688955387163858 ], [ 176.166004236919491, -37.68894954633118 ], [ 176.166042526822594, -37.688918719714295 ], [ 176.166069459551011, -37.68892391156556 ] ] ] ] } },
{ "type": "Feature", "properties": { "id": null }, "geometry": { "type": "MultiPolygon", "coordinates": [ [ [ [ 176.165939014287915, -37.689048191505243 ], [ 176.165907863180308, -37.689081289557066 ], [ 176.165934471418041, -37.68908777937115 ], [ 176.165964973544249, -37.689053707847215 ], [ 176.165939014287915, -37.689048191505243 ] ] ] ] } },
{ "type": "Feature", "properties": { "id": null }, "geometry": { "type": "MultiPolygon", "coordinates": [ [ [ [ 176.165817654764567, -37.689020934286098 ], [ 176.16578488120345, -37.689055654791439 ], [ 176.16575924643783, -37.689050462940173 ], [ 176.165791046526834, -37.689016066925532 ], [ 176.165817654764567, -37.689020934286098 ] ] ] ] } },
{ "type": "Feature", "properties": { "id": null }, "geometry": { "type": "MultiPolygon", "coordinates": [ [ [ [ 176.165785530184877, -37.689015417944127 ], [ 176.165754379077271, -37.689049489468061 ], [ 176.165726797367427, -37.689044622107495 ], [ 176.165760544400655, -37.689010550583561 ], [ 176.165785530184877, -37.689015417944127 ] ] ] ] } },
{ "type": "Feature", "properties": { "id": null }, "geometry": { "type": "MultiPolygon", "coordinates": [ [ [ [ 176.165755352549382, -37.689008279148631 ], [ 176.165722903478979, -37.689043324144677 ], [ 176.165697917694757, -37.689036834330601 ], [ 176.165697917694757, -37.689036185349188 ], [ 176.165728419820937, -37.689002762806666 ], [ 176.165755352549382, -37.689008279148631 ] ] ] ] } },
{ "type": "Feature", "properties": { "id": null }, "geometry": { "type": "MultiPolygon", "coordinates": [ [ [ [ 176.165723876951091, -37.689001464843848 ], [ 176.165692725843485, -37.689035211877076 ], [ 176.165666117605753, -37.689030344516517 ], [ 176.165698566676156, -37.688996272992583 ], [ 176.165723876951091, -37.689001464843848 ] ] ] ] } },
{ "type": "Feature", "properties": { "id": null }, "geometry": { "type": "MultiPolygon", "coordinates": [ [ [ [ 176.165693050334198, -37.688994975029765 ], [ 176.165662548208019, -37.689028397572287 ], [ 176.16563691344237, -37.689022556739616 ], [ 176.165669038022088, -37.688988485215681 ], [ 176.165693050334198, -37.688994975029765 ] ] ] ] } },
{ "type": "Feature", "properties": { "id": null }, "geometry": { "type": "MultiPolygon", "coordinates": [ [ [ [ 176.165662548208019, -37.688986862762164 ], [ 176.165632046081811, -37.689021583267504 ], [ 176.165605762334792, -37.689015742434826 ], [ 176.16563691344237, -37.688982319892304 ], [ 176.165662548208019, -37.688986862762164 ] ] ] ] } },
{ "type": "Feature", "properties": { "id": null }, "geometry": { "type": "MultiPolygon", "coordinates": [ [ [ [ 176.165895208042855, -37.688886270643877 ], [ 176.165849130362886, -37.688916123788658 ], [ 176.165821873143727, -37.688910931937393 ], [ 176.165868275314438, -37.688881078792612 ], [ 176.165895208042855, -37.688886270643877 ] ] ] ] } },
{ "type": "Feature", "properties": { "id": null }, "geometry": { "type": "MultiPolygon", "coordinates": [ [ [ [ 176.165863083463165, -37.688878482866983 ], [ 176.165817654764567, -37.688908660502463 ], [ 176.165791371017548, -37.688904117632603 ], [ 176.165836150734719, -37.688873615506417 ], [ 176.165863083463165, -37.688878482866983 ] ] ] ] } },
{ "type": "Feature", "properties": { "id": null }, "geometry": { "type": "MultiPolygon", "coordinates": [ [ [ [ 176.165831932355559, -37.688872317543598 ], [ 176.165785530184877, -37.688902819669792 ], [ 176.165758272965718, -37.688897952309226 ], [ 176.165806946571337, -37.688866152220221 ], [ 176.165831932355559, -37.688872317543598 ] ] ] ] } },
{ "type": "Feature", "properties": { "id": null }, "geometry": { "type": "MultiPolygon", "coordinates": [ [ [ [ 176.165800132266554, -37.688865503238816 ], [ 176.165753405605159, -37.688896005365002 ], [ 176.165726148386028, -37.688890164532332 ], [ 176.165773848519535, -37.68886031138755 ], [ 176.165800132266554, -37.688865503238816 ] ] ] ] } },
{ "type": "Feature", "properties": { "id": null }, "geometry": { "type": "MultiPolygon", "coordinates": [ [ [ [ 176.165768656668263, -37.688858364443327 ], [ 176.165721930006868, -37.688887893097402 ], [ 176.165693050334198, -37.688883025736835 ], [ 176.165742372921216, -37.688852848101355 ], [ 176.165768656668263, -37.688858364443327 ] ] ] ] } },
{ "type": "Feature", "properties": { "id": null }, "geometry": { "type": "MultiPolygon", "coordinates": [ [ [ [ 176.165735234125719, -37.688851225647831 ], [ 176.165690778899261, -37.6888801053205 ], [ 176.165665144133641, -37.68887556245064 ], [ 176.165708950378701, -37.688846033796565 ], [ 176.165735234125719, -37.688851225647831 ] ] ] ] } },
{ "type": "Feature", "properties": { "id": null }, "geometry": { "type": "MultiPolygon", "coordinates": [ [ [ [ 176.165703758527428, -37.688844411343048 ], [ 176.165658978810256, -37.688873615506417 ], [ 176.165631721591126, -37.688869072636557 ], [ 176.165677474780409, -37.688839219491783 ], [ 176.165703758527428, -37.688844411343048 ] ] ] ] } },
{ "type": "Feature", "properties": { "id": null }, "geometry": { "type": "MultiPolygon", "coordinates": [ [ [ [ 176.165672607419822, -37.688837272547552 ], [ 176.165627827702679, -37.688867125692333 ], [ 176.165598299048582, -37.68886290731318 ], [ 176.165646648163516, -37.688832405186993 ], [ 176.165672607419822, -37.688837272547552 ] ] ] ] } },
{ "type": "Feature", "properties": { "id": null }, "geometry": { "type": "MultiPolygon", "coordinates": [ [ [ [ 176.165641456312244, -37.688830782733469 ], [ 176.165593756178737, -37.688861284859655 ], [ 176.165566823450291, -37.688855444026984 ], [ 176.165614199093113, -37.688824617410091 ], [ 176.165641456312244, -37.688830782733469 ] ] ] ] } },
{ "type": "Feature", "properties": { "id": null }, "geometry": { "type": "MultiPolygon", "coordinates": [ [ [ [ 176.165608358260414, -37.688823319447273 ], [ 176.165564227524669, -37.688853172592054 ], [ 176.16553697030551, -37.688847007268677 ], [ 176.16558337247622, -37.68881910106812 ], [ 176.165608358260414, -37.688823319447273 ] ] ] ] } },
{ "type": "Feature", "properties": { "id": null }, "geometry": { "type": "MultiPolygon", "coordinates": [ [ [ [ 176.165524639658798, -37.68895798308948 ], [ 176.165496733458241, -37.688992379104121 ], [ 176.165470774201907, -37.688987187252856 ], [ 176.16549997836529, -37.688951817766103 ], [ 176.165524639658798, -37.68895798308948 ] ] ] ] } },
{ "type": "Feature", "properties": { "id": null }, "geometry": { "type": "MultiPolygon", "coordinates": [ [ [ [ 176.165494786514017, -37.688950519803292 ], [ 176.165465906841348, -37.688985564799331 ], [ 176.165439623094301, -37.688980372948066 ], [ 176.165472072164732, -37.688944678970614 ], [ 176.165494786514017, -37.688950519803292 ] ] ] ] } },
{ "type": "Feature", "properties": { "id": null }, "geometry": { "type": "MultiPolygon", "coordinates": [ [ [ [ 176.165465257859921, -37.688943381007796 ], [ 176.165435404715168, -37.688979399475954 ], [ 176.165413663837967, -37.688975505587507 ], [ 176.165444165964175, -37.688935268740195 ], [ 176.165465257859921, -37.688943381007796 ] ] ] ] } },
{ "type": "Feature", "properties": { "id": null }, "geometry": { "type": "MultiPolygon", "coordinates": [ [ [ [ 176.168307147446541, -37.681646234053382 ], [ 176.168305849483716, -37.681663107569996 ], [ 176.168372694568774, -37.681657266737318 ], [ 176.168371396605949, -37.681642340164927 ], [ 176.168307147446541, -37.681646234053382 ] ] ] ] } },
{ "type": "Feature", "properties": { "id": null }, "geometry": { "type": "MultiPolygon", "coordinates": [ [ [ [ 176.168494054092065, -37.681637148313662 ], [ 176.168497298999114, -37.681654021830276 ], [ 176.168563495102774, -37.681646883034787 ], [ 176.16856154815855, -37.681631307480984 ], [ 176.168494054092065, -37.681637148313662 ] ] ] ] } },
{ "type": "Feature", "properties": { "id": null }, "geometry": { "type": "MultiPolygon", "coordinates": [ [ [ [ 176.168456413170333, -37.680850582846858 ], [ 176.168406441601888, -37.680894713582617 ], [ 176.168374641512884, -37.680896011545435 ], [ 176.168420070211454, -37.680849933865446 ], [ 176.168456413170333, -37.680850582846858 ] ] ] ] } },
{ "type": "Feature", "properties": { "id": null }, "geometry": { "type": "MultiPolygon", "coordinates": [ [ [ [ 176.168414878360181, -37.68084928488404 ], [ 176.168371396605835, -37.680893415619799 ], [ 176.168337649572607, -37.680897309508254 ], [ 176.168383727252603, -37.680851880809676 ], [ 176.168414878360181, -37.68084928488404 ] ] ] ] } },
{ "type": "Feature", "properties": { "id": null }, "geometry": { "type": "MultiPolygon", "coordinates": [ [ [ [ 176.168377237438506, -37.680853178772487 ], [ 176.168333106702761, -37.680896011545435 ], [ 176.168300008650931, -37.680898607471065 ], [ 176.168346735312326, -37.680855774698124 ], [ 176.168377237438506, -37.680853178772487 ] ] ] ] } },
{ "type": "Feature", "properties": { "id": null }, "geometry": { "type": "MultiPolygon", "coordinates": [ [ [ [ 176.168337649572607, -37.680855125716718 ], [ 176.16829416781826, -37.680897309508254 ], [ 176.168261718747857, -37.680899905433883 ], [ 176.168305849483602, -37.680857721642347 ], [ 176.168337649572607, -37.680855125716718 ] ] ] ] } },
{ "type": "Feature", "properties": { "id": null }, "geometry": { "type": "MultiPolygon", "coordinates": [ [ [ [ 176.168300008650931, -37.680857721642347 ], [ 176.168255228933759, -37.680899256452477 ], [ 176.168222779863356, -37.680903799322337 ], [ 176.168266910599101, -37.680859019605165 ], [ 176.168300008650931, -37.680857721642347 ] ] ] ] } },
{ "type": "Feature", "properties": { "id": null }, "geometry": { "type": "MultiPolygon", "coordinates": [ [ [ [ 176.168259122822207, -37.680859668586571 ], [ 176.16821564106786, -37.680903150340924 ], [ 176.168181894034632, -37.680906395247966 ], [ 176.168229918658852, -37.680860317567983 ], [ 176.168259122822207, -37.680859668586571 ] ] ] ] } },
{ "type": "Feature", "properties": { "id": null }, "geometry": { "type": "MultiPolygon", "coordinates": [ [ [ [ 176.168224077826153, -37.680859019605165 ], [ 176.168178000146185, -37.680905097285148 ], [ 176.168144902094355, -37.68090834219219 ], [ 176.168192277737148, -37.680862264512207 ], [ 176.168224077826153, -37.680859019605165 ] ] ] ] } },
{ "type": "Feature", "properties": { "id": null }, "geometry": { "type": "MultiPolygon", "coordinates": [ [ [ [ 176.168359714940493, -37.680931056541482 ], [ 176.168361661884717, -37.680951823946543 ], [ 176.168297412725309, -37.680956366816403 ], [ 176.168295465781085, -37.680936248392747 ], [ 176.168359714940493, -37.680931056541482 ] ] ] ] } },
{ "type": "Feature", "properties": { "id": null }, "geometry": { "type": "MultiPolygon", "coordinates": [ [ [ [ 176.168291571892638, -37.680937546355565 ], [ 176.16829416781826, -37.680955717834998 ], [ 176.168232514584474, -37.680958962742039 ], [ 176.168230567640251, -37.680938844318383 ], [ 176.168291571892638, -37.680937546355565 ] ] ] ] } },
{ "type": "Feature", "properties": { "id": null }, "geometry": { "type": "MultiPolygon", "coordinates": [ [ [ [ 176.168226024770377, -37.680941440244013 ], [ 176.168227971714629, -37.680958313760627 ], [ 176.168168265425066, -37.680962207649074 ], [ 176.168165669499416, -37.680943387188236 ], [ 176.168226024770377, -37.680941440244013 ] ] ] ] } },
{ "type": "Feature", "properties": { "id": null }, "geometry": { "type": "MultiPolygon", "coordinates": [ [ [ [ 176.168186436904506, -37.680860966549382 ], [ 176.168139061261684, -37.680906395247959 ], [ 176.168105963209882, -37.680910289136413 ], [ 176.168152689871278, -37.680865509419242 ], [ 176.168186436904506, -37.680860966549382 ] ] ] ] } },
{ "type": "Feature", "properties": { "id": null }, "geometry": { "type": "MultiPolygon", "coordinates": [ [ [ [ 176.168145551075781, -37.680865509419242 ], [ 176.16810077135861, -37.680909640155001 ], [ 176.168067024325381, -37.680912885062043 ], [ 176.168112453023952, -37.680867456363465 ], [ 176.168145551075781, -37.680865509419242 ] ] ] ] } },
{ "type": "Feature", "properties": { "id": null }, "geometry": { "type": "MultiPolygon", "coordinates": [ [ [ [ 176.168107910154106, -37.680868105344871 ], [ 176.168061183492711, -37.680911587099224 ], [ 176.168030032385104, -37.680914183024861 ], [ 176.168075461083674, -37.680871350251913 ], [ 176.168107910154106, -37.680868105344871 ] ] ] ] } },
{ "type": "Feature", "properties": { "id": null }, "geometry": { "type": "MultiPolygon", "coordinates": [ [ [ [ 176.168068322288178, -37.680870701270507 ], [ 176.168024840533832, -37.680912885062043 ], [ 176.167990444519205, -37.680916778950497 ], [ 176.168035224236377, -37.680874595158954 ], [ 176.168068322288178, -37.680870701270507 ] ] ] ] } },
{ "type": "Feature", "properties": { "id": null }, "geometry": { "type": "MultiPolygon", "coordinates": [ [ [ [ 176.168028734422279, -37.680873297196143 ], [ 176.167985901649331, -37.680915480987679 ], [ 176.16795280359753, -37.68091872589472 ], [ 176.167998881277498, -37.680874595158954 ], [ 176.168028734422279, -37.680873297196143 ] ] ] ] } },
{ "type": "Feature", "properties": { "id": null }, "geometry": { "type": "MultiPolygon", "coordinates": [ [ [ [ 176.167993040444827, -37.680873946177549 ], [ 176.167947611746257, -37.680917427931902 ], [ 176.167914513694427, -37.680919374876126 ], [ 176.167961889337249, -37.680875893121772 ], [ 176.167993040444827, -37.680873946177549 ] ] ] ] } },
{ "type": "Feature", "properties": { "id": null }, "geometry": { "type": "MultiPolygon", "coordinates": [ [ [ [ 176.16795604850455, -37.680877191084591 ], [ 176.167909321843155, -37.680919374876126 ], [ 176.167875574809926, -37.680922619783168 ], [ 176.167924248415545, -37.68087978701022 ], [ 176.16795604850455, -37.680877191084591 ] ] ] ] } },
{ "type": "Feature", "properties": { "id": null }, "geometry": { "type": "MultiPolygon", "coordinates": [ [ [ [ 176.167916460638651, -37.680881084973038 ], [ 176.167869733977255, -37.68092132182035 ], [ 176.167835337962629, -37.680925215708804 ], [ 176.16788660749387, -37.68087978701022 ], [ 176.167916460638651, -37.680881084973038 ] ] ] ] } },
{ "type": "Feature", "properties": { "id": null }, "geometry": { "type": "MultiPolygon", "coordinates": [ [ [ [ 176.167878819716975, -37.680881084973038 ], [ 176.167830795092755, -37.680924566727391 ], [ 176.167796399078128, -37.680926513671615 ], [ 176.167846370646572, -37.680884978861492 ], [ 176.167878819716975, -37.680881084973038 ] ] ] ] } },
{ "type": "Feature", "properties": { "id": null }, "geometry": { "type": "MultiPolygon", "coordinates": [ [ [ [ 176.1678411787953, -37.68088432988008 ], [ 176.167792505189681, -37.680926513671615 ], [ 176.167762003063501, -37.680925864690209 ], [ 176.167800941948002, -37.680886276824303 ], [ 176.1678411787953, -37.68088432988008 ] ] ] ] } },
{ "type": "Feature", "properties": { "id": null }, "geometry": { "type": "MultiPolygon", "coordinates": [ [ [ [ 176.168101420340008, -37.680947281076683 ], [ 176.168103367284232, -37.680966101537521 ], [ 176.168166318480843, -37.680962207649074 ], [ 176.168163722555192, -37.680943387188229 ], [ 176.168101420340008, -37.680947281076683 ] ] ] ] } },
{ "type": "Feature", "properties": { "id": null }, "geometry": { "type": "MultiPolygon", "coordinates": [ [ [ [ 176.168098175432959, -37.680947930058089 ], [ 176.168099473395785, -37.680964803574703 ], [ 176.168039767106222, -37.680968048481745 ], [ 176.168037820161999, -37.680951174965131 ], [ 176.168098175432959, -37.680947930058089 ] ] ] ] } },
{ "type": "Feature", "properties": { "id": null }, "geometry": { "type": "MultiPolygon", "coordinates": [ [ [ [ 176.168033277292153, -37.680951823946536 ], [ 176.16803457525495, -37.68096869746315 ], [ 176.167974868965388, -37.680972591351605 ], [ 176.167973571002591, -37.680955068853578 ], [ 176.168033277292153, -37.680951823946536 ] ] ] ] } },
{ "type": "Feature", "properties": { "id": null }, "geometry": { "type": "MultiPolygon", "coordinates": [ [ [ [ 176.167969028132717, -37.680955068853578 ], [ 176.167969677114144, -37.680971293388787 ], [ 176.167909970824581, -37.680976485240052 ], [ 176.167908672861756, -37.680958962742032 ], [ 176.167969028132717, -37.680955068853578 ] ] ] ] } },
{ "type": "Feature", "properties": { "id": null }, "geometry": { "type": "MultiPolygon", "coordinates": [ [ [ [ 176.167904778973309, -37.68095831376062 ], [ 176.167906076936134, -37.680974538295828 ], [ 176.167842476758125, -37.680981028109912 ], [ 176.167841827776698, -37.680963505611885 ], [ 176.167904778973309, -37.68095831376062 ] ] ] ] } },
{ "type": "Feature", "properties": { "id": null }, "geometry": { "type": "MultiPolygon", "coordinates": [ [ [ [ 176.167837933888251, -37.68096285663048 ], [ 176.167838582869678, -37.680980379128499 ], [ 176.167775631673067, -37.680985570979772 ], [ 176.167774333710241, -37.680965452556116 ], [ 176.167837933888251, -37.68096285663048 ] ] ] ] } },
{ "type": "Feature", "properties": { "id": null }, "geometry": { "type": "MultiPolygon", "coordinates": [ [ [ [ 176.167667900759199, -37.680971293388794 ], [ 176.167666602796402, -37.680993358756673 ], [ 176.167603002618392, -37.680995305700904 ], [ 176.167602353636966, -37.680976485240059 ], [ 176.167667900759199, -37.680971293388794 ] ] ] ] } },
{ "type": "Feature", "properties": { "id": null }, "geometry": { "type": "MultiPolygon", "coordinates": [ [ [ [ 176.167599108729917, -37.680976485240059 ], [ 176.16760105567414, -37.680994656719491 ], [ 176.167539402440383, -37.680997901626533 ], [ 176.167539402440383, -37.680981028109919 ], [ 176.167599108729917, -37.680976485240059 ] ] ] ] } },
{ "type": "Feature", "properties": { "id": null }, "geometry": { "type": "MultiPolygon", "coordinates": [ [ [ [ 176.16753421058911, -37.68097843218429 ], [ 176.167536806514732, -37.680996603663715 ], [ 176.167473206336723, -37.681000497552169 ], [ 176.167471908373898, -37.680982326072737 ], [ 176.16753421058911, -37.68097843218429 ] ] ] ] } },
{ "type": "Feature", "properties": { "id": null }, "geometry": { "type": "MultiPolygon", "coordinates": [ [ [ [ 176.167469312448276, -37.680981028109919 ], [ 176.167469312448276, -37.681000497552169 ], [ 176.167414149028588, -37.681005689403435 ], [ 176.167414798009986, -37.680984273016961 ], [ 176.167469312448276, -37.680981028109919 ] ] ] ] } },
{ "type": "Feature", "properties": { "id": null }, "geometry": { "type": "MultiPolygon", "coordinates": [ [ [ [ 176.167365475422969, -37.680988166905408 ], [ 176.167367422367192, -37.681005689403435 ], [ 176.167299279319309, -37.681012179217518 ], [ 176.167297981356512, -37.680992709775268 ], [ 176.167365475422969, -37.680988166905408 ] ] ] ] } },
{ "type": "Feature", "properties": { "id": null }, "geometry": { "type": "MultiPolygon", "coordinates": [ [ [ [ 176.167294087468036, -37.680992709775268 ], [ 176.16729603441226, -37.681011530236106 ], [ 176.167229838308629, -37.68101542412456 ], [ 176.167228540345803, -37.680996603663715 ], [ 176.167294087468036, -37.680992709775268 ] ] ] ] } },
{ "type": "Feature", "properties": { "id": null }, "geometry": { "type": "MultiPolygon", "coordinates": [ [ [ [ 176.167114319617951, -37.681003093477791 ], [ 176.167116266562175, -37.681022562920042 ], [ 176.167054613328389, -37.681026456808489 ], [ 176.167054613328389, -37.681004391440609 ], [ 176.167114319617951, -37.681003093477791 ] ] ] ] } },
{ "type": "Feature", "properties": { "id": null }, "geometry": { "type": "MultiPolygon", "coordinates": [ [ [ [ 176.167053315365564, -37.681008285329057 ], [ 176.167053315365564, -37.681025807827083 ], [ 176.166996205001652, -37.681029701715531 ], [ 176.166994907038827, -37.681009583291875 ], [ 176.167053315365564, -37.681008285329057 ] ] ] ] } },
{ "type": "Feature", "properties": { "id": null }, "geometry": { "type": "MultiPolygon", "coordinates": [ [ [ [ 176.166991662131807, -37.681012179217511 ], [ 176.166991662131807, -37.681029701715531 ], [ 176.166938445656314, -37.681033595603985 ], [ 176.166938445656314, -37.681015424124553 ], [ 176.166991662131807, -37.681012179217511 ] ] ] ] } },
{ "type": "Feature", "properties": { "id": null }, "geometry": { "type": "MultiPolygon", "coordinates": [ [ [ [ 176.16859010334025, -37.680788280631667 ], [ 176.168613466670962, -37.680786333687443 ], [ 176.16860827481969, -37.680733766193377 ], [ 176.168587507414628, -37.680733766193377 ], [ 176.16859010334025, -37.680788280631667 ] ] ] ] } },
{ "type": "Feature", "properties": { "id": null }, "geometry": { "type": "MultiPolygon", "coordinates": [ [ [ [ 176.168588805377453, -37.680731819249154 ], [ 176.168606976856893, -37.680731170267741 ], [ 176.168604380931242, -37.680676006848039 ], [ 176.168582964544782, -37.680678602773675 ], [ 176.168588805377453, -37.680731819249154 ] ] ] ] } },
{ "type": "Feature", "properties": { "id": null }, "geometry": { "type": "MultiPolygon", "coordinates": [ [ [ [ 176.168705622030927, -37.680744149895908 ], [ 176.168727038417416, -37.680743500914502 ], [ 176.168720548603318, -37.680691582401842 ], [ 176.168700430179655, -37.680693529346065 ], [ 176.168705622030927, -37.680744149895908 ] ] ] ] } },
{ "type": "Feature", "properties": { "id": null }, "geometry": { "type": "MultiPolygon", "coordinates": [ [ [ [ 176.168583613526181, -37.680676006848039 ], [ 176.168602433987019, -37.680674708885221 ], [ 176.168597891117173, -37.680617598521295 ], [ 176.16857777269351, -37.680620843428336 ], [ 176.168583613526181, -37.680676006848039 ] ] ] ] } },
{ "type": "Feature", "properties": { "id": null }, "geometry": { "type": "MultiPolygon", "coordinates": [ [ [ [ 176.168579070656335, -37.680618896484113 ], [ 176.168598540098571, -37.680617598521295 ], [ 176.168593348247299, -37.680563084083005 ], [ 176.168573229823636, -37.680565031027228 ], [ 176.168579070656335, -37.680618896484113 ] ] ] ] } },
{ "type": "Feature", "properties": { "id": null }, "geometry": { "type": "MultiPolygon", "coordinates": [ [ [ [ 176.168572580842238, -37.680562435101592 ], [ 176.168592050284502, -37.680561137138781 ], [ 176.168589454358852, -37.680507920663302 ], [ 176.168570633898014, -37.680509867607526 ], [ 176.168572580842238, -37.680562435101592 ] ] ] ] } },
{ "type": "Feature", "properties": { "id": null }, "geometry": { "type": "MultiPolygon", "coordinates": [ [ [ [ 176.168694589346984, -37.680616949539889 ], [ 176.168714707770647, -37.680615002595665 ], [ 176.1687108138822, -37.680565680008634 ], [ 176.168691344439964, -37.680569573897088 ], [ 176.168694589346984, -37.680616949539889 ] ] ] ] } },
{ "type": "Feature", "properties": { "id": null }, "geometry": { "type": "MultiPolygon", "coordinates": [ [ [ [ 176.168688099532915, -37.680521549272875 ], [ 176.168691344439964, -37.680569573897088 ], [ 176.168710164900801, -37.68056373306441 ], [ 176.168707568975151, -37.680520900291469 ], [ 176.168688099532915, -37.680521549272875 ] ] ] ] } },
{ "type": "Feature", "properties": { "id": null }, "geometry": { "type": "MultiPolygon", "coordinates": [ [ [ [ 176.168567388991022, -37.680446267429517 ], [ 176.168591401303132, -37.680444320485293 ], [ 176.16858620945186, -37.680389806047003 ], [ 176.168560899176924, -37.680393050954045 ], [ 176.168567388991022, -37.680446267429517 ] ] ] ] } },
{ "type": "Feature", "properties": { "id": null }, "geometry": { "type": "MultiPolygon", "coordinates": [ [ [ [ 176.168559601214127, -37.680391752991227 ], [ 176.168584262507636, -37.68038785910278 ], [ 176.168577772693538, -37.680339185497161 ], [ 176.168553760381428, -37.680342430404195 ], [ 176.168559601214127, -37.680391752991227 ] ] ] ] } },
{ "type": "Feature", "properties": { "id": null }, "geometry": { "type": "MultiPolygon", "coordinates": [ [ [ [ 176.168556356307079, -37.680338536515748 ], [ 176.168574527786518, -37.680337887534343 ], [ 176.168570633898071, -37.680276883281962 ], [ 176.168549866492981, -37.68027818124478 ], [ 176.168556356307079, -37.680338536515748 ] ] ] ] } },
{ "type": "Feature", "properties": { "id": null }, "geometry": { "type": "MultiPolygon", "coordinates": [ [ [ [ 176.168550515474408, -37.680275585319151 ], [ 176.168567388991022, -37.680273638374921 ], [ 176.168563495102575, -37.68022171986226 ], [ 176.168542078716087, -37.680223666806491 ], [ 176.168550515474408, -37.680275585319151 ] ] ] ] } },
{ "type": "Feature", "properties": { "id": null }, "geometry": { "type": "MultiPolygon", "coordinates": [ [ [ [ 176.16867966277465, -37.680416414284743 ], [ 176.168694589347041, -37.680415116321925 ], [ 176.168694589347041, -37.680369038641935 ], [ 176.168673172960553, -37.680373581511795 ], [ 176.16867966277465, -37.680416414284743 ] ] ] ] } },
{ "type": "Feature", "properties": { "id": null }, "geometry": { "type": "MultiPolygon", "coordinates": [ [ [ [ 176.168674470923378, -37.680368389660529 ], [ 176.168694589347041, -37.680367091697711 ], [ 176.168690046477167, -37.680316471147869 ], [ 176.168669279072105, -37.680319067073505 ], [ 176.168674470923378, -37.680368389660529 ] ] ] ] } },
{ "type": "Feature", "properties": { "id": null }, "geometry": { "type": "MultiPolygon", "coordinates": [ [ [ [ 176.168667981109309, -37.680315173185051 ], [ 176.16868874851437, -37.680314524203645 ], [ 176.168685503607321, -37.680273638374921 ], [ 176.168666683146483, -37.680273638374921 ], [ 176.168667981109309, -37.680315173185051 ] ] ] ] } },
{ "type": "Feature", "properties": { "id": null }, "geometry": { "type": "MultiPolygon", "coordinates": [ [ [ [ 176.168654028008973, -37.680172072784536 ], [ 176.168658895369532, -37.680219448427337 ], [ 176.168679987265307, -37.680218474955225 ], [ 176.168675768886146, -37.6801694768589 ], [ 176.168654028008973, -37.680172072784536 ] ] ] ] } },
{ "type": "Feature", "properties": { "id": null }, "geometry": { "type": "MultiPolygon", "coordinates": [ [ [ [ 176.168789016141858, -37.680016641737261 ], [ 176.168804591695647, -37.680052335714713 ], [ 176.168825034609995, -37.680049739789077 ], [ 176.168819193777324, -37.680009827432471 ], [ 176.168789016141858, -37.680016641737261 ] ] ] ] } },
{ "type": "Feature", "properties": { "id": null }, "geometry": { "type": "MultiPolygon", "coordinates": [ [ [ [ 176.168824061137883, -37.680009502941765 ], [ 176.168828928498471, -37.680050064279783 ], [ 176.168853265301266, -37.680047792844853 ], [ 176.168847099977881, -37.680006907016136 ], [ 176.168824061137883, -37.680009502941765 ] ] ] ] } },
{ "type": "Feature", "properties": { "id": null }, "geometry": { "type": "MultiPolygon", "coordinates": [ [ [ [ 176.168853914282664, -37.680008204978954 ], [ 176.168856834699, -37.680047143863447 ], [ 176.168881495992537, -37.680046170391336 ], [ 176.168877602104089, -37.680006582525429 ], [ 176.168853914282664, -37.680008204978954 ] ] ] ] } },
{ "type": "Feature", "properties": { "id": null }, "geometry": { "type": "MultiPolygon", "coordinates": [ [ [ [ 176.168883118446047, -37.680006258034723 ], [ 176.168887012334494, -37.680045845900629 ], [ 176.168908753211667, -37.680044547937811 ], [ 176.168904534832507, -37.680004311090499 ], [ 176.168883118446047, -37.680006258034723 ] ] ] ] } },
{ "type": "Feature", "properties": { "id": null }, "geometry": { "type": "MultiPolygon", "coordinates": [ [ [ [ 176.168911024646604, -37.680004635581206 ], [ 176.16891394506294, -37.680043249975 ], [ 176.168939904319274, -37.680042276502881 ], [ 176.168934063486603, -37.680002364146276 ], [ 176.168911024646604, -37.680004635581206 ] ] ] ] } },
{ "type": "Feature", "properties": { "id": null }, "geometry": { "type": "MultiPolygon", "coordinates": [ [ [ [ 176.169020053523184, -37.679997821276423 ], [ 176.169023947411631, -37.680039680577259 ], [ 176.169047310742343, -37.680037084651623 ], [ 176.169043741344581, -37.679996847804311 ], [ 176.169020053523184, -37.679997821276423 ] ] ] ] } },
{ "type": "Feature", "properties": { "id": null }, "geometry": { "type": "MultiPolygon", "coordinates": [ [ [ [ 176.16904958217728, -37.679995225350787 ], [ 176.1690528270843, -37.680035786688805 ], [ 176.169075865924299, -37.680033515253875 ], [ 176.169071647545138, -37.679994576369381 ], [ 176.16904958217728, -37.679995225350787 ] ] ] ] } },
{ "type": "Feature", "properties": { "id": null }, "geometry": { "type": "MultiPolygon", "coordinates": [ [ [ [ 176.169078137359236, -37.679997172295018 ], [ 176.169080733284858, -37.680034164235288 ], [ 176.169102798652744, -37.680032217291064 ], [ 176.169099229255011, -37.679995549841493 ], [ 176.169078137359236, -37.679997172295018 ] ] ] ] } },
{ "type": "Feature", "properties": { "id": null }, "geometry": { "type": "MultiPolygon", "coordinates": [ [ [ [ 176.168844179561546, -37.679887494437025 ], [ 176.168850993866329, -37.679929353737855 ], [ 176.168882469464648, -37.679928380265743 ], [ 176.168875330669152, -37.679885547492802 ], [ 176.168844179561546, -37.679887494437025 ] ] ] ] } },
{ "type": "Feature", "properties": { "id": null }, "geometry": { "type": "MultiPolygon", "coordinates": [ [ [ [ 176.168879549048313, -37.679887169946319 ], [ 176.168886038862382, -37.679928704756449 ], [ 176.168911998118716, -37.679927406793631 ], [ 176.168905832795332, -37.679885547492802 ], [ 176.168879549048313, -37.679887169946319 ] ] ] ] } },
{ "type": "Feature", "properties": { "id": null }, "geometry": { "type": "MultiPolygon", "coordinates": [ [ [ [ 176.16891232260943, -37.679886520964914 ], [ 176.168916865479275, -37.679925459849407 ], [ 176.168942824735609, -37.679923837395883 ], [ 176.168938930847162, -37.679883925039277 ], [ 176.16891232260943, -37.679886520964914 ] ] ] ] } },
{ "type": "Feature", "properties": { "id": null }, "geometry": { "type": "MultiPolygon", "coordinates": [ [ [ [ 176.168944122698434, -37.679884249529984 ], [ 176.16894866556828, -37.679925135358701 ], [ 176.168975598296726, -37.679922539433072 ], [ 176.168969757464055, -37.679881653604347 ], [ 176.168944122698434, -37.679884249529984 ] ] ] ] } },
{ "type": "Feature", "properties": { "id": null }, "geometry": { "type": "MultiPolygon", "coordinates": [ [ [ [ 176.168974624824614, -37.679882951567166 ], [ 176.168979816675886, -37.679922863923771 ], [ 176.169006424913619, -37.67992156596096 ], [ 176.169001233062346, -37.679880355641529 ], [ 176.168974624824614, -37.679882951567166 ] ] ] ] } },
{ "type": "Feature", "properties": { "id": null }, "geometry": { "type": "MultiPolygon", "coordinates": [ [ [ [ 176.169005126950736, -37.679880355641529 ], [ 176.169009020839212, -37.679921241470254 ], [ 176.169035629076944, -37.679919619016729 ], [ 176.169032059679182, -37.679879057678711 ], [ 176.169005126950736, -37.679880355641529 ] ] ] ] } },
{ "type": "Feature", "properties": { "id": null }, "geometry": { "type": "MultiPolygon", "coordinates": [ [ [ [ 176.169036278058343, -37.679879382169418 ], [ 176.16904017194679, -37.679917996563212 ], [ 176.169067429165949, -37.679916698600394 ], [ 176.169062886296075, -37.6798777597159 ], [ 176.169036278058343, -37.679879382169418 ] ] ] ] } },
{ "type": "Feature", "properties": { "id": null }, "geometry": { "type": "MultiPolygon", "coordinates": [ [ [ [ 176.169066780184522, -37.67987581277167 ], [ 176.169070349582285, -37.679917347581799 ], [ 176.16909306393157, -37.679915400637576 ], [ 176.169089819024521, -37.67987321684604 ], [ 176.169066780184522, -37.67987581277167 ] ] ] ] } },
{ "type": "Feature", "properties": { "id": null }, "geometry": { "type": "MultiPolygon", "coordinates": [ [ [ [ 176.16909306393157, -37.679877110734488 ], [ 176.169096633329303, -37.679915725128282 ], [ 176.169126486474084, -37.67991507614687 ], [ 176.16912129462284, -37.679875163790264 ], [ 176.16909306393157, -37.679877110734488 ] ] ] ] } },
{ "type": "Feature", "properties": { "id": null }, "geometry": { "type": "MultiPolygon", "coordinates": [ [ [ [ 176.169129082399735, -37.679874190318152 ], [ 176.169132327306755, -37.67991475165617 ], [ 176.169157962072404, -37.679912804711947 ], [ 176.169154068183957, -37.679871594392516 ], [ 176.169129082399735, -37.679874190318152 ] ] ] ] } },
{ "type": "Feature", "properties": { "id": null }, "geometry": { "type": "MultiPolygon", "coordinates": [ [ [ [ 176.169160233507313, -37.67987548828097 ], [ 176.169163478414362, -37.679911831239828 ], [ 176.169190086652094, -37.679910533277017 ], [ 176.169185868272962, -37.679873541336747 ], [ 176.169160233507313, -37.67987548828097 ] ] ] ] } },
{ "type": "Feature", "properties": { "id": null }, "geometry": { "type": "MultiPolygon", "coordinates": [ [ [ [ 176.169208907112932, -37.679871269901817 ], [ 176.169212476510694, -37.679910533277017 ], [ 176.169238111276314, -37.679908910823492 ], [ 176.169233892897154, -37.679869322957593 ], [ 176.169208907112932, -37.679871269901817 ] ] ] ] } },
{ "type": "Feature", "properties": { "id": null }, "geometry": { "type": "MultiPolygon", "coordinates": [ [ [ [ 176.170723305229103, -37.680866482891382 ], [ 176.17068339287249, -37.68090250135954 ], [ 176.170703511296153, -37.680915480987707 ], [ 176.170739854255004, -37.680878813538136 ], [ 176.170723305229103, -37.680866482891382 ] ] ] ] } },
{ "type": "Feature", "properties": { "id": null }, "geometry": { "type": "MultiPolygon", "coordinates": [ [ [ [ 176.170748128767912, -37.680841010371111 ], [ 176.170777981912693, -37.680801098014506 ], [ 176.170795828901419, -37.680808885791407 ], [ 176.170763055340302, -37.680851718564348 ], [ 176.170748128767912, -37.680841010371111 ] ] ] ] } },
{ "type": "Feature", "properties": { "id": null }, "geometry": { "type": "MultiPolygon", "coordinates": [ [ [ [ 176.170781551310426, -37.680799151070282 ], [ 176.170803616678313, -37.680752748899593 ], [ 176.170821463667039, -37.680758265241558 ], [ 176.170798424827069, -37.680806289865771 ], [ 176.170781551310426, -37.680799151070282 ] ] ] ] } },
{ "type": "Feature", "properties": { "id": null }, "geometry": { "type": "MultiPolygon", "coordinates": [ [ [ [ 176.170804914641138, -37.680750152973957 ], [ 176.170823086120578, -37.680755993806628 ], [ 176.170839959637192, -37.680706022238198 ], [ 176.170820490194927, -37.680702777331156 ], [ 176.170804914641138, -37.680750152973957 ] ] ] ] } },
{ "type": "Feature", "properties": { "id": null }, "geometry": { "type": "MultiPolygon", "coordinates": [ [ [ [ 176.170829900425389, -37.680579470863584 ], [ 176.170830224916102, -37.680623601599351 ], [ 176.17085066783045, -37.680624250580756 ], [ 176.170850992321164, -37.680579146372885 ], [ 176.170829900425389, -37.680579470863584 ] ] ] ] } },
{ "type": "Feature", "properties": { "id": null }, "geometry": { "type": "MultiPolygon", "coordinates": [ [ [ [ 176.170829900425389, -37.680527552350924 ], [ 176.170829575934704, -37.680577199428662 ], [ 176.170850992321164, -37.680576874937955 ], [ 176.170850343339765, -37.680527552350924 ], [ 176.170829900425389, -37.680527552350924 ] ] ] ] } },
{ "type": "Feature", "properties": { "id": null }, "geometry": { "type": "MultiPolygon", "coordinates": [ [ [ [ 176.170829900425389, -37.680476607310375 ], [ 176.170828926953277, -37.680524956425295 ], [ 176.170850018849052, -37.680524631934588 ], [ 176.170851316811877, -37.680476282819676 ], [ 176.170829900425389, -37.680476607310375 ] ] ] ] } },
{ "type": "Feature", "properties": { "id": null }, "geometry": { "type": "MultiPolygon", "coordinates": [ [ [ [ 176.170830549406816, -37.68047336240334 ], [ 176.170850343339765, -37.68047368689404 ], [ 176.170852290283989, -37.680426635741945 ], [ 176.170830224916102, -37.680422741853491 ], [ 176.170830549406816, -37.68047336240334 ] ] ] ] } },
{ "type": "Feature", "properties": { "id": null }, "geometry": { "type": "MultiPolygon", "coordinates": [ [ [ [ 176.170832171860326, -37.680097277677255 ], [ 176.170831847369612, -37.680150494152727 ], [ 176.170851965793275, -37.680150494152727 ], [ 176.170851316811877, -37.680097602167955 ], [ 176.170832171860326, -37.680097277677255 ] ] ] ] } },
{ "type": "Feature", "properties": { "id": null }, "geometry": { "type": "MultiPolygon", "coordinates": [ [ [ [ 176.170831198388214, -37.680093708279507 ], [ 176.170851641302562, -37.680094357260913 ], [ 176.170851316811877, -37.680044385692483 ], [ 176.170831522878927, -37.68004373671107 ], [ 176.170831198388214, -37.680093708279507 ] ] ] ] } },
{ "type": "Feature", "properties": { "id": null }, "geometry": { "type": "MultiPolygon", "coordinates": [ [ [ [ 176.170832171860326, -37.680041140785441 ], [ 176.170851641302562, -37.680042438748252 ], [ 176.170851965793275, -37.679995063105451 ], [ 176.170830873897501, -37.679995387596158 ], [ 176.170832171860326, -37.680041140785441 ] ] ] ] } },
{ "type": "Feature", "properties": { "id": null }, "geometry": { "type": "MultiPolygon", "coordinates": [ [ [ [ 176.170830711652229, -37.679957259938426 ], [ 176.170831036142914, -37.679994576369403 ], [ 176.170853750492199, -37.679995225350808 ], [ 176.170852777020087, -37.679955637484909 ], [ 176.170830711652229, -37.679957259938426 ] ] ] ] } },
{ "type": "Feature", "properties": { "id": null }, "geometry": { "type": "MultiPolygon", "coordinates": [ [ [ [ 176.170832983087109, -37.679513032164465 ], [ 176.170832983087109, -37.679565599658531 ], [ 176.170853101510772, -37.679564301695713 ], [ 176.170854399473598, -37.679511734201647 ], [ 176.170832983087109, -37.679513032164465 ] ] ] ] } },
{ "type": "Feature", "properties": { "id": null }, "geometry": { "type": "MultiPolygon", "coordinates": [ [ [ [ 176.170832983087109, -37.679508489294605 ], [ 176.170853101510772, -37.679509787257423 ], [ 176.170853750492171, -37.679455921800539 ], [ 176.170833632068536, -37.679454623837721 ], [ 176.170832983087109, -37.679508489294605 ] ] ] ] } },
{ "type": "Feature", "properties": { "id": null }, "geometry": { "type": "MultiPolygon", "coordinates": [ [ [ [ 176.170834281049935, -37.679295623392697 ], [ 176.170833632068536, -37.679339754128456 ], [ 176.170853750492171, -37.679340403109869 ], [ 176.170854399473598, -37.679295623392697 ], [ 176.170834281049935, -37.679295623392697 ] ] ] ] } },
{ "type": "Feature", "properties": { "id": null }, "geometry": { "type": "MultiPolygon", "coordinates": [ [ [ [ 176.167861297218707, -37.680014370302338 ], [ 176.167889527909978, -37.679972835492208 ], [ 176.167855780876749, -37.679972835492208 ], [ 176.167832742036751, -37.680014045811639 ], [ 176.167861297218707, -37.680014370302338 ] ] ] ] } },
{ "type": "Feature", "properties": { "id": null }, "geometry": { "type": "MultiPolygon", "coordinates": [ [ [ [ 176.167853509441812, -37.679974782436439 ], [ 176.16782852365759, -37.680014370302338 ], [ 176.167801915419858, -37.680015668265156 ], [ 176.167829497129702, -37.679975431417844 ], [ 176.167853509441812, -37.679974782436439 ] ] ] ] } },
{ "type": "Feature", "properties": { "id": null }, "geometry": { "type": "MultiPolygon", "coordinates": [ [ [ [ 176.167823656297031, -37.679975755908551 ], [ 176.167797697040697, -37.680014694793044 ], [ 176.167769466349455, -37.680018264190792 ], [ 176.167796399077901, -37.679976404889956 ], [ 176.167823656297031, -37.679975755908551 ] ] ] ] } },
{ "type": "Feature", "properties": { "id": null }, "geometry": { "type": "MultiPolygon", "coordinates": [ [ [ [ 176.167541673875121, -37.679994251878682 ], [ 176.167520257488661, -37.680033190763176 ], [ 176.167491377815992, -37.680033839744581 ], [ 176.167518635035151, -37.679994251878682 ], [ 176.167541673875121, -37.679994251878682 ] ] ] ] } },
{ "type": "Feature", "properties": { "id": null }, "geometry": { "type": "MultiPolygon", "coordinates": [ [ [ [ 176.167511496239655, -37.679995225350794 ], [ 176.167487159436831, -37.680033839744581 ], [ 176.167459902217701, -37.680035786688812 ], [ 176.167483590039097, -37.679996198822906 ], [ 176.167511496239655, -37.679995225350794 ] ] ] ] } },
{ "type": "Feature", "properties": { "id": null }, "geometry": { "type": "MultiPolygon", "coordinates": [ [ [ [ 176.167477749206427, -37.679996847804311 ], [ 176.16745406138503, -37.680035786688812 ], [ 176.167428102128696, -37.680037733633036 ], [ 176.167451789950093, -37.679997496785724 ], [ 176.167477749206427, -37.679996847804311 ] ] ] ] } },
{ "type": "Feature", "properties": { "id": null }, "geometry": { "type": "MultiPolygon", "coordinates": [ [ [ [ 176.167283054783951, -37.680005933544031 ], [ 176.167257744509044, -37.680046819372755 ], [ 176.167228215854948, -37.680049739789091 ], [ 176.167254499601995, -37.680006907016143 ], [ 176.167283054783951, -37.680005933544031 ] ] ] ] } },
{ "type": "Feature", "properties": { "id": null }, "geometry": { "type": "MultiPolygon", "coordinates": [ [ [ [ 176.167247036315786, -37.680007880488255 ], [ 176.167223024003675, -37.680048441826273 ], [ 176.167195766784545, -37.680051037751909 ], [ 176.167221077059452, -37.680010476413891 ], [ 176.167247036315786, -37.680007880488255 ] ] ] ] } },
{ "type": "Feature", "properties": { "id": null }, "geometry": { "type": "MultiPolygon", "coordinates": [ [ [ [ 176.167216209698893, -37.680010151923184 ], [ 176.167190574933272, -37.680051037751909 ], [ 176.167164291186253, -37.680052984696133 ], [ 176.167193170858923, -37.680011125395296 ], [ 176.167216209698893, -37.680010151923184 ] ] ] ] } },
{ "type": "Feature", "properties": { "id": null }, "geometry": { "type": "MultiPolygon", "coordinates": [ [ [ [ 176.167187330026223, -37.680011774376709 ], [ 176.167159748316379, -37.680052011224021 ], [ 176.167132815587934, -37.680053633677538 ], [ 176.167158125862869, -37.680013396830226 ], [ 176.167187330026223, -37.680011774376709 ] ] ] ] } },
{ "type": "Feature", "properties": { "id": null }, "geometry": { "type": "MultiPolygon", "coordinates": [ [ [ [ 176.166906321076425, -37.680067911268523 ], [ 176.166930657879249, -37.68002410502347 ], [ 176.166900804734468, -37.680025078495582 ], [ 176.166879388347979, -37.680068560249936 ], [ 176.166906321076425, -37.680067911268523 ] ] ] ] } },
{ "type": "Feature", "properties": { "id": null }, "geometry": { "type": "MultiPolygon", "coordinates": [ [ [ [ 176.166897235336734, -37.680027025439806 ], [ 176.166874845478134, -37.680068884740642 ], [ 176.166845965805464, -37.680070182703453 ], [ 176.166871925061798, -37.680027674421211 ], [ 176.166897235336734, -37.680027025439806 ] ] ] ] } },
{ "type": "Feature", "properties": { "id": null }, "geometry": { "type": "MultiPolygon", "coordinates": [ [ [ [ 176.166869004645463, -37.680028972384029 ], [ 176.166840124972794, -37.680070507194159 ], [ 176.166813192244348, -37.680072778629089 ], [ 176.166840124972794, -37.680029296874736 ], [ 176.166869004645463, -37.680028972384029 ] ] ] ] } },
{ "type": "Feature", "properties": { "id": null }, "geometry": { "type": "MultiPolygon", "coordinates": [ [ [ [ 176.166808000393075, -37.680072129647677 ], [ 176.166834933121521, -37.680030270346847 ], [ 176.166808000393075, -37.680031892800365 ], [ 176.166780094192518, -37.680074401082607 ], [ 176.166808000393075, -37.680072129647677 ] ] ] ] } },
{ "type": "Feature", "properties": { "id": null }, "geometry": { "type": "MultiPolygon", "coordinates": [ [ [ [ 176.166803133032516, -37.680031568309666 ], [ 176.166776200304071, -37.680073752101201 ], [ 176.16674894308494, -37.680075699045425 ], [ 176.166776200304071, -37.680033190763183 ], [ 176.166803133032516, -37.680031568309666 ] ] ] ] } },
{ "type": "Feature", "properties": { "id": null }, "geometry": { "type": "MultiPolygon", "coordinates": [ [ [ [ 176.166771008452827, -37.680034164235295 ], [ 176.166742453270842, -37.680076672517536 ], [ 176.166715196051712, -37.680077970480355 ], [ 176.166743751233668, -37.680035137707407 ], [ 176.166771008452827, -37.680034164235295 ] ] ] ] } },
{ "type": "Feature", "properties": { "id": null }, "geometry": { "type": "MultiPolygon", "coordinates": [ [ [ [ 176.166739208363822, -37.680035137707407 ], [ 176.166711302163264, -37.680077321498949 ], [ 176.166681773509168, -37.680079268443173 ], [ 176.166711951144663, -37.680036760160931 ], [ 176.166739208363822, -37.680035137707407 ] ] ] ] } },
{ "type": "Feature", "properties": { "id": null }, "geometry": { "type": "MultiPolygon", "coordinates": [ [ [ [ 176.166653542817954, -37.679279398857496 ], [ 176.16668209799991, -37.679316066307059 ], [ 176.166717142995964, -37.679315092834948 ], [ 176.166686316379071, -37.679278100894678 ], [ 176.166653542817954, -37.679279398857496 ] ] ] ] } },
{ "type": "Feature", "properties": { "id": null }, "geometry": { "type": "MultiPolygon", "coordinates": [ [ [ [ 176.16669118373963, -37.679278425385384 ], [ 176.166720712393698, -37.679315092834948 ], [ 176.166748618594255, -37.679312172418612 ], [ 176.166720712393698, -37.679277127422566 ], [ 176.16669118373963, -37.679278425385384 ] ] ] ] } },
{ "type": "Feature", "properties": { "id": null }, "geometry": { "type": "MultiPolygon", "coordinates": [ [ [ [ 176.166724930772858, -37.679276478441153 ], [ 176.166752836973416, -37.6793111989465 ], [ 176.166783663590309, -37.679310225474389 ], [ 176.166753810445528, -37.679275504969041 ], [ 176.166724930772858, -37.679276478441153 ] ] ] ] } },
{ "type": "Feature", "properties": { "id": null }, "geometry": { "type": "MultiPolygon", "coordinates": [ [ [ [ 176.166759651278198, -37.679274855987636 ], [ 176.166786908497357, -37.679309576492976 ], [ 176.166815463679313, -37.679307954039459 ], [ 176.166788530950868, -37.679272584552706 ], [ 176.166759651278198, -37.679274855987636 ] ] ] ] } },
{ "type": "Feature", "properties": { "id": null }, "geometry": { "type": "MultiPolygon", "coordinates": [ [ [ [ 176.166605518193734, -37.679236566084548 ], [ 176.166615577405565, -37.679216123170185 ], [ 176.166666846936835, -37.679214500716668 ], [ 176.166665873464723, -37.6792326721961 ], [ 176.166605518193734, -37.679236566084548 ] ] ] ] } },
{ "type": "Feature", "properties": { "id": null }, "geometry": { "type": "MultiPolygon", "coordinates": [ [ [ [ 176.167080897075209, -37.679210282337515 ], [ 176.167106856331543, -37.679166800583161 ], [ 176.167137033967009, -37.679166151601756 ], [ 176.167110425729277, -37.679207686411885 ], [ 176.167080897075209, -37.679210282337515 ] ] ] ] } },
{ "type": "Feature", "properties": { "id": null }, "geometry": { "type": "MultiPolygon", "coordinates": [ [ [ [ 176.167139305401946, -37.679170045490203 ], [ 176.167114644108437, -37.679208010902585 ], [ 176.167142874799708, -37.679206063958361 ], [ 176.167169158546727, -37.679167774055273 ], [ 176.167139305401946, -37.679170045490203 ] ] ] ] } },
{ "type": "Feature", "properties": { "id": null }, "geometry": { "type": "MultiPolygon", "coordinates": [ [ [ [ 176.167150013595176, -37.679204441504844 ], [ 176.167173052435174, -37.679168423036685 ], [ 176.167199660672907, -37.679166476092462 ], [ 176.167175648360825, -37.679204441504844 ], [ 176.167150013595176, -37.679204441504844 ] ] ] ] } },
{ "type": "Feature", "properties": { "id": null }, "geometry": { "type": "MultiPolygon", "coordinates": [ [ [ [ 176.167173052435174, -37.679250194694127 ], [ 176.167201932107844, -37.679286213162285 ], [ 176.167234381178275, -37.679284915199467 ], [ 176.167202581089271, -37.679249545712715 ], [ 176.167173052435174, -37.679250194694127 ] ] ] ] } },
{ "type": "Feature", "properties": { "id": null }, "geometry": { "type": "MultiPolygon", "coordinates": [ [ [ [ 176.167208746412626, -37.679248896731309 ], [ 176.167237301594611, -37.679284915199467 ], [ 176.16726618126728, -37.679283941727356 ], [ 176.167237950576009, -37.679247598768491 ], [ 176.167208746412626, -37.679248896731309 ] ] ] ] } },
{ "type": "Feature", "properties": { "id": null }, "geometry": { "type": "MultiPolygon", "coordinates": [ [ [ [ 176.167242493445855, -37.679247274277785 ], [ 176.167271048627839, -37.679283617236649 ], [ 176.167295060939921, -37.67928102131102 ], [ 176.167272671081349, -37.679245976314974 ], [ 176.167242493445855, -37.679247274277785 ] ] ] ] } },
{ "type": "Feature", "properties": { "id": null }, "geometry": { "type": "MultiPolygon", "coordinates": [ [ [ [ 176.167382997920754, -37.679191461876677 ], [ 176.167405063288641, -37.679153496464288 ], [ 176.167434267451995, -37.679152847482882 ], [ 176.167412202084108, -37.679190488404558 ], [ 176.167382997920754, -37.679191461876677 ] ] ] ] } },
{ "type": "Feature", "properties": { "id": null }, "geometry": { "type": "MultiPolygon", "coordinates": [ [ [ [ 176.167416420463269, -37.679190163913859 ], [ 176.167439459303267, -37.679152847482882 ], [ 176.167467041013111, -37.679151549520064 ], [ 176.167445624626652, -37.679188541460334 ], [ 176.167416420463269, -37.679190163913859 ] ] ] ] } },
{ "type": "Feature", "properties": { "id": null }, "geometry": { "type": "MultiPolygon", "coordinates": [ [ [ [ 176.167451140968609, -37.679187243497523 ], [ 176.16747190837367, -37.67915187401077 ], [ 176.167500463555655, -37.679149602575841 ], [ 176.167478073697055, -37.679185945534705 ], [ 176.167451140968609, -37.679187243497523 ] ] ] ] } },
{ "type": "Feature", "properties": { "id": null }, "geometry": { "type": "MultiPolygon", "coordinates": [ [ [ [ 176.167484563511152, -37.679186919006817 ], [ 176.167505979897612, -37.679149927066547 ], [ 176.167535184060995, -37.679147006650204 ], [ 176.167513118693108, -37.679184647571887 ], [ 176.167484563511152, -37.679186919006817 ] ] ] ] } },
{ "type": "Feature", "properties": { "id": null }, "geometry": { "type": "MultiPolygon", "coordinates": [ [ [ [ 176.167518310544381, -37.679183674099775 ], [ 176.167538753458729, -37.679147655631617 ], [ 176.167569904566335, -37.679145384196687 ], [ 176.167544918782113, -37.679181727155552 ], [ 176.167518310544381, -37.679183674099775 ] ] ] ] } },
{ "type": "Feature", "properties": { "id": null }, "geometry": { "type": "MultiPolygon", "coordinates": [ [ [ [ 176.16755043512407, -37.679182051646251 ], [ 176.167573798454782, -37.679146033178093 ], [ 176.167600406692515, -37.679144086233869 ], [ 176.167575096417579, -37.679181078174139 ], [ 176.16755043512407, -37.679182051646251 ] ] ] ] } },
{ "type": "Feature", "properties": { "id": null }, "geometry": { "type": "MultiPolygon", "coordinates": [ [ [ [ 176.16757022905702, -37.679228778307646 ], [ 176.167598784239004, -37.679264147794399 ], [ 176.167570878038447, -37.679266419229329 ], [ 176.167540375912239, -37.679231049742576 ], [ 176.16757022905702, -37.679228778307646 ] ] ] ] } },
{ "type": "Feature", "properties": { "id": null }, "geometry": { "type": "MultiPolygon", "coordinates": [ [ [ [ 176.167535833042393, -37.679230076270464 ], [ 176.167567308640685, -37.679266743720028 ], [ 176.167534859570281, -37.679268690664259 ], [ 176.167506953369724, -37.6792326721961 ], [ 176.167535833042393, -37.679230076270464 ] ] ] ] } },
{ "type": "Feature", "properties": { "id": null }, "geometry": { "type": "MultiPolygon", "coordinates": [ [ [ [ 176.167502410499878, -37.6792326721961 ], [ 176.167531614663233, -37.679268041682846 ], [ 176.167502734990563, -37.67926966413637 ], [ 176.167473530827209, -37.679233970158911 ], [ 176.167502410499878, -37.6792326721961 ] ] ] ] } },
{ "type": "Feature", "properties": { "id": null }, "geometry": { "type": "MultiPolygon", "coordinates": [ [ [ [ 176.167467365503825, -37.679234294649618 ], [ 176.167496569667179, -37.67926998862707 ], [ 176.167470610410874, -37.679272260062 ], [ 176.167444002173113, -37.679235592612436 ], [ 176.167467365503825, -37.679234294649618 ] ] ] ] } },
{ "type": "Feature", "properties": { "id": null }, "geometry": { "type": "MultiPolygon", "coordinates": [ [ [ [ 176.167946638273804, -37.679159986278371 ], [ 176.167971624058026, -37.679121047393878 ], [ 176.167942095403959, -37.67912169637529 ], [ 176.167918407582562, -37.679160310769078 ], [ 176.167946638273804, -37.679159986278371 ] ] ] ] } },
{ "type": "Feature", "properties": { "id": null }, "geometry": { "type": "MultiPolygon", "coordinates": [ [ [ [ 176.167937877024798, -37.679122994338101 ], [ 176.167914838184799, -37.679160635259784 ], [ 176.16788595851213, -37.679163555676119 ], [ 176.167909321842842, -37.679125265773031 ], [ 176.167937877024798, -37.679122994338101 ] ] ] ] } },
{ "type": "Feature", "properties": { "id": null }, "geometry": { "type": "MultiPolygon", "coordinates": [ [ [ [ 176.167905427954395, -37.679125914754444 ], [ 176.167881740132998, -37.679163231185413 ], [ 176.167855456385951, -37.679164529148231 ], [ 176.167880442170173, -37.679127212717255 ], [ 176.167905427954395, -37.679125914754444 ] ] ] ] } },
{ "type": "Feature", "properties": { "id": null }, "geometry": { "type": "MultiPolygon", "coordinates": [ [ [ [ 176.167874925828215, -37.679129484152185 ], [ 176.167851886988217, -37.679164529148231 ], [ 176.167822682824834, -37.679166476092455 ], [ 176.167848317590455, -37.679127861698667 ], [ 176.167874925828215, -37.679129484152185 ] ] ] ] } },
{ "type": "Feature", "properties": { "id": null }, "geometry": { "type": "MultiPolygon", "coordinates": [ [ [ [ 176.167968054660292, -37.679206063958361 ], [ 176.167996609842277, -37.67924175793582 ], [ 176.16802743645917, -37.679240135482296 ], [ 176.167997258823675, -37.679205414976956 ], [ 176.167968054660292, -37.679206063958361 ] ] ] ] } },
{ "type": "Feature", "properties": { "id": null }, "geometry": { "type": "MultiPolygon", "coordinates": [ [ [ [ 176.168002126184234, -37.679204117014137 ], [ 176.16802905891268, -37.679239810991589 ], [ 176.168059885529573, -37.679238837519478 ], [ 176.168031330347617, -37.679202819051319 ], [ 176.168002126184234, -37.679204117014137 ] ] ] ] } },
{ "type": "Feature", "properties": { "id": null }, "geometry": { "type": "MultiPolygon", "coordinates": [ [ [ [ 176.168177351164445, -37.679194057802306 ], [ 176.16820915125345, -37.679230725251877 ], [ 176.168238679907518, -37.679229427289059 ], [ 176.168205581855688, -37.679194057802306 ], [ 176.168177351164445, -37.679194057802306 ] ] ] ] } },
{ "type": "Feature", "properties": { "id": null }, "geometry": { "type": "MultiPolygon", "coordinates": [ [ [ [ 176.168210124725562, -37.679193084330194 ], [ 176.168241600323853, -37.679228778307646 ], [ 176.168273075922173, -37.679227480344835 ], [ 176.168239004398231, -37.679190488404565 ], [ 176.168210124725562, -37.679193084330194 ] ] ] ] } },
{ "type": "Feature", "properties": { "id": null }, "geometry": { "type": "MultiPolygon", "coordinates": [ [ [ [ 176.1682454942123, -37.679190163913859 ], [ 176.168277294301305, -37.679227804835534 ], [ 176.168308120918198, -37.679225533400604 ], [ 176.168275022866396, -37.679188541460334 ], [ 176.1682454942123, -37.679190163913859 ] ] ] ] } },
{ "type": "Feature", "properties": { "id": null }, "geometry": { "type": "MultiPolygon", "coordinates": [ [ [ [ 176.168140683714881, -37.679149278085134 ], [ 176.168163398064166, -37.679113259616976 ], [ 176.168191304264724, -37.679111637163459 ], [ 176.168167616443327, -37.679148304613022 ], [ 176.168140683714881, -37.679149278085134 ] ] ] ] } },
{ "type": "Feature", "properties": { "id": null }, "geometry": { "type": "MultiPolygon", "coordinates": [ [ [ [ 176.168171834822459, -37.679147655631617 ], [ 176.168195847134569, -37.679110339200641 ], [ 176.168221806390903, -37.679109041237822 ], [ 176.168200714495129, -37.679145708687393 ], [ 176.168171834822459, -37.679147655631617 ] ] ] ] } },
{ "type": "Feature", "properties": { "id": null }, "geometry": { "type": "MultiPolygon", "coordinates": [ [ [ [ 176.168205906346401, -37.679145059705981 ], [ 176.168226998242176, -37.679109041237822 ], [ 176.168256202405558, -37.679107418784305 ], [ 176.168234137037672, -37.679143437252463 ], [ 176.168205906346401, -37.679145059705981 ] ] ] ] } },
{ "type": "Feature", "properties": { "id": null }, "geometry": { "type": "MultiPolygon", "coordinates": [ [ [ [ 176.168239004398231, -37.679143112761757 ], [ 176.168259771803292, -37.679107743275011 ], [ 176.168289624948073, -37.679105471840082 ], [ 176.168266910598788, -37.679142139289645 ], [ 176.168239004398231, -37.679143112761757 ] ] ] ] } },
{ "type": "Feature", "properties": { "id": null }, "geometry": { "type": "MultiPolygon", "coordinates": [ [ [ [ 176.168272102450061, -37.679141814798946 ], [ 176.168293518836521, -37.679105147349375 ], [ 176.168320127074253, -37.679103200405152 ], [ 176.168296114762143, -37.679140192345422 ], [ 176.168272102450061, -37.679141814798946 ] ] ] ] } },
{ "type": "Feature", "properties": { "id": null }, "geometry": { "type": "MultiPolygon", "coordinates": [ [ [ [ 176.168506060247779, -37.679812537084381 ], [ 176.168530397050574, -37.679810265649451 ], [ 176.168524231727218, -37.679758022646091 ], [ 176.168501517377905, -37.679760943062426 ], [ 176.168506060247779, -37.679812537084381 ] ] ] ] } },
{ "type": "Feature", "properties": { "id": null }, "geometry": { "type": "MultiPolygon", "coordinates": [ [ [ [ 176.168500543905793, -37.679758022646091 ], [ 176.168523582745792, -37.679756724683273 ], [ 176.168519364366659, -37.679705779642724 ], [ 176.168496325526661, -37.679707402096241 ], [ 176.168500543905793, -37.679758022646091 ] ] ] ] } },
{ "type": "Feature", "properties": { "id": null }, "geometry": { "type": "MultiPolygon", "coordinates": [ [ [ [ 176.168496487772018, -37.679704806170598 ], [ 176.168518877630589, -37.679702859226374 ], [ 176.168513685779317, -37.679652238676532 ], [ 176.168491944902144, -37.679654185620755 ], [ 176.168496487772018, -37.679704806170598 ] ] ] ] } },
{ "type": "Feature", "properties": { "id": null }, "geometry": { "type": "MultiPolygon", "coordinates": [ [ [ [ 176.168491295920745, -37.679649967241602 ], [ 176.168512712307205, -37.67964899376949 ], [ 176.168508818418758, -37.679598697710354 ], [ 176.168487077541585, -37.679599671182466 ], [ 176.168491295920745, -37.679649967241602 ] ] ] ] } },
{ "type": "Feature", "properties": { "id": null }, "geometry": { "type": "MultiPolygon", "coordinates": [ [ [ [ 176.168474097913418, -37.679452352402791 ], [ 176.168477018329753, -37.679495509666438 ], [ 176.16849908369764, -37.679493887212921 ], [ 176.168494865318479, -37.679450080967861 ], [ 176.168474097913418, -37.679452352402791 ] ] ] ] } },
{ "type": "Feature", "properties": { "id": null }, "geometry": { "type": "MultiPolygon", "coordinates": [ [ [ [ 176.168593186001829, -37.679485450454614 ], [ 176.168615900351114, -37.679484476982495 ], [ 176.168611681971953, -37.679441319718848 ], [ 176.168589292113381, -37.67944196870026 ], [ 176.168593186001829, -37.679485450454614 ] ] ] ] } },
{ "type": "Feature", "properties": { "id": null }, "geometry": { "type": "MultiPolygon", "coordinates": [ [ [ [ 176.168587669659843, -37.67943969726533 ], [ 176.168610384009156, -37.679439048283918 ], [ 176.168607139102107, -37.679387129771257 ], [ 176.168584100262109, -37.679388752224781 ], [ 176.168587669659843, -37.67943969726533 ] ] ] ] } },
{ "type": "Feature", "properties": { "id": null }, "geometry": { "type": "MultiPolygon", "coordinates": [ [ [ [ 176.168584100262109, -37.679385831808439 ], [ 176.168603894195059, -37.679384209354922 ], [ 176.168601298269436, -37.679342025563386 ], [ 176.168580530864375, -37.679343323526204 ], [ 176.168584100262109, -37.679385831808439 ] ] ] ] } },
{ "type": "Feature", "properties": { "id": null }, "geometry": { "type": "MultiPolygon", "coordinates": [ [ [ [ 176.168851967338298, -37.679149278085134 ], [ 176.168852778565054, -37.679166151601748 ], [ 176.168909888928994, -37.679163717921469 ], [ 176.168906968512658, -37.679145708687386 ], [ 176.168851967338298, -37.679149278085134 ] ] ] ] } },
{ "type": "Feature", "properties": { "id": null }, "geometry": { "type": "MultiPolygon", "coordinates": [ [ [ [ 176.169023136184762, -37.679139867854708 ], [ 176.169024758638301, -37.679156741371322 ], [ 176.168981601374639, -37.679158688315546 ], [ 176.168980952393241, -37.679141165817526 ], [ 176.169023136184762, -37.679139867854708 ] ] ] ] } },
{ "type": "Feature", "properties": { "id": null }, "geometry": { "type": "MultiPolygon", "coordinates": [ [ [ [ 176.169182785611156, -37.679147006650197 ], [ 176.169180514176219, -37.679128186189359 ], [ 176.169236975558732, -37.67912591475443 ], [ 176.169237949030844, -37.679143761743155 ], [ 176.169182785611156, -37.679147006650197 ] ] ] ] } },
{ "type": "Feature", "properties": { "id": null }, "geometry": { "type": "MultiPolygon", "coordinates": [ [ [ [ 176.169275914443205, -37.679142463780344 ], [ 176.169274291989694, -37.67912591475443 ], [ 176.16932101865109, -37.6791236433195 ], [ 176.169322965595313, -37.67914084132682 ], [ 176.169275914443205, -37.679142463780344 ] ] ] ] } },
{ "type": "Feature", "properties": { "id": null }, "geometry": { "type": "MultiPolygon", "coordinates": [ [ [ [ 176.169372937163757, -37.679137271929079 ], [ 176.169370990219534, -37.679120398412458 ], [ 176.169420961787949, -37.679118451468234 ], [ 176.1694235577136, -37.679135000494149 ], [ 176.169372937163757, -37.679137271929079 ] ] ] ] } },
{ "type": "Feature", "properties": { "id": null }, "geometry": { "type": "MultiPolygon", "coordinates": [ [ [ [ 176.169661733890393, -37.679127212717248 ], [ 176.169621172552382, -37.679109365728522 ], [ 176.16961857662676, -37.679077565639517 ], [ 176.169660760418282, -37.67909930651669 ], [ 176.169661733890393, -37.679127212717248 ] ] ] ] } },
{ "type": "Feature", "properties": { "id": null }, "geometry": { "type": "MultiPolygon", "coordinates": [ [ [ [ 176.169654919585668, -37.679076267676699 ], [ 176.169617278663992, -37.679058096197267 ], [ 176.169613060284831, -37.679033759394457 ], [ 176.169652323660046, -37.679050632911071 ], [ 176.169654919585668, -37.679076267676699 ] ] ] ] } },
{ "type": "Feature", "properties": { "id": null }, "geometry": { "type": "MultiPolygon", "coordinates": [ [ [ [ 176.16964940324371, -37.679043494115582 ], [ 176.169613384775545, -37.679030838978122 ], [ 176.169610788849894, -37.67900780013813 ], [ 176.169648754262283, -37.679027269580374 ], [ 176.16964940324371, -37.679043494115582 ] ] ] ] } },
{ "type": "Feature", "properties": { "id": null }, "geometry": { "type": "MultiPolygon", "coordinates": [ [ [ [ 176.169647456299458, -37.679018832822067 ], [ 176.169611437831321, -37.679003581758977 ], [ 176.169610139868496, -37.678983138844615 ], [ 176.169645833845948, -37.678999687870522 ], [ 176.169647456299458, -37.679018832822067 ] ] ] ] } },
{ "type": "Feature", "properties": { "id": null }, "geometry": { "type": "MultiPolygon", "coordinates": [ [ [ [ 176.169610788849894, -37.678979244956167 ], [ 176.169647456299458, -37.67899514500067 ], [ 176.169647131808773, -37.678974053104902 ], [ 176.169607868433559, -37.6789581530604 ], [ 176.169610788849894, -37.678979244956167 ] ] ] ] } },
{ "type": "Feature", "properties": { "id": null }, "geometry": { "type": "MultiPolygon", "coordinates": [ [ [ [ 176.169642913429612, -37.67895133875561 ], [ 176.169645509355263, -37.678970159216448 ], [ 176.169610139868496, -37.67895361019054 ], [ 176.169606570470762, -37.678932193804066 ], [ 176.169642913429612, -37.67895133875561 ] ] ] ] } },
{ "type": "Feature", "properties": { "id": null }, "geometry": { "type": "MultiPolygon", "coordinates": [ [ [ [ 176.169643237920326, -37.678945822413638 ], [ 176.169608192924272, -37.678928624406318 ], [ 176.169603650054427, -37.678908505982662 ], [ 176.169640966485389, -37.678923757045759 ], [ 176.169643237920326, -37.678945822413638 ] ] ] ] } },
{ "type": "Feature", "properties": { "id": null }, "geometry": { "type": "MultiPolygon", "coordinates": [ [ [ [ 176.169639668522592, -37.678918565194493 ], [ 176.16960397454514, -37.678903638622103 ], [ 176.169602676582315, -37.678881573254223 ], [ 176.169637721578368, -37.678898122280131 ], [ 176.169639668522592, -37.678918565194493 ] ] ] ] } },
{ "type": "Feature", "properties": { "id": null }, "geometry": { "type": "MultiPolygon", "coordinates": [ [ [ [ 176.169499488538406, -37.678956855097582 ], [ 176.16951636205502, -37.678956530606875 ], [ 176.169513441638685, -37.678918240703787 ], [ 176.169496568122071, -37.678920187648011 ], [ 176.169499488538406, -37.678956855097582 ] ] ] ] } },
{ "type": "Feature", "properties": { "id": null }, "geometry": { "type": "MultiPolygon", "coordinates": [ [ [ [ 176.169495919140644, -37.678915969268857 ], [ 176.169513117147972, -37.678915644778158 ], [ 176.169510845713035, -37.67887735487507 ], [ 176.16949397219642, -37.678879301819293 ], [ 176.169495919140644, -37.678915969268857 ] ] ] ] } },
{ "type": "Feature", "properties": { "id": null }, "geometry": { "type": "MultiPolygon", "coordinates": [ [ [ [ 176.169489429326575, -37.678837118027758 ], [ 176.16949234974291, -37.678875732421545 ], [ 176.169509872240923, -37.678874758949433 ], [ 176.169507276315301, -37.678836469046345 ], [ 176.169489429326575, -37.678837118027758 ] ] ] ] } },
{ "type": "Feature", "properties": { "id": null }, "geometry": { "type": "MultiPolygon", "coordinates": [ [ [ [ 176.169504680389622, -37.678813430206361 ], [ 176.169487482382294, -37.678814728169172 ], [ 176.16948391298456, -37.678773842340455 ], [ 176.169501435482573, -37.678773517849748 ], [ 176.169504680389622, -37.678813430206361 ] ] ] ] } },
{ "type": "Feature", "properties": { "id": null }, "geometry": { "type": "MultiPolygon", "coordinates": [ [ [ [ 176.169482939512449, -37.678770272942707 ], [ 176.169499488538349, -37.678769623961301 ], [ 176.169496243631301, -37.678719327902158 ], [ 176.169479370114686, -37.67872030137427 ], [ 176.169482939512449, -37.678770272942707 ] ] ] ] } },
{ "type": "Feature", "properties": { "id": null }, "geometry": { "type": "MultiPolygon", "coordinates": [ [ [ [ 176.16947807215189, -37.678716082995116 ], [ 176.169495919140616, -37.678716407485823 ], [ 176.169491376270742, -37.678665462445274 ], [ 176.169474502754127, -37.678666435917386 ], [ 176.16947807215189, -37.678716082995116 ] ] ] ] } },
{ "type": "Feature", "properties": { "id": null }, "geometry": { "type": "MultiPolygon", "coordinates": [ [ [ [ 176.169588723481979, -37.67874658512131 ], [ 176.169593266351853, -37.678768001507777 ], [ 176.169631231764214, -37.678780332154538 ], [ 176.16962766236648, -37.678762485165812 ], [ 176.169588723481979, -37.67874658512131 ] ] ] ] } },
{ "type": "Feature", "properties": { "id": null }, "geometry": { "type": "MultiPolygon", "coordinates": [ [ [ [ 176.169589696954091, -37.678740744288632 ], [ 176.169630907273529, -37.678758591277358 ], [ 176.169628635838592, -37.678738797344408 ], [ 176.169588723481979, -37.67872030137427 ], [ 176.169589696954091, -37.678740744288632 ] ] ] ] } },
{ "type": "Feature", "properties": { "id": null }, "geometry": { "type": "MultiPolygon", "coordinates": [ [ [ [ 176.169588398991294, -37.678715758504417 ], [ 176.169628635838592, -37.678734903455961 ], [ 176.169625066440858, -37.678710242162445 ], [ 176.169585154084245, -37.678695315590055 ], [ 176.169588398991294, -37.678715758504417 ] ] ] ] } },
{ "type": "Feature", "properties": { "id": null }, "geometry": { "type": "MultiPolygon", "coordinates": [ [ [ [ 176.169624579704816, -37.678705699292578 ], [ 176.169623606232705, -37.678684607396811 ], [ 176.169583044894694, -37.67866740938949 ], [ 176.169585640820316, -37.678690448229482 ], [ 176.169624579704816, -37.678705699292578 ] ] ] ] } },
{ "type": "Feature", "properties": { "id": null }, "geometry": { "type": "MultiPolygon", "coordinates": [ [ [ [ 176.169622308269908, -37.678680389017657 ], [ 176.169620036834971, -37.678658323649771 ], [ 176.169580448969072, -37.678641774623863 ], [ 176.169583693876092, -37.678665462445267 ], [ 176.169622308269908, -37.678680389017657 ] ] ] ] } },
{ "type": "Feature", "properties": { "id": null }, "geometry": { "type": "MultiPolygon", "coordinates": [ [ [ [ 176.169619387853544, -37.678653131798505 ], [ 176.169616791927922, -37.67863041744922 ], [ 176.169579799987645, -37.678616139858235 ], [ 176.169580124478358, -37.678638205226115 ], [ 176.169619387853544, -37.678653131798505 ] ] ] ] } },
{ "type": "Feature", "properties": { "id": null }, "geometry": { "type": "MultiPolygon", "coordinates": [ [ [ [ 176.169616467437208, -37.678627497032878 ], [ 176.169615169474412, -37.678607378609222 ], [ 176.169573634664289, -37.678589207129797 ], [ 176.169579151006246, -37.6786132194419 ], [ 176.169616467437208, -37.678627497032878 ] ] ] ] } },
{ "type": "Feature", "properties": { "id": null }, "geometry": { "type": "MultiPolygon", "coordinates": [ [ [ [ 176.169612573548761, -37.678581419352895 ], [ 176.169614520492985, -37.678601862267257 ], [ 176.169574932627086, -37.678584988750643 ], [ 176.169572661192177, -37.678566492780504 ], [ 176.169612573548761, -37.678581419352895 ] ] ] ] } },
{ "type": "Feature", "properties": { "id": null }, "geometry": { "type": "MultiPolygon", "coordinates": [ [ [ [ 176.169472718055289, -37.678662542028924 ], [ 176.169490889534728, -37.678662217538225 ], [ 176.169487320136966, -37.678611921479082 ], [ 176.169468824166842, -37.678613868423305 ], [ 176.169472718055289, -37.678662542028924 ] ] ] ] } },
{ "type": "Feature", "properties": { "id": null }, "geometry": { "type": "MultiPolygon", "coordinates": [ [ [ [ 176.169468824166842, -37.678609325553452 ], [ 176.169486346664854, -37.678609650044152 ], [ 176.169483750739232, -37.678568439724728 ], [ 176.169465579259793, -37.678568764215434 ], [ 176.169468824166842, -37.678609325553452 ] ] ] ] } },
{ "type": "Feature", "properties": { "id": null }, "geometry": { "type": "MultiPolygon", "coordinates": [ [ [ [ 176.169454546575849, -37.678442537331527 ], [ 176.169472718055289, -37.678440265896597 ], [ 176.169467201713303, -37.678389969837461 ], [ 176.16944967921529, -37.678392241272391 ], [ 176.169454546575849, -37.678442537331527 ] ] ] ] } },
{ "type": "Feature", "properties": { "id": null }, "geometry": { "type": "MultiPolygon", "coordinates": [ [ [ [ 176.169439620003459, -37.678296516514678 ], [ 176.16945876495501, -37.67829521855186 ], [ 176.169455520047961, -37.678244922492716 ], [ 176.169436050605725, -37.678246544946241 ], [ 176.169439620003459, -37.678296516514678 ] ] ] ] } },
{ "type": "Feature", "properties": { "id": null }, "geometry": { "type": "MultiPolygon", "coordinates": [ [ [ [ 176.169548973370752, -37.678290351191293 ], [ 176.169569091794415, -37.678289053228482 ], [ 176.169565197905968, -37.678239406150752 ], [ 176.169542483556683, -37.678242651057786 ], [ 176.169548973370752, -37.678290351191293 ] ] ] ] } },
{ "type": "Feature", "properties": { "id": null }, "geometry": { "type": "MultiPolygon", "coordinates": [ [ [ [ 176.169541510084571, -37.678190083563727 ], [ 176.169543457028794, -37.678240055132157 ], [ 176.169564224433856, -37.678235512262304 ], [ 176.169560655036122, -37.678191381526538 ], [ 176.169541510084571, -37.678190083563727 ] ] ] ] } },
{ "type": "Feature", "properties": { "id": null }, "geometry": { "type": "MultiPolygon", "coordinates": [ [ [ [ 176.169542483556683, -37.678186838656686 ], [ 176.169560979526835, -37.678185540693867 ], [ 176.169556436656961, -37.678136218106836 ], [ 176.169536642724012, -37.678136542597542 ], [ 176.169542483556683, -37.678186838656686 ] ] ] ] } },
{ "type": "Feature", "properties": { "id": null }, "geometry": { "type": "MultiPolygon", "coordinates": [ [ [ [ 176.169421773014733, -37.678089491445441 ], [ 176.169441242456998, -37.678086895519805 ], [ 176.169438322040662, -37.678056717884324 ], [ 176.169419826070509, -37.67805736686573 ], [ 176.169421773014733, -37.678089491445441 ] ] ] ] } },
{ "type": "Feature", "properties": { "id": null }, "geometry": { "type": "MultiPolygon", "coordinates": [ [ [ [ 176.169417230144887, -37.678040168858409 ], [ 176.169435726115012, -37.678038546404892 ], [ 176.169432481207991, -37.677999607520398 ], [ 176.169414634219265, -37.678001229973916 ], [ 176.169417230144887, -37.678040168858409 ] ] ] ] } },
{ "type": "Feature", "properties": { "id": null }, "geometry": { "type": "MultiPolygon", "coordinates": [ [ [ [ 176.169527881475005, -37.678031083118697 ], [ 176.169545728463731, -37.678031083118697 ], [ 176.169541834575284, -37.677979489096742 ], [ 176.169522040642306, -37.677981760531665 ], [ 176.169527881475005, -37.678031083118697 ] ] ] ] } },
{ "type": "Feature", "properties": { "id": null }, "geometry": { "type": "MultiPolygon", "coordinates": [ [ [ [ 176.16952236513302, -37.677977866643218 ], [ 176.169541185593857, -37.677976244189701 ], [ 176.169533073326249, -37.67792659711197 ], [ 176.169513928374727, -37.677928544056194 ], [ 176.16952236513302, -37.677977866643218 ] ] ] ] } },
{ "type": "Feature", "properties": { "id": null }, "geometry": { "type": "MultiPolygon", "coordinates": [ [ [ [ 176.169426964866005, -37.677945093082101 ], [ 176.169407495423769, -37.677946391044919 ], [ 176.169413011765727, -37.677997336085468 ], [ 176.169431832226564, -37.677995713631944 ], [ 176.169426964866005, -37.677945093082101 ] ] ] ] } },
{ "type": "Feature", "properties": { "id": null }, "geometry": { "type": "MultiPolygon", "coordinates": [ [ [ [ 176.16952820596569, -37.678036274969962 ], [ 176.169531775363424, -37.678082352649952 ], [ 176.16954962235215, -37.678082352649952 ], [ 176.169545728463703, -37.678034977007144 ], [ 176.16952820596569, -37.678036274969962 ] ] ] ] } },
{ "type": "Feature", "properties": { "id": null }, "geometry": { "type": "MultiPolygon", "coordinates": [ [ [ [ 176.169533073326249, -37.678088193482623 ], [ 176.169536318233298, -37.678134920144018 ], [ 176.169554165222024, -37.678133297690493 ], [ 176.169550271333577, -37.678087544501217 ], [ 176.169533073326249, -37.678088193482623 ] ] ] ] } },
{ "type": "Feature", "properties": { "id": null }, "geometry": { "type": "MultiPolygon", "coordinates": [ [ [ [ 176.169501922218672, -37.677876301052834 ], [ 176.169513279393328, -37.677925623639858 ], [ 176.169532099854166, -37.67792205424211 ], [ 176.169521067170223, -37.677874029617904 ], [ 176.169501922218672, -37.677876301052834 ] ] ] ] } },
{ "type": "Feature", "properties": { "id": null }, "geometry": { "type": "MultiPolygon", "coordinates": [ [ [ [ 176.169408793386594, -37.677942821647179 ], [ 176.16942664037532, -37.677942497156472 ], [ 176.169421773014761, -37.677888631699588 ], [ 176.16940262806321, -37.6778896051717 ], [ 176.169408793386594, -37.677942821647179 ] ] ] ] } },
{ "type": "Feature", "properties": { "id": null }, "geometry": { "type": "MultiPolygon", "coordinates": [ [ [ [ 176.169374072881226, -37.677575822660799 ], [ 176.169391595379238, -37.677574524697981 ], [ 176.169388674962903, -37.677532016415739 ], [ 176.169370827974177, -37.677532016415739 ], [ 176.169374072881226, -37.677575822660799 ] ] ] ] } },
{ "type": "Feature", "properties": { "id": null }, "geometry": { "type": "MultiPolygon", "coordinates": [ [ [ [ 176.169369854502065, -37.677528122527292 ], [ 176.169388025981505, -37.67752942049011 ], [ 176.169384132093057, -37.677483018319414 ], [ 176.169366285104331, -37.677483667300827 ], [ 176.169369854502065, -37.677528122527292 ] ] ] ] } },
{ "type": "Feature", "properties": { "id": null }, "geometry": { "type": "MultiPolygon", "coordinates": [ [ [ [ 176.169365960613561, -37.677480422393785 ], [ 176.169383483111602, -37.677479448921673 ], [ 176.169380562695267, -37.67743337124169 ], [ 176.169362066725114, -37.677434993695208 ], [ 176.169365960613561, -37.677480422393785 ] ] ] ] } },
{ "type": "Feature", "properties": { "id": null }, "geometry": { "type": "MultiPolygon", "coordinates": [ [ [ [ 176.169361417743715, -37.677430450825348 ], [ 176.169378940241728, -37.677430126334649 ], [ 176.169376344316106, -37.677383075182547 ], [ 176.169359470799492, -37.677384697636072 ], [ 176.169361417743715, -37.677430450825348 ] ] ] ] } },
{ "type": "Feature", "properties": { "id": null }, "geometry": { "type": "MultiPolygon", "coordinates": [ [ [ [ 176.169353954457506, -37.677336673011858 ], [ 176.169357523855268, -37.67738145272903 ], [ 176.169375695334679, -37.677380154766212 ], [ 176.169372774918344, -37.677335699539746 ], [ 176.169353954457506, -37.677336673011858 ] ] ] ] } },
{ "type": "Feature", "properties": { "id": null }, "geometry": { "type": "MultiPolygon", "coordinates": [ [ [ [ 176.169452599631569, -37.67737463842424 ], [ 176.169472718055204, -37.677373664952128 ], [ 176.16946914865747, -37.677323693383698 ], [ 176.169449679215234, -37.677325315837216 ], [ 176.169452599631569, -37.67737463842424 ] ] ] ] } },
{ "type": "Feature", "properties": { "id": null }, "geometry": { "type": "MultiPolygon", "coordinates": [ [ [ [ 176.169450003705919, -37.677323044402286 ], [ 176.16946752620396, -37.677322070930174 ], [ 176.169464605787624, -37.677272423852443 ], [ 176.16944513634536, -37.677273397324555 ], [ 176.169450003705919, -37.677323044402286 ] ] ] ] } },
{ "type": "Feature", "properties": { "id": null }, "geometry": { "type": "MultiPolygon", "coordinates": [ [ [ [ 176.169445460836073, -37.677270801398919 ], [ 176.169463632315512, -37.677270152417513 ], [ 176.16946006291775, -37.677221154321188 ], [ 176.169441891438311, -37.677222452284006 ], [ 176.169445460836073, -37.677270801398919 ] ] ] ] } },
{ "type": "Feature", "properties": { "id": null }, "geometry": { "type": "MultiPolygon", "coordinates": [ [ [ [ 176.169339190130472, -37.677188056269365 ], [ 176.169341299320052, -37.677232187005124 ], [ 176.169364013669338, -37.677229915570194 ], [ 176.169359633044849, -37.67718740728796 ], [ 176.169339190130472, -37.677188056269365 ] ] ] ] } },
{ "type": "Feature", "properties": { "id": null }, "geometry": { "type": "MultiPolygon", "coordinates": [ [ [ [ 176.169336756450235, -37.677143925533599 ], [ 176.169338865639816, -37.677186596061198 ], [ 176.16935947079952, -37.67718513585303 ], [ 176.169356550383185, -37.677142465325431 ], [ 176.169336756450235, -37.677143925533599 ] ] ] ] } },
{ "type": "Feature", "properties": { "id": null }, "geometry": { "type": "MultiPolygon", "coordinates": [ [ [ [ 176.169440106739472, -37.677219856358363 ], [ 176.169458602709597, -37.677218558395552 ], [ 176.169455357802548, -37.677169560299227 ], [ 176.16943653734171, -37.677171182752744 ], [ 176.169440106739472, -37.677219856358363 ] ] ] ] } },
{ "type": "Feature", "properties": { "id": null }, "geometry": { "type": "MultiPolygon", "coordinates": [ [ [ [ 176.169436212851025, -37.677167613355003 ], [ 176.169455033311863, -37.677166315392185 ], [ 176.169450490441989, -37.677115694842342 ], [ 176.169431994471864, -37.677118615258678 ], [ 176.169436212851025, -37.677167613355003 ] ] ] ] } },
{ "type": "Feature", "properties": { "id": null }, "geometry": { "type": "MultiPolygon", "coordinates": [ [ [ [ 176.1694292363008, -37.677010722099553 ], [ 176.169442864910366, -37.677060855913339 ], [ 176.169425666903066, -37.677064587556437 ], [ 176.169410415839963, -37.677016238441524 ], [ 176.1694292363008, -37.677010722099553 ] ] ] ] } },
{ "type": "Feature", "properties": { "id": null }, "geometry": { "type": "MultiPolygon", "coordinates": [ [ [ [ 176.169414147483053, -37.676959777059004 ], [ 176.169429723036842, -37.677008450664623 ], [ 176.169410902576004, -37.677014291497301 ], [ 176.169395651512929, -37.676963670947451 ], [ 176.169414147483053, -37.676959777059004 ] ] ] ] } },
{ "type": "Feature", "properties": { "id": null }, "geometry": { "type": "MultiPolygon", "coordinates": [ [ [ [ 176.169395002531502, -37.676961075021822 ], [ 176.169413174010941, -37.676957181133375 ], [ 176.169398896419949, -37.676907858546343 ], [ 176.169380400449825, -37.676912401416203 ], [ 176.169395002531502, -37.676961075021822 ] ] ] ] } },
{ "type": "Feature", "properties": { "id": null }, "geometry": { "type": "MultiPolygon", "coordinates": [ [ [ [ 176.169396949475754, -37.676905262620721 ], [ 176.169379102487028, -37.676910454471987 ], [ 176.169365149386749, -37.676861780866368 ], [ 176.169383969847615, -37.676859509431438 ], [ 176.169396949475754, -37.676905262620721 ] ] ] ] } },
{ "type": "Feature", "properties": { "id": null }, "geometry": { "type": "MultiPolygon", "coordinates": [ [ [ [ 176.169365149386749, -37.676857886977913 ], [ 176.169382022903363, -37.676853019617354 ], [ 176.169369043275225, -37.676806292955959 ], [ 176.169350547305072, -37.676810835825819 ], [ 176.169365149386749, -37.676857886977913 ] ] ] ] } },
{ "type": "Feature", "properties": { "id": null }, "geometry": { "type": "MultiPolygon", "coordinates": [ [ [ [ 176.169244763335598, -37.677728495537096 ], [ 176.169257093982338, -37.677752832339905 ], [ 176.169205175469699, -37.677765487477366 ], [ 176.169196414220664, -37.677742124146668 ], [ 176.169244763335598, -37.677728495537096 ] ] ] ] } },
{ "type": "Feature", "properties": { "id": null }, "geometry": { "type": "MultiPolygon", "coordinates": [ [ [ [ 176.169191546860105, -37.677742773128074 ], [ 176.169199983618427, -37.67776289155173 ], [ 176.169151634503521, -37.677779765068344 ], [ 176.169143846726598, -37.6777606201168 ], [ 176.169191546860105, -37.677742773128074 ] ] ] ] } },
{ "type": "Feature", "properties": { "id": null }, "geometry": { "type": "MultiPolygon", "coordinates": [ [ [ [ 176.169015997389181, -37.677801019209468 ], [ 176.169023622920747, -37.677817730480726 ], [ 176.169082031247484, -37.677802966153692 ], [ 176.169071972035653, -37.677783334466092 ], [ 176.169015997389181, -37.677801019209468 ] ] ] ] } },
{ "type": "Feature", "properties": { "id": null }, "geometry": { "type": "MultiPolygon", "coordinates": [ [ [ [ 176.169093550667498, -37.677940225721542 ], [ 176.169117887470293, -37.677933086926046 ], [ 176.16913086709846, -37.677880194941274 ], [ 176.169104583351441, -37.677889280680994 ], [ 176.169093550667498, -37.677940225721542 ] ] ] ] } },
{ "type": "Feature", "properties": { "id": null }, "geometry": { "type": "MultiPolygon", "coordinates": [ [ [ [ 176.169087709834827, -37.677940550212242 ], [ 176.169098418028057, -37.677891227625217 ], [ 176.169067591411164, -37.677899988874231 ], [ 176.16905655872722, -37.677950933914779 ], [ 176.169087709834827, -37.677940550212242 ] ] ] ] } },
{ "type": "Feature", "properties": { "id": null }, "geometry": { "type": "MultiPolygon", "coordinates": [ [ [ [ 176.169063697522716, -37.677900962346342 ], [ 176.169052989329487, -37.677949311461255 ], [ 176.169025407619614, -37.677958721691674 ], [ 176.169034817850047, -37.677910048086055 ], [ 176.169063697522716, -37.677900962346342 ] ] ] ] } },
{ "type": "Feature", "properties": { "id": null }, "geometry": { "type": "MultiPolygon", "coordinates": [ [ [ [ 176.169030599470887, -37.677910048086055 ], [ 176.169020540259055, -37.677957423728856 ], [ 176.168991660586386, -37.677967482940687 ], [ 176.169001070816819, -37.677919458316474 ], [ 176.169030599470887, -37.677910048086055 ] ] ] ] } },
{ "type": "Feature", "properties": { "id": null }, "geometry": { "type": "MultiPolygon", "coordinates": [ [ [ [ 176.168774576305253, -37.677987601364343 ], [ 176.168781390610036, -37.678032056590808 ], [ 176.168755106863017, -37.678039844367703 ], [ 176.168749915011745, -37.677994415669126 ], [ 176.168774576305253, -37.677987601364343 ] ] ] ] } },
{ "type": "Feature", "properties": { "id": null }, "geometry": { "type": "MultiPolygon", "coordinates": [ [ [ [ 176.168745372141871, -37.677995064650531 ], [ 176.168751212974541, -37.678039844367703 ], [ 176.168725902699634, -37.678047632144605 ], [ 176.168720710848362, -37.678002852427433 ], [ 176.168745372141871, -37.677995064650531 ] ] ] ] } },
{ "type": "Feature", "properties": { "id": null }, "geometry": { "type": "MultiPolygon", "coordinates": [ [ [ [ 176.168716492469201, -37.678003501408845 ], [ 176.168721684320474, -37.678048930107423 ], [ 176.168697023026965, -37.67805736686573 ], [ 176.168692480157119, -37.678011613676446 ], [ 176.168716492469201, -37.678003501408845 ] ] ] ] } },
{ "type": "Feature", "properties": { "id": null }, "geometry": { "type": "MultiPolygon", "coordinates": [ [ [ [ 176.168542240961074, -37.678899095752229 ], [ 176.168564955310387, -37.678899744733634 ], [ 176.168561061421912, -37.678849773165204 ], [ 176.168538996054053, -37.67885042214661 ], [ 176.168542240961074, -37.678899095752229 ] ] ] ] } },
{ "type": "Feature", "properties": { "id": null }, "geometry": { "type": "MultiPolygon", "coordinates": [ [ [ [ 176.168538996054053, -37.678844581313939 ], [ 176.168559114477688, -37.678843932332526 ], [ 176.168555869570667, -37.678793311782684 ], [ 176.168532506239956, -37.678794609745502 ], [ 176.168538996054053, -37.678844581313939 ] ] ] ] } },
{ "type": "Feature", "properties": { "id": null }, "geometry": { "type": "MultiPolygon", "coordinates": [ [ [ [ 176.168391677274343, -37.678529176349521 ], [ 176.168418934493502, -37.678527878386703 ], [ 176.168414391623628, -37.678473363948406 ], [ 176.168388432367294, -37.678476608855448 ], [ 176.168391677274343, -37.678529176349521 ] ] ] ] } },
{ "type": "Feature", "properties": { "id": null }, "geometry": { "type": "MultiPolygon", "coordinates": [ [ [ [ 176.168376101720554, -37.678359143220554 ], [ 176.168401411995461, -37.67835719627633 ], [ 176.168405954865335, -37.678404571919131 ], [ 176.168378697646176, -37.678405220900544 ], [ 176.168376101720554, -37.678359143220554 ] ] ] ] } },
{ "type": "Feature", "properties": { "id": null }, "geometry": { "type": "MultiPolygon", "coordinates": [ [ [ [ 176.169203553016132, -37.676655242533201 ], [ 176.169223022458397, -37.676650050681928 ], [ 176.169208095886006, -37.676606568927582 ], [ 176.169189924406567, -37.676611111797435 ], [ 176.169203553016132, -37.676655242533201 ] ] ] ] } },
{ "type": "Feature", "properties": { "id": null }, "geometry": { "type": "MultiPolygon", "coordinates": [ [ [ [ 176.169189924406567, -37.676608515871806 ], [ 176.169206148941782, -37.676603973001946 ], [ 176.169191222369392, -37.676555299396327 ], [ 176.169174348852778, -37.67655724634055 ], [ 176.169189924406567, -37.676608515871806 ] ] ] ] } },
{ "type": "Feature", "properties": { "id": null }, "geometry": { "type": "MultiPolygon", "coordinates": [ [ [ [ 176.169172401908554, -37.676554650414921 ], [ 176.169189924406567, -37.676552054489285 ], [ 176.169176295797001, -37.676502082920848 ], [ 176.169157475336164, -37.676505976809295 ], [ 176.169172401908554, -37.676554650414921 ] ] ] ] } },
{ "type": "Feature", "properties": { "id": null }, "geometry": { "type": "MultiPolygon", "coordinates": [ [ [ [ 176.169292463469077, -37.676619548555742 ], [ 176.169311283929915, -37.676614356704476 ], [ 176.169295708376097, -37.676559842266187 ], [ 176.169272994026812, -37.676564385136039 ], [ 176.169292463469077, -37.676619548555742 ] ] ] ] } },
{ "type": "Feature", "properties": { "id": null }, "geometry": { "type": "MultiPolygon", "coordinates": [ [ [ [ 176.169272994026812, -37.67656178921041 ], [ 176.169292463469077, -37.676557895321956 ], [ 176.169281430785134, -37.676513115604791 ], [ 176.169262610324296, -37.676517009493239 ], [ 176.169272994026812, -37.67656178921041 ] ] ] ] } },
{ "type": "Feature", "properties": { "id": null }, "geometry": { "type": "MultiPolygon", "coordinates": [ [ [ [ 176.169245736807682, -37.676466388943396 ], [ 176.169259365417247, -37.67651441356761 ], [ 176.16927948384091, -37.67650987069775 ], [ 176.169266504212743, -37.676462495054949 ], [ 176.169245736807682, -37.676466388943396 ] ] ] ] } },
{ "type": "Feature", "properties": { "id": null }, "geometry": { "type": "MultiPolygon", "coordinates": [ [ [ [ 176.169156826354765, -37.676503056392967 ], [ 176.169174673343491, -37.676499162504513 ], [ 176.169160395752499, -37.676450164408195 ], [ 176.169142548763773, -37.676453409315229 ], [ 176.169156826354765, -37.676503056392967 ] ] ] ] } },
{ "type": "Feature", "properties": { "id": null }, "geometry": { "type": "MultiPolygon", "coordinates": [ [ [ [ 176.169141250800948, -37.676450488898894 ], [ 176.169158448808275, -37.676447568482558 ], [ 176.169145469180108, -37.676399219367646 ], [ 176.169127297700669, -37.676402139783981 ], [ 176.169141250800948, -37.676450488898894 ] ] ] ] } },
{ "type": "Feature", "properties": { "id": null }, "geometry": { "type": "MultiPolygon", "coordinates": [ [ [ [ 176.169113020109705, -37.676356386594698 ], [ 176.169125999737872, -37.676400517330457 ], [ 176.169143846726598, -37.676396947932716 ], [ 176.169129893626319, -37.676353790669069 ], [ 176.169113020109705, -37.676356386594698 ] ] ] ] } },
{ "type": "Feature", "properties": { "id": null }, "geometry": { "type": "MultiPolygon", "coordinates": [ [ [ [ 176.169092577195244, -37.676286783338668 ], [ 176.169110748674683, -37.676283862922332 ], [ 176.169099067009341, -37.676242328112203 ], [ 176.16907992205779, -37.676244924037832 ], [ 176.169092577195244, -37.676286783338668 ] ] ] ] } },
{ "type": "Feature", "properties": { "id": null }, "geometry": { "type": "MultiPolygon", "coordinates": [ [ [ [ 176.169198036674089, -37.676305603799506 ], [ 176.169215559172102, -37.676301060929646 ], [ 176.169205175469585, -37.676258552647404 ], [ 176.169183759083097, -37.676262446535858 ], [ 176.169198036674089, -37.676305603799506 ] ] ] ] } },
{ "type": "Feature", "properties": { "id": null }, "geometry": { "type": "MultiPolygon", "coordinates": [ [ [ [ 176.169183759083097, -37.676259850610222 ], [ 176.169202579543935, -37.676256930193887 ], [ 176.169187977462258, -37.676208581078974 ], [ 176.169168508020022, -37.676212474967421 ], [ 176.169183759083097, -37.676259850610222 ] ] ] ] } },
{ "type": "Feature", "properties": { "id": null }, "geometry": { "type": "MultiPolygon", "coordinates": [ [ [ [ 176.169167210057196, -37.676209554551086 ], [ 176.169185706027321, -37.676205336171932 ], [ 176.169175646815489, -37.67616769525025 ], [ 176.169156177373253, -37.676169642194473 ], [ 176.169167210057196, -37.676209554551086 ] ] ] ] } },
{ "type": "Feature", "properties": { "id": null }, "geometry": { "type": "MultiPolygon", "coordinates": [ [ [ [ 176.168480587727231, -37.677031813995363 ], [ 176.168481561199343, -37.677047714039865 ], [ 176.168419258984159, -37.677065885519298 ], [ 176.168413742642173, -37.677051283437606 ], [ 176.168480587727231, -37.677031813995363 ] ] ] ] } },
{ "type": "Feature", "properties": { "id": null }, "geometry": { "type": "MultiPolygon", "coordinates": [ [ [ [ 176.168407252828104, -37.677052256909718 ], [ 176.168414067132886, -37.677067832463521 ], [ 176.168354685334037, -37.677085354961541 ], [ 176.168347222047828, -37.677070103898451 ], [ 176.168407252828104, -37.677052256909718 ] ] ] ] } },
{ "type": "Feature", "properties": { "id": null }, "geometry": { "type": "MultiPolygon", "coordinates": [ [ [ [ 176.168342354687269, -37.677070752879857 ], [ 176.168349168992052, -37.677087626396471 ], [ 176.168289138211804, -37.677104824403791 ], [ 176.168283297379134, -37.677089248849988 ], [ 176.168342354687269, -37.677070752879857 ] ] ] ] } },
{ "type": "Feature", "properties": { "id": null }, "geometry": { "type": "MultiPolygon", "coordinates": [ [ [ [ 176.168275834092896, -37.677089248849988 ], [ 176.16828362186979, -37.677105473385197 ], [ 176.168223266598829, -37.677124293846035 ], [ 176.16821677678476, -37.677109367273644 ], [ 176.168275834092896, -37.677089248849988 ] ] ] ] } },
{ "type": "Feature", "properties": { "id": null }, "geometry": { "type": "MultiPolygon", "coordinates": [ [ [ [ 176.168210611461376, -37.677111638708574 ], [ 176.168218074747557, -37.677125591808853 ], [ 176.168157719476596, -37.677144412269691 ], [ 176.168148633736877, -37.6771294856973 ], [ 176.168210611461376, -37.677111638708574 ] ] ] ] } },
{ "type": "Feature", "properties": { "id": null }, "geometry": { "type": "MultiPolygon", "coordinates": [ [ [ [ 176.167719008044628, -37.677259606469661 ], [ 176.167715763137579, -37.677276479986276 ], [ 176.167660924208576, -37.677293677993596 ], [ 176.16765378541308, -37.677278102439793 ], [ 176.167719008044628, -37.677259606469661 ] ] ] ] } },
{ "type": "Feature", "properties": { "id": null }, "geometry": { "type": "MultiPolygon", "coordinates": [ [ [ [ 176.167650216015346, -37.677279724893317 ], [ 176.167656705829415, -37.677294326975002 ], [ 176.167602191391126, -37.677311849473028 ], [ 176.167584019911686, -37.677299518826267 ], [ 176.167650216015346, -37.677279724893317 ] ] ] ] } },
{ "type": "Feature", "properties": { "id": null }, "geometry": { "type": "MultiPolygon", "coordinates": [ [ [ [ 176.167637560877807, -37.677218720640944 ], [ 176.167620687361193, -37.677183675644905 ], [ 176.16764113027557, -37.677178159302933 ], [ 176.167659301754981, -37.677214177771091 ], [ 176.167637560877807, -37.677218720640944 ] ] ] ] } },
{ "type": "Feature", "properties": { "id": null }, "geometry": { "type": "MultiPolygon", "coordinates": [ [ [ [ 176.167611277130788, -37.677227481889958 ], [ 176.167633342498647, -37.677219694113063 ], [ 176.167616144491348, -37.677186271570534 ], [ 176.167595052595573, -37.677193410366023 ], [ 176.167611277130788, -37.677227481889958 ] ] ] ] } },
{ "type": "Feature", "properties": { "id": null }, "geometry": { "type": "MultiPolygon", "coordinates": [ [ [ [ 176.167591807688609, -37.677197304254484 ], [ 176.167605436298174, -37.677228455362076 ], [ 176.167581423986093, -37.67723494517616 ], [ 176.167568119867212, -37.677205092031379 ], [ 176.167591807688609, -37.677197304254484 ] ] ] ] } },
{ "type": "Feature", "properties": { "id": null }, "geometry": { "type": "MultiPolygon", "coordinates": [ [ [ [ 176.16736206827008, -37.677297896372764 ], [ 176.167347790679116, -37.677265447302347 ], [ 176.167370180537688, -37.677258632997564 ], [ 176.16738608058219, -37.67729367799361 ], [ 176.16736206827008, -37.677297896372764 ] ] ] ] } },
{ "type": "Feature", "properties": { "id": null }, "geometry": { "type": "MultiPolygon", "coordinates": [ [ [ [ 176.167391272433463, -37.67729140655868 ], [ 176.167376021370359, -37.677255388090522 ], [ 176.167395490812623, -37.677249547257844 ], [ 176.167412688819923, -37.677285241235303 ], [ 176.167391272433463, -37.67729140655868 ] ] ] ] } },
{ "type": "Feature", "properties": { "id": null }, "geometry": { "type": "MultiPolygon", "coordinates": [ [ [ [ 176.167418854143307, -37.677283943272485 ], [ 176.167401656136008, -37.677247275822921 ], [ 176.167422748031754, -37.677242083971649 ], [ 176.167439297057683, -37.677277777949108 ], [ 176.167418854143307, -37.677283943272485 ] ] ] ] } },
{ "type": "Feature", "properties": { "id": null }, "geometry": { "type": "MultiPolygon", "coordinates": [ [ [ [ 176.167444813399641, -37.67727647998629 ], [ 176.167429237845852, -37.677242408462355 ], [ 176.167446760343864, -37.677236243138978 ], [ 176.167463958351192, -37.67727193711643 ], [ 176.167444813399641, -37.67727647998629 ] ] ] ] } },
{ "type": "Feature", "properties": { "id": null }, "geometry": { "type": "MultiPolygon", "coordinates": [ [ [ [ 176.167392570396203, -37.682431339312075 ], [ 176.167393543868315, -37.682447563847283 ], [ 176.167446760343807, -37.682444643430941 ], [ 176.167446760343807, -37.682428743386438 ], [ 176.167392570396203, -37.682431339312075 ] ] ] ] } },
{ "type": "Feature", "properties": { "id": null }, "geometry": { "type": "MultiPolygon", "coordinates": [ [ [ [ 176.167451303213653, -37.682427120932921 ], [ 176.167451627704367, -37.682443669958829 ], [ 176.167514254410264, -37.682440749542494 ], [ 176.167513605428837, -37.682424849497991 ], [ 176.167451303213653, -37.682427120932921 ] ] ] ] } },
{ "type": "Feature", "properties": { "id": null }, "geometry": { "type": "MultiPolygon", "coordinates": [ [ [ [ 176.167518472789396, -37.682424849497991 ], [ 176.167519121770823, -37.682440425051787 ], [ 176.167570391302064, -37.682436855654046 ], [ 176.167569417829952, -37.682422253572362 ], [ 176.167518472789396, -37.682424849497991 ] ] ] ] } },
{ "type": "Feature", "properties": { "id": null }, "geometry": { "type": "MultiPolygon", "coordinates": [ [ [ [ 176.170151065872005, -37.683597234411998 ], [ 176.170155933232564, -37.683640716166352 ], [ 176.170178647581849, -37.683640067184939 ], [ 176.170174429202717, -37.683594638486362 ], [ 176.170151065872005, -37.683597234411998 ] ] ] ] } },
{ "type": "Feature", "properties": { "id": null }, "geometry": { "type": "MultiPolygon", "coordinates": [ [ [ [ 176.170156582213991, -37.683643636582687 ], [ 176.170160151611725, -37.68369425713253 ], [ 176.170181567998185, -37.683692959169711 ], [ 176.170177674109738, -37.683643312091981 ], [ 176.170156582213991, -37.683643636582687 ] ] ] ] } },
{ "type": "Feature", "properties": { "id": null }, "geometry": { "type": "MultiPolygon", "coordinates": [ [ [ [ 176.170076757500766, -37.683972021175279 ], [ 176.170080975879927, -37.684027833576387 ], [ 176.170107908608372, -37.684024588669345 ], [ 176.1701027167571, -37.683971372193874 ], [ 176.170076757500766, -37.683972021175279 ] ] ] ] } },
{ "type": "Feature", "properties": { "id": null }, "geometry": { "type": "MultiPolygon", "coordinates": [ [ [ [ 176.170180270035388, -37.683917182246283 ], [ 176.170185461886661, -37.683970398721762 ], [ 176.170205904801009, -37.683969100758944 ], [ 176.170201686421848, -37.683915884283465 ], [ 176.170180270035388, -37.683917182246283 ] ] ] ] } },
{ "type": "Feature", "properties": { "id": null }, "geometry": { "type": "MultiPolygon", "coordinates": [ [ [ [ 176.170185461886661, -37.683974292610209 ], [ 176.170190004756506, -37.684024913160052 ], [ 176.170211745633679, -37.684023290706534 ], [ 176.170206229291722, -37.683973319138097 ], [ 176.170185461886661, -37.683974292610209 ] ] ] ] } },
{ "type": "Feature", "properties": { "id": null }, "geometry": { "type": "MultiPolygon", "coordinates": [ [ [ [ 176.170087141203282, -37.684084943940313 ], [ 176.170113749441043, -37.684083321486796 ], [ 176.170109206571169, -37.684028807048499 ], [ 176.170081624861325, -37.684031078483429 ], [ 176.170087141203282, -37.684084943940313 ] ] ] ] } },
{ "type": "Feature", "properties": { "id": null }, "geometry": { "type": "MultiPolygon", "coordinates": [ [ [ [ 176.170199414986854, -37.68528880445264 ], [ 176.170200712949679, -37.685334882132629 ], [ 176.170222129336139, -37.685334882132629 ], [ 176.170221480354741, -37.68529075139687 ], [ 176.170199414986854, -37.68528880445264 ] ] ] ] } },
{ "type": "Feature", "properties": { "id": null }, "geometry": { "type": "MultiPolygon", "coordinates": [ [ [ [ 176.170202659893903, -37.685388747589514 ], [ 176.170199414986854, -37.685341371946713 ], [ 176.170221480354741, -37.685338776021077 ], [ 176.170221480354741, -37.685388098608108 ], [ 176.170202659893903, -37.685388747589514 ] ] ] ] } },
{ "type": "Feature", "properties": { "id": null }, "geometry": { "type": "MultiPolygon", "coordinates": [ [ [ [ 176.170202659893903, -37.685392641477961 ], [ 176.170222778317566, -37.685391992496555 ], [ 176.170222129336139, -37.68544131508358 ], [ 176.170203308875301, -37.685441964064992 ], [ 176.170202659893903, -37.685392641477961 ] ] ] ] } },
{ "type": "Feature", "properties": { "id": null }, "geometry": { "type": "MultiPolygon", "coordinates": [ [ [ [ 176.170220669127872, -37.685445208972048 ], [ 176.170221642599984, -37.685496478503296 ], [ 176.170202497648432, -37.685496478503296 ], [ 176.170201524176321, -37.685444884481342 ], [ 176.170220669127872, -37.685445208972048 ] ] ] ] } },
{ "type": "Feature", "properties": { "id": null }, "geometry": { "type": "MultiPolygon", "coordinates": [ [ [ [ 176.170202173157804, -37.685499398919639 ], [ 176.170201524176377, -37.685550019469481 ], [ 176.170220669127929, -37.685550019469481 ], [ 176.170221967090754, -37.685499398919639 ], [ 176.170202173157804, -37.685499398919639 ] ] ] ] } },
{ "type": "Feature", "properties": { "id": null }, "geometry": { "type": "MultiPolygon", "coordinates": [ [ [ [ 176.170201199685692, -37.685553264376523 ], [ 176.170201848667091, -37.685604209417072 ], [ 176.170220993618642, -37.685603560435666 ], [ 176.170220669127929, -37.685553264376523 ], [ 176.170201199685692, -37.685553264376523 ] ] ] ] } },
{ "type": "Feature", "properties": { "id": null }, "geometry": { "type": "MultiPolygon", "coordinates": [ [ [ [ 176.170202173157804, -37.685607129833407 ], [ 176.170200875194979, -37.685657425892551 ], [ 176.170220344637215, -37.685657750383257 ], [ 176.170220669127929, -37.685606805342708 ], [ 176.170202173157804, -37.685607129833407 ] ] ] ] } },
{ "type": "Feature", "properties": { "id": null }, "geometry": { "type": "MultiPolygon", "coordinates": [ [ [ [ 176.170200550704266, -37.685659372836774 ], [ 176.170201199685664, -37.685712913802952 ], [ 176.170220344637215, -37.685713562784365 ], [ 176.170219695655817, -37.68566002181818 ], [ 176.170200550704266, -37.685659372836774 ] ] ] ] } },
{ "type": "Feature", "properties": { "id": null }, "geometry": { "type": "MultiPolygon", "coordinates": [ [ [ [ 176.170201524176377, -37.6857164832007 ], [ 176.170200550704266, -37.685765805787725 ], [ 176.170219695655817, -37.685765805787725 ], [ 176.170220344637215, -37.685717132182106 ], [ 176.170201524176377, -37.6857164832007 ] ] ] ] } },
{ "type": "Feature", "properties": { "id": null }, "geometry": { "type": "MultiPolygon", "coordinates": [ [ [ [ 176.170200550704266, -37.685769375185473 ], [ 176.170200226213552, -37.685820320226021 ], [ 176.170219371165103, -37.685820644716728 ], [ 176.170219695655817, -37.685769050694766 ], [ 176.170200550704266, -37.685769375185473 ] ] ] ] } },
{ "type": "Feature", "properties": { "id": null }, "geometry": { "type": "MultiPolygon", "coordinates": [ [ [ [ 176.170219371165075, -37.685824538605175 ], [ 176.170219046674362, -37.6858735367015 ], [ 176.170201524176349, -37.685874510173612 ], [ 176.170201524176349, -37.685824863095881 ], [ 176.170219371165075, -37.685824538605175 ] ] ] ] } },
{ "type": "Feature", "properties": { "id": null }, "geometry": { "type": "MultiPolygon", "coordinates": [ [ [ [ 176.170200550704237, -37.685878404062059 ], [ 176.170200550704237, -37.68592805113979 ], [ 176.170218722183677, -37.685927726649091 ], [ 176.170218397692963, -37.685878728552765 ], [ 176.170200550704237, -37.685878404062059 ] ] ] ] } },
{ "type": "Feature", "properties": { "id": null }, "geometry": { "type": "MultiPolygon", "coordinates": [ [ [ [ 176.170199577232125, -37.685931296046832 ], [ 176.170199901722839, -37.685982890068793 ], [ 176.170218397692963, -37.685982565578087 ], [ 176.170219046674362, -37.68593032257472 ], [ 176.170199577232125, -37.685931296046832 ] ] ] ] } },
{ "type": "Feature", "properties": { "id": null }, "geometry": { "type": "MultiPolygon", "coordinates": [ [ [ [ 176.17019990172281, -37.685985810485136 ], [ 176.170201524176349, -37.686037080016384 ], [ 176.17021969565576, -37.68603740450709 ], [ 176.170217748711536, -37.685985161503723 ], [ 176.17019990172281, -37.685985810485136 ] ] ] ] } },
{ "type": "Feature", "properties": { "id": null }, "geometry": { "type": "MultiPolygon", "coordinates": [ [ [ [ 176.170201848667034, -37.686040324923425 ], [ 176.170204444592684, -37.686093216908198 ], [ 176.170223265053522, -37.686093216908198 ], [ 176.170220020146473, -37.68603967594202 ], [ 176.170201848667034, -37.686040324923425 ] ] ] ] } },
{ "type": "Feature", "properties": { "id": null }, "geometry": { "type": "MultiPolygon", "coordinates": [ [ [ [ 176.170204120102028, -37.686095488343128 ], [ 176.17020833848116, -37.68614610889297 ], [ 176.170227807923425, -37.68614610889297 ], [ 176.170223589544264, -37.686095488343128 ], [ 176.170204120102028, -37.686095488343128 ] ] ] ] } },
{ "type": "Feature", "properties": { "id": null }, "geometry": { "type": "MultiPolygon", "coordinates": [ [ [ [ 176.170208987462587, -37.686149678290718 ], [ 176.170214179313859, -37.686202245784784 ], [ 176.170233648756096, -37.686200947821973 ], [ 176.170228456904823, -37.686149029309313 ], [ 176.170208987462587, -37.686149678290718 ] ] ] ] } },
{ "type": "Feature", "properties": { "id": null }, "geometry": { "type": "MultiPolygon", "coordinates": [ [ [ [ 176.170215152786, -37.686204517219714 ], [ 176.170221318109384, -37.686255462260263 ], [ 176.170239814079508, -37.686253839806746 ], [ 176.170233973246837, -37.686203219256896 ], [ 176.170215152786, -37.686204517219714 ] ] ] ] } },
{ "type": "Feature", "properties": { "id": null }, "geometry": { "type": "MultiPolygon", "coordinates": [ [ [ [ 176.170221967090725, -37.686258707167305 ], [ 176.170229430376935, -37.686309976698553 ], [ 176.170249224309885, -37.686307705263623 ], [ 176.170241112042277, -37.686256760223081 ], [ 176.170221967090725, -37.686258707167305 ] ] ] ] } },
{ "type": "Feature", "properties": { "id": null }, "geometry": { "type": "MultiPolygon", "coordinates": [ [ [ [ 176.170230079358333, -37.686311923642776 ], [ 176.17023884060734, -37.686362544192619 ], [ 176.170256687596066, -37.686360272757689 ], [ 176.170249224309885, -37.686310625679958 ], [ 176.170230079358333, -37.686311923642776 ] ] ] ] } },
{ "type": "Feature", "properties": { "id": null }, "geometry": { "type": "MultiPolygon", "coordinates": [ [ [ [ 176.17023884060734, -37.686365789099661 ], [ 176.170250197781996, -37.686415111686685 ], [ 176.170268044770722, -37.686412515761056 ], [ 176.170258634540289, -37.686363193174024 ], [ 176.17023884060734, -37.686365789099661 ] ] ] ] } },
{ "type": "Feature", "properties": { "id": null }, "geometry": { "type": "MultiPolygon", "coordinates": [ [ [ [ 176.170250846763395, -37.686418681084433 ], [ 176.170262528428765, -37.686469626124982 ], [ 176.170282322361714, -37.686465732236535 ], [ 176.170269667224233, -37.686416734140209 ], [ 176.170250846763395, -37.686418681084433 ] ] ] ] } },
{ "type": "Feature", "properties": { "id": null }, "geometry": { "type": "MultiPolygon", "coordinates": [ [ [ [ 176.170264150882275, -37.686472222050618 ], [ 176.170277130510442, -37.686521220146936 ], [ 176.170295626480566, -37.686518299730601 ], [ 176.170283620324511, -37.686468977143576 ], [ 176.170264150882275, -37.686472222050618 ] ] ] ] } },
{ "type": "Feature", "properties": { "id": null }, "geometry": { "type": "MultiPolygon", "coordinates": [ [ [ [ 176.170278103982611, -37.686524789544684 ], [ 176.170292057082889, -37.686578330510869 ], [ 176.1703102285623, -37.686575085603828 ], [ 176.170295950971337, -37.68652154463765 ], [ 176.170278103982611, -37.686524789544684 ] ] ] ] } },
{ "type": "Feature", "properties": { "id": null }, "geometry": { "type": "MultiPolygon", "coordinates": [ [ [ [ 176.1702936795364, -37.686581575417911 ], [ 176.170306659164567, -37.686630898004935 ], [ 176.170324506153293, -37.686627653097894 ], [ 176.170310877543727, -37.686578330510869 ], [ 176.1702936795364, -37.686581575417911 ] ] ] ] } },
{ "type": "Feature", "properties": { "id": null }, "geometry": { "type": "MultiPolygon", "coordinates": [ [ [ [ 176.170157393440547, -37.686399536132896 ], [ 176.170181405752658, -37.68639694020726 ], [ 176.170193087417999, -37.68644301788725 ], [ 176.170165181217442, -37.686446262794291 ], [ 176.170157393440547, -37.686399536132896 ] ] ] ] } },
{ "type": "Feature", "properties": { "id": null }, "geometry": { "type": "MultiPolygon", "coordinates": [ [ [ [ 176.170168426124491, -37.686448209738515 ], [ 176.170191140473776, -37.686443666868655 ], [ 176.170202173157719, -37.686487797604414 ], [ 176.170175564919987, -37.686489744548645 ], [ 176.170168426124491, -37.686448209738515 ] ] ] ] } },
{ "type": "Feature", "properties": { "id": null }, "geometry": { "type": "MultiPolygon", "coordinates": [ [ [ [ 176.170176213901385, -37.686491691492868 ], [ 176.170200875194894, -37.686486499641603 ], [ 176.170215152785886, -37.686534524265809 ], [ 176.17018984251095, -37.686535173247222 ], [ 176.170176213901385, -37.686491691492868 ] ] ] ] } },
{ "type": "Feature", "properties": { "id": null }, "geometry": { "type": "MultiPolygon", "coordinates": [ [ [ [ 176.170231377321073, -37.686629924532816 ], [ 176.170183352696881, -37.686638361291124 ], [ 176.170185299641105, -37.686660426659003 ], [ 176.170241112042191, -37.686650691937885 ], [ 176.170231377321073, -37.686629924532816 ] ] ] ] } },
{ "type": "Feature", "properties": { "id": null }, "geometry": { "type": "MultiPolygon", "coordinates": [ [ [ [ 176.170241761023618, -37.686654585826332 ], [ 176.170245005930639, -37.686670810361541 ], [ 176.170195683343621, -37.686680545082659 ], [ 176.17018984251095, -37.686661724621821 ], [ 176.170241761023618, -37.686654585826332 ] ] ] ] } },
{ "type": "Feature", "properties": { "id": null }, "geometry": { "type": "MultiPolygon", "coordinates": [ [ [ [ 176.170245654912065, -37.68667340628717 ], [ 176.170252144726135, -37.686693524710826 ], [ 176.170205418064739, -37.686701312487727 ], [ 176.170199577232069, -37.686683789989701 ], [ 176.170245654912065, -37.68667340628717 ] ] ] ] } },
{ "type": "Feature", "properties": { "id": null }, "geometry": { "type": "MultiPolygon", "coordinates": [ [ [ [ 176.170250846763338, -37.68669741859928 ], [ 176.170256038614582, -37.686716888041524 ], [ 176.170202822139117, -37.686725973781243 ], [ 176.17019633232502, -37.686706504338993 ], [ 176.170250846763338, -37.68669741859928 ] ] ] ] } },
{ "type": "Feature", "properties": { "id": null }, "geometry": { "type": "MultiPolygon", "coordinates": [ [ [ [ 176.170264475372932, -37.686741549335039 ], [ 176.170269667224176, -37.68676101877729 ], [ 176.170215801767313, -37.686770753498415 ], [ 176.170211258897439, -37.686749337111941 ], [ 176.170264475372932, -37.686741549335039 ] ] ] ] } },
{ "type": "Feature", "properties": { "id": null }, "geometry": { "type": "MultiPolygon", "coordinates": [ [ [ [ 176.170270316205603, -37.686764263684331 ], [ 176.170275508056847, -37.686784382107987 ], [ 176.170220993618557, -37.686795414791924 ], [ 176.170216450748711, -37.686773998405457 ], [ 176.170270316205603, -37.686764263684331 ] ] ] ] } },
{ "type": "Feature", "properties": { "id": null }, "geometry": { "type": "MultiPolygon", "coordinates": [ [ [ [ 176.170276157038273, -37.686788924977847 ], [ 176.170280699908119, -37.686807745438685 ], [ 176.170227483432654, -37.686818129141216 ], [ 176.170222291581382, -37.686799308680378 ], [ 176.170276157038273, -37.686788924977847 ] ] ] ] } },
{ "type": "Feature", "properties": { "id": null }, "geometry": { "type": "MultiPolygon", "coordinates": [ [ [ [ 176.170281348889546, -37.686812288308545 ], [ 176.170285891759391, -37.686831108769383 ], [ 176.170235920190947, -37.686838247564872 ], [ 176.170230728339675, -37.686819427104034 ], [ 176.170281348889546, -37.686812288308545 ] ] ] ] } },
{ "type": "Feature", "properties": { "id": null }, "geometry": { "type": "MultiPolygon", "coordinates": [ [ [ [ 176.17028913666644, -37.686834353676424 ], [ 176.170293679536286, -37.686855770062898 ], [ 176.170240463060821, -37.686864206821205 ], [ 176.170235271209549, -37.686843439416137 ], [ 176.17028913666644, -37.686834353676424 ] ] ] ] } },
{ "type": "Feature", "properties": { "id": null }, "geometry": { "type": "MultiPolygon", "coordinates": [ [ [ [ 176.170293679536286, -37.686859663951346 ], [ 176.170300818331782, -37.686882378300631 ], [ 176.170245654912065, -37.686892762003168 ], [ 176.170239165097996, -37.686870696635282 ], [ 176.170293679536286, -37.686859663951346 ] ] ] ] } },
{ "type": "Feature", "properties": { "id": null }, "geometry": { "type": "MultiPolygon", "coordinates": [ [ [ [ 176.170300818331782, -37.68688692117049 ], [ 176.170307308145851, -37.686907688575559 ], [ 176.170254091670387, -37.686916774315272 ], [ 176.170248899819114, -37.68689600691021 ], [ 176.170300818331782, -37.68688692117049 ] ] ] ] } },
{ "type": "Feature", "properties": { "id": null }, "geometry": { "type": "MultiPolygon", "coordinates": [ [ [ [ 176.170309904071416, -37.686911582464006 ], [ 176.170315744904087, -37.686930402924844 ], [ 176.170256687595952, -37.686942084590193 ], [ 176.170253442688903, -37.686920668203719 ], [ 176.170309904071416, -37.686911582464006 ] ] ] ] } },
{ "type": "Feature", "properties": { "id": null }, "geometry": { "type": "MultiPolygon", "coordinates": [ [ [ [ 176.170316393885486, -37.686933647831886 ], [ 176.17032093675536, -37.686951819311318 ], [ 176.17026642231707, -37.686964149958072 ], [ 176.170261230465798, -37.686944031534416 ], [ 176.170316393885486, -37.686933647831886 ] ] ] ] } },
{ "type": "Feature", "properties": { "id": null }, "geometry": { "type": "MultiPolygon", "coordinates": [ [ [ [ 176.170321585736758, -37.686957011162583 ], [ 176.170325479625205, -37.686975831623421 ], [ 176.17027550805679, -37.686984917363134 ], [ 176.170270965186916, -37.686966745883709 ], [ 176.170321585736758, -37.686957011162583 ] ] ] ] } },
{ "type": "Feature", "properties": { "id": null }, "geometry": { "type": "MultiPolygon", "coordinates": [ [ [ [ 176.170328724532254, -37.686980374493281 ], [ 176.170335214346352, -37.687004386805384 ], [ 176.170283295833684, -37.687014121526509 ], [ 176.170277455001013, -37.686988162270175 ], [ 176.170328724532254, -37.686980374493281 ] ] ] ] } },
{ "type": "Feature", "properties": { "id": null }, "geometry": { "type": "MultiPolygon", "coordinates": [ [ [ [ 176.170333916383527, -37.687007631712426 ], [ 176.170339108234799, -37.687032941987347 ], [ 176.17029043462918, -37.687041378745654 ], [ 176.170285242777908, -37.687016068470733 ], [ 176.170333916383527, -37.687007631712426 ] ] ] ] } },
{ "type": "Feature", "properties": { "id": null }, "geometry": { "type": "MultiPolygon", "coordinates": [ [ [ [ 176.170295626480424, -37.68707058290903 ], [ 176.170352087862966, -37.687060848187905 ], [ 176.17034819397449, -37.687038782820025 ], [ 176.170292381573404, -37.687047219578332 ], [ 176.170295626480424, -37.68707058290903 ] ] ] ] } },
{ "type": "Feature", "properties": { "id": null }, "geometry": { "type": "MultiPolygon", "coordinates": [ [ [ [ 176.170404655357032, -37.686797361736154 ], [ 176.170450084055602, -37.686792169884889 ], [ 176.170457871832497, -37.686813586271363 ], [ 176.170406602301256, -37.686818129141216 ], [ 176.170404655357032, -37.686797361736154 ] ] ] ] } },
{ "type": "Feature", "properties": { "id": null }, "geometry": { "type": "MultiPolygon", "coordinates": [ [ [ [ 176.170409847208305, -37.686820076085446 ], [ 176.170466308590818, -37.686816182196992 ], [ 176.170472149423489, -37.686836300620648 ], [ 176.170417634985199, -37.68683954552769 ], [ 176.170409847208305, -37.686820076085446 ] ] ] ] } },
{ "type": "Feature", "properties": { "id": null }, "geometry": { "type": "MultiPolygon", "coordinates": [ [ [ [ 176.170428018687716, -37.686841492471913 ], [ 176.170470851460664, -37.686838896546284 ], [ 176.170475394330538, -37.686858365988527 ], [ 176.170431263594764, -37.686860961914164 ], [ 176.170428018687716, -37.686841492471913 ] ] ] ] } },
{ "type": "Feature", "properties": { "id": null }, "geometry": { "type": "MultiPolygon", "coordinates": [ [ [ [ 176.17044748812998, -37.686862259876982 ], [ 176.170494214791375, -37.68685901496994 ], [ 176.170506545438116, -37.68687653746796 ], [ 176.170457871832497, -37.686879782375001 ], [ 176.17044748812998, -37.686862259876982 ] ] ] ] } },
{ "type": "Feature", "properties": { "id": null }, "geometry": { "type": "MultiPolygon", "coordinates": [ [ [ [ 176.170464361646594, -37.686883027282043 ], [ 176.170510439326563, -37.68688108033782 ], [ 176.170530557750226, -37.686896655891616 ], [ 176.170490320902928, -37.686899900798657 ], [ 176.170464361646594, -37.686883027282043 ] ] ] ] } },
{ "type": "Feature", "properties": { "id": null }, "geometry": { "type": "MultiPolygon", "coordinates": [ [ [ [ 176.170489022940103, -37.686905092649923 ], [ 176.170531206731624, -37.686899900798657 ], [ 176.170552623118112, -37.68691807227809 ], [ 176.17050200256827, -37.686923264129355 ], [ 176.170489022940103, -37.686905092649923 ] ] ] ] } },
{ "type": "Feature", "properties": { "id": null }, "geometry": { "type": "MultiPolygon", "coordinates": [ [ [ [ 176.170429965631996, -37.686964149958079 ], [ 176.170440998315911, -37.687014121526516 ], [ 176.170469553497895, -37.687019313377782 ], [ 176.170457222851127, -37.686965447920898 ], [ 176.170429965631996, -37.686964149958079 ] ] ] ] } },
{ "type": "Feature", "properties": { "id": null }, "geometry": { "type": "MultiPolygon", "coordinates": [ [ [ [ 176.170460467758176, -37.686968043846534 ], [ 176.170471500442119, -37.687018015414964 ], [ 176.170495512754229, -37.687021909303418 ], [ 176.170484480070286, -37.686970639772163 ], [ 176.170460467758176, -37.686968043846534 ] ] ] ] } },
{ "type": "Feature", "properties": { "id": null }, "geometry": { "type": "MultiPolygon", "coordinates": [ [ [ [ 176.170488373958733, -37.686969990790757 ], [ 176.170496810717026, -37.687018015414964 ], [ 176.170521472010535, -37.68701606847074 ], [ 176.170512386270843, -37.686972586716387 ], [ 176.170488373958733, -37.686969990790757 ] ] ] ] } },
{ "type": "Feature", "properties": { "id": null }, "geometry": { "type": "MultiPolygon", "coordinates": [ [ [ [ 176.170514982196465, -37.686972586716387 ], [ 176.170525365898982, -37.687015419489335 ], [ 176.170549378211092, -37.687013472545111 ], [ 176.170541590434198, -37.686978427549064 ], [ 176.170514982196465, -37.686972586716387 ] ] ] ] } },
{ "type": "Feature", "properties": { "id": null }, "geometry": { "type": "MultiPolygon", "coordinates": [ [ [ [ 176.170423475817898, -37.687016717452153 ], [ 176.170433210539016, -37.687038782820032 ], [ 176.170479937200412, -37.687045921615521 ], [ 176.170470851460692, -37.687023207266236 ], [ 176.170423475817898, -37.687016717452153 ] ] ] ] } },
{ "type": "Feature", "properties": { "id": null }, "geometry": { "type": "MultiPolygon", "coordinates": [ [ [ [ 176.170435806464667, -37.687042027727074 ], [ 176.170478639237615, -37.687048517541157 ], [ 176.170485778033083, -37.687069284946219 ], [ 176.170440349334513, -37.687061497169317 ], [ 176.170435806464667, -37.687042027727074 ] ] ] ] } },
{ "type": "Feature", "properties": { "id": null }, "geometry": { "type": "MultiPolygon", "coordinates": [ [ [ [ 176.170439051371687, -37.687066040039177 ], [ 176.170484480070286, -37.687072529853261 ], [ 176.170490969884355, -37.68709005235128 ], [ 176.170444892204358, -37.687083562537204 ], [ 176.170439051371687, -37.687066040039177 ] ] ] ] } },
{ "type": "Feature", "properties": { "id": null }, "geometry": { "type": "MultiPolygon", "coordinates": [ [ [ [ 176.170446190167183, -37.687088754388469 ], [ 176.170490969884355, -37.68709459522114 ], [ 176.170496810717026, -37.687114713644796 ], [ 176.170452030999854, -37.687108223830712 ], [ 176.170446190167183, -37.687088754388469 ] ] ] ] } },
{ "type": "Feature", "properties": { "id": null }, "geometry": { "type": "MultiPolygon", "coordinates": [ [ [ [ 176.170497459698453, -37.687119256514656 ], [ 176.170503300531124, -37.68714067290113 ], [ 176.170454626925505, -37.687133534105634 ], [ 176.170450733037057, -37.687112766700572 ], [ 176.170497459698453, -37.687119256514656 ] ] ] ] } },
{ "type": "Feature", "properties": { "id": null }, "geometry": { "type": "MultiPolygon", "coordinates": [ [ [ [ 176.170482533126062, -37.687047868559745 ], [ 176.170529908768856, -37.687038782820032 ], [ 176.170537047564352, -37.687056954299464 ], [ 176.170489022940131, -37.687066040039177 ], [ 176.170482533126062, -37.687047868559745 ] ] ] ] } },
{ "type": "Feature", "properties": { "id": null }, "geometry": { "type": "MultiPolygon", "coordinates": [ [ [ [ 176.170475394330566, -37.687023207266236 ], [ 176.170481235163237, -37.687044623652703 ], [ 176.170529908768856, -37.687036186894396 ], [ 176.170521472010535, -37.687018664396376 ], [ 176.170475394330566, -37.687023207266236 ] ] ] ] } },
{ "type": "Feature", "properties": { "id": null }, "geometry": { "type": "MultiPolygon", "coordinates": [ [ [ [ 176.170489022940131, -37.687069284946219 ], [ 176.170495512754229, -37.687091350314098 ], [ 176.170547431266868, -37.68707707272312 ], [ 176.170538994508576, -37.68705760328087 ], [ 176.170489022940131, -37.687069284946219 ] ] ] ] } },
{ "type": "Feature", "properties": { "id": null }, "geometry": { "type": "MultiPolygon", "coordinates": [ [ [ [ 176.170496810717026, -37.687093946239735 ], [ 176.1705013535869, -37.687115362626209 ], [ 176.170550027192519, -37.687102382998042 ], [ 176.170547431266868, -37.687080317630162 ], [ 176.170496810717026, -37.687093946239735 ] ] ] ] } },
{ "type": "Feature", "properties": { "id": null }, "geometry": { "type": "MultiPolygon", "coordinates": [ [ [ [ 176.170502002568298, -37.687117958551838 ], [ 176.170507194419571, -37.687141970863941 ], [ 176.170557814969413, -37.687123150403103 ], [ 176.170551325155316, -37.687103031979447 ], [ 176.170502002568298, -37.687117958551838 ] ] ] ] } },
{ "type": "Feature", "properties": { "id": null }, "geometry": { "type": "MultiPolygon", "coordinates": [ [ [ [ 176.170643480515309, -37.68704008078285 ], [ 176.170636341719813, -37.687063444113548 ], [ 176.170667492827391, -37.687087456425651 ], [ 176.170677876529936, -37.687066040039177 ], [ 176.170643480515309, -37.68704008078285 ] ] ] ] } },
{ "type": "Feature", "properties": { "id": null }, "geometry": { "type": "MultiPolygon", "coordinates": [ [ [ [ 176.170563655802084, -37.686923913110768 ], [ 176.170564953764909, -37.686942733571613 ], [ 176.170621415147423, -37.686936892738935 ], [ 176.170617521258976, -37.686916125333873 ], [ 176.170563655802084, -37.686923913110768 ] ] ] ] } },
{ "type": "Feature", "properties": { "id": null }, "geometry": { "type": "MultiPolygon", "coordinates": [ [ [ [ 176.170629202924317, -37.687065391057772 ], [ 176.170618819221772, -37.687085509481427 ], [ 176.170657109124875, -37.687112766700572 ], [ 176.170664896901769, -37.687093297258322 ], [ 176.170629202924317, -37.687065391057772 ] ] ] ] } },
{ "type": "Feature", "properties": { "id": null }, "geometry": { "type": "MultiPolygon", "coordinates": [ [ [ [ 176.170617521258976, -37.687088754388469 ], [ 176.170608435519256, -37.687106925867901 ], [ 176.170648023385155, -37.687138076975494 ], [ 176.170655162180651, -37.687117309570432 ], [ 176.170617521258976, -37.687088754388469 ] ] ] ] } },
{ "type": "Feature", "properties": { "id": null }, "geometry": { "type": "MultiPolygon", "coordinates": [ [ [ [ 176.170608435519256, -37.68711406466339 ], [ 176.170598700798138, -37.68713158716141 ], [ 176.170638288664037, -37.687160791324786 ], [ 176.170645427459533, -37.687141970863941 ], [ 176.170608435519256, -37.68711406466339 ] ] ] ] } },
{ "type": "Feature", "properties": { "id": null }, "geometry": { "type": "MultiPolygon", "coordinates": [ [ [ [ 176.170600647742361, -37.687138725956899 ], [ 176.170592859965467, -37.68715365252929 ], [ 176.170630500887142, -37.687184154655483 ], [ 176.170637639682639, -37.687165983176051 ], [ 176.170600647742361, -37.687138725956899 ] ] ] ] } },
{ "type": "Feature", "properties": { "id": null }, "geometry": { "type": "MultiPolygon", "coordinates": [ [ [ [ 176.170593508946865, -37.687163387250415 ], [ 176.170585072188544, -37.687180909748442 ], [ 176.170621415147423, -37.687212709837446 ], [ 176.170629202924317, -37.687189346506749 ], [ 176.170593508946865, -37.687163387250415 ] ] ] ] } },
{ "type": "Feature", "properties": { "id": null }, "geometry": { "type": "MultiPolygon", "coordinates": [ [ [ [ 176.17058312524432, -37.68719064446956 ], [ 176.170572741541804, -37.68721465678167 ], [ 176.170611031444878, -37.687239318075186 ], [ 176.170620117184598, -37.687216603725894 ], [ 176.17058312524432, -37.68719064446956 ] ] ] ] } },
{ "type": "Feature", "properties": { "id": null }, "geometry": { "type": "MultiPolygon", "coordinates": [ [ [ [ 176.170651917273574, -37.687015419489327 ], [ 176.170645427459476, -37.687034888931571 ], [ 176.170678525511306, -37.687059550225086 ], [ 176.170685664306802, -37.687039431801431 ], [ 176.170651917273574, -37.687015419489327 ] ] ] ] } },
{ "type": "Feature", "properties": { "id": null }, "geometry": { "type": "MultiPolygon", "coordinates": [ [ [ [ 176.170661003013294, -37.686996599028483 ], [ 176.170652566254972, -37.687012823563691 ], [ 176.170686962269627, -37.68703359096876 ], [ 176.170691505139473, -37.687014121526509 ], [ 176.170661003013294, -37.686996599028483 ] ] ] ] } },
{ "type": "Feature", "properties": { "id": null }, "geometry": { "type": "MultiPolygon", "coordinates": [ [ [ [ 176.166005859371694, -37.682427769914376 ], [ 176.16600391242747, -37.682440749542543 ], [ 176.165940312249461, -37.68243425972846 ], [ 176.165944206137908, -37.682421929081698 ], [ 176.166005859371694, -37.682427769914376 ] ] ] ] } },
{ "type": "Feature", "properties": { "id": null }, "geometry": { "type": "MultiPolygon", "coordinates": [ [ [ [ 176.165963675580173, -37.682316145112154 ], [ 176.165957185766075, -37.682350541126794 ], [ 176.165981847059584, -37.682353786033836 ], [ 176.16598898585508, -37.682320687982013 ], [ 176.165963675580173, -37.682316145112154 ] ] ] ] } },
{ "type": "Feature", "properties": { "id": null }, "geometry": { "type": "MultiPolygon", "coordinates": [ [ [ [ 176.165937716323839, -37.682312900205112 ], [ 176.165930577528343, -37.682347296219753 ], [ 176.165953940859055, -37.682349892145382 ], [ 176.165961079654522, -37.682315496130748 ], [ 176.165937716323839, -37.682312900205112 ] ] ] ] } },
{ "type": "Feature", "properties": { "id": null }, "geometry": { "type": "MultiPolygon", "coordinates": [ [ [ [ 176.165911108086107, -37.682310304279483 ], [ 176.165903969290611, -37.682344051312711 ], [ 176.165924087714274, -37.682345998256935 ], [ 176.165932524472566, -37.682312900205112 ], [ 176.165911108086107, -37.682310304279483 ] ] ] ] } },
{ "type": "Feature", "properties": { "id": null }, "geometry": { "type": "MultiPolygon", "coordinates": [ [ [ [ 176.165882552904122, -37.682307059372441 ], [ 176.165874765127228, -37.682341455387075 ], [ 176.165896181513716, -37.682344051312711 ], [ 176.165905916234834, -37.68230965529807 ], [ 176.165882552904122, -37.682307059372441 ] ] ] ] } },
{ "type": "Feature", "properties": { "id": null }, "geometry": { "type": "MultiPolygon", "coordinates": [ [ [ [ 176.165854646703565, -37.682301867521176 ], [ 176.16584685892667, -37.682336263535809 ], [ 176.165867626331732, -37.682338859461446 ], [ 176.165877361052878, -37.682305112428217 ], [ 176.165854646703565, -37.682301867521176 ] ] ] ] } },
{ "type": "Feature", "properties": { "id": null }, "geometry": { "type": "MultiPolygon", "coordinates": [ [ [ [ 176.165825442540211, -37.682297973632721 ], [ 176.165817005781889, -37.682333018628768 ], [ 176.165839071149776, -37.682335614554404 ], [ 176.165848156889496, -37.682300569558357 ], [ 176.165825442540211, -37.682297973632721 ] ] ] ] } },
{ "type": "Feature", "properties": { "id": null }, "geometry": { "type": "MultiPolygon", "coordinates": [ [ [ [ 176.165796887358255, -37.682296026688498 ], [ 176.165787801618535, -37.68232912474032 ], [ 176.165811164949218, -37.682333018628768 ], [ 176.16581960170754, -37.682298622614134 ], [ 176.165796887358255, -37.682296026688498 ] ] ] ] } },
{ "type": "Feature", "properties": { "id": null }, "geometry": { "type": "MultiPolygon", "coordinates": [ [ [ [ 176.165700838109814, -37.682390777974106 ], [ 176.165698242184192, -37.682405704546497 ], [ 176.165767683194872, -37.682414790286209 ], [ 176.165769630139096, -37.682398565751001 ], [ 176.165700838109814, -37.682390777974106 ] ] ] ] } },
{ "type": "Feature", "properties": { "id": null }, "geometry": { "type": "MultiPolygon", "coordinates": [ [ [ [ 176.16577741791599, -37.682400512695231 ], [ 176.165773524027543, -37.682417386211846 ], [ 176.165837773186951, -37.682424525007335 ], [ 176.165839720131174, -37.68240765149072 ], [ 176.16577741791599, -37.682400512695231 ] ] ] ] } },
{ "type": "Feature", "properties": { "id": null }, "geometry": { "type": "MultiPolygon", "coordinates": [ [ [ [ 176.165845560963874, -37.682409598434944 ], [ 176.165844911982447, -37.682423876025929 ], [ 176.165905267253436, -37.682431014821418 ], [ 176.165908512160456, -37.682416737230433 ], [ 176.165845560963874, -37.682409598434944 ] ] ] ] } },
{ "type": "Feature", "properties": { "id": null }, "geometry": { "type": "MultiPolygon", "coordinates": [ [ [ [ 176.165792344488381, -37.682293430762869 ], [ 176.165784556711486, -37.682329773721726 ], [ 176.165759895417978, -37.682327177796097 ], [ 176.165767034213474, -37.682290185855827 ], [ 176.165792344488381, -37.682293430762869 ] ] ] ] } },
{ "type": "Feature", "properties": { "id": null }, "geometry": { "type": "MultiPolygon", "coordinates": [ [ [ [ 176.165764438287823, -37.682291483818638 ], [ 176.165754703566705, -37.682326528814684 ], [ 176.16573198921742, -37.682323932889055 ], [ 176.165738479031489, -37.682287589930191 ], [ 176.165764438287823, -37.682291483818638 ] ] ] ] } },
{ "type": "Feature", "properties": { "id": null }, "geometry": { "type": "MultiPolygon", "coordinates": [ [ [ [ 176.165735234124469, -37.682290834837232 ], [ 176.165727446347546, -37.682324581870461 ], [ 176.165704731998261, -37.682321985944832 ], [ 176.165709923849533, -37.682287589930191 ], [ 176.165735234124469, -37.682290834837232 ] ] ] ] } },
{ "type": "Feature", "properties": { "id": null }, "geometry": { "type": "MultiPolygon", "coordinates": [ [ [ [ 176.165706678942485, -37.682287589930191 ], [ 176.16569889116559, -37.68231874103779 ], [ 176.165674229872081, -37.682317443074972 ], [ 176.1656839645932, -37.682284345023149 ], [ 176.165706678942485, -37.682287589930191 ] ] ] ] } },
{ "type": "Feature", "properties": { "id": null }, "geometry": { "type": "MultiPolygon", "coordinates": [ [ [ [ 176.165678123760529, -37.682284345023149 ], [ 176.165668389039411, -37.682317443074972 ], [ 176.165650217559971, -37.68231419816793 ], [ 176.165661899225313, -37.682280451134702 ], [ 176.165678123760529, -37.682284345023149 ] ] ] ] } },
{ "type": "Feature", "properties": { "id": null }, "geometry": { "type": "MultiPolygon", "coordinates": [ [ [ [ 176.16559894802873, -37.6822726633578 ], [ 176.165590511270409, -37.682307059372441 ], [ 176.165614523582519, -37.682311602242294 ], [ 176.165621662378015, -37.682273312339213 ], [ 176.16559894802873, -37.6822726633578 ] ] ] ] } },
{ "type": "Feature", "properties": { "id": null }, "geometry": { "type": "MultiPolygon", "coordinates": [ [ [ [ 176.165630748117735, -37.682276557246254 ], [ 176.165625556266463, -37.68230965529807 ], [ 176.165643727745902, -37.682311602242294 ], [ 176.165652813485622, -37.682278504190478 ], [ 176.165630748117735, -37.682276557246254 ] ] ] ] } },
{ "type": "Feature", "properties": { "id": null }, "geometry": { "type": "MultiPolygon", "coordinates": [ [ [ [ 176.165569743865348, -37.682269418450758 ], [ 176.165562605069852, -37.682302516502581 ], [ 176.165584670437738, -37.682305112428217 ], [ 176.165593756177458, -37.682272014376395 ], [ 176.165569743865348, -37.682269418450758 ] ] ] ] } },
{ "type": "Feature", "properties": { "id": null }, "geometry": { "type": "MultiPolygon", "coordinates": [ [ [ [ 176.165542486646217, -37.682264226599493 ], [ 176.165534049887896, -37.682299920576952 ], [ 176.165556764237181, -37.682299920576952 ], [ 176.165561956088453, -37.682266822525129 ], [ 176.165542486646217, -37.682264226599493 ] ] ] ] } },
{ "type": "Feature", "properties": { "id": null }, "geometry": { "type": "MultiPolygon", "coordinates": [ [ [ [ 176.165510037575842, -37.682256438822598 ], [ 176.165505494705968, -37.68229667566991 ], [ 176.165524315166806, -37.682298622614134 ], [ 176.165534049887924, -37.68225968372964 ], [ 176.165510037575842, -37.682256438822598 ] ] ] ] } },
{ "type": "Feature", "properties": { "id": null }, "geometry": { "type": "MultiPolygon", "coordinates": [ [ [ [ 176.165507441650192, -37.682251895952739 ], [ 176.165500951836123, -37.682297973632721 ], [ 176.165477588505411, -37.68229472872568 ], [ 176.165486025263732, -37.682249300027102 ], [ 176.165507441650192, -37.682251895952739 ] ] ] ] } },
{ "type": "Feature", "properties": { "id": null }, "geometry": { "type": "MultiPolygon", "coordinates": [ [ [ [ 176.165482131375285, -37.68225059798992 ], [ 176.165470449709915, -37.682295377707092 ], [ 176.165449033323455, -37.68229213280005 ], [ 176.165457470081776, -37.682245406138655 ], [ 176.165482131375285, -37.68225059798992 ] ] ] ] } },
{ "type": "Feature", "properties": { "id": null }, "geometry": { "type": "MultiPolygon", "coordinates": [ [ [ [ 176.165452278230504, -37.682245406138655 ], [ 176.165442543509386, -37.682291483818638 ], [ 176.165421776104296, -37.682288238911603 ], [ 176.165431510825442, -37.68224475715725 ], [ 176.165452278230504, -37.682245406138655 ] ] ] ] } },
{ "type": "Feature", "properties": { "id": null }, "geometry": { "type": "MultiPolygon", "coordinates": [ [ [ [ 176.165425669992771, -37.682242810213019 ], [ 176.165413988327401, -37.682287589930191 ], [ 176.165391922959543, -37.682286291967372 ], [ 176.165403604624885, -37.682238267343166 ], [ 176.165425669992771, -37.682242810213019 ] ] ] ] } },
{ "type": "Feature", "properties": { "id": null }, "geometry": { "type": "MultiPolygon", "coordinates": [ [ [ [ 176.165396465829389, -37.682242810213019 ], [ 176.165386082126844, -37.682283696041743 ], [ 176.16536271879616, -37.682281100116107 ], [ 176.165372453517278, -37.682238267343166 ], [ 176.165396465829389, -37.682242810213019 ] ] ] ] } },
{ "type": "Feature", "properties": { "id": null }, "geometry": { "type": "MultiPolygon", "coordinates": [ [ [ [ 176.165365963703209, -37.68224021428739 ], [ 176.16535687796349, -37.682281100116107 ], [ 176.165336110558428, -37.682279802153296 ], [ 176.165345196298148, -37.682239565305977 ], [ 176.165365963703209, -37.68224021428739 ] ] ] ] } },
{ "type": "Feature", "properties": { "id": null }, "geometry": { "type": "MultiPolygon", "coordinates": [ [ [ [ 176.165339355465449, -37.682236320398943 ], [ 176.165328971762932, -37.682278504190478 ], [ 176.165306257413647, -37.682273961320618 ], [ 176.165317939078989, -37.68223112854767 ], [ 176.165339355465449, -37.682236320398943 ] ] ] ] } },
{ "type": "Feature", "properties": { "id": null }, "geometry": { "type": "MultiPolygon", "coordinates": [ [ [ [ 176.165312098246318, -37.682233075491901 ], [ 176.165301065562375, -37.682273312339213 ], [ 176.165277702231663, -37.682270716413576 ], [ 176.165289383897033, -37.682231777529083 ], [ 176.165312098246318, -37.682233075491901 ] ] ] ] } },
{ "type": "Feature", "properties": { "id": null }, "geometry": { "type": "MultiPolygon", "coordinates": [ [ [ [ 176.165282894082935, -37.682229830584859 ], [ 176.165271212417593, -37.682270067432171 ], [ 176.165249796031134, -37.682268120487947 ], [ 176.165258881770825, -37.682227234659223 ], [ 176.165282894082935, -37.682229830584859 ] ] ] ] } },
{ "type": "Feature", "properties": { "id": null }, "geometry": { "type": "MultiPolygon", "coordinates": [ [ [ [ 176.165253689919581, -37.682228532622041 ], [ 176.165242657235638, -37.682268120487947 ], [ 176.165221889830576, -37.682266173543717 ], [ 176.165229677607471, -37.682225936696405 ], [ 176.165253689919581, -37.682228532622041 ] ] ] ] } },
{ "type": "Feature", "properties": { "id": null }, "geometry": { "type": "MultiPolygon", "coordinates": [ [ [ [ 176.165226432700422, -37.682225936696405 ], [ 176.165214102053653, -37.682264875580906 ], [ 176.165192685667193, -37.682262928636675 ], [ 176.165201122425515, -37.682221393826552 ], [ 176.165226432700422, -37.682225936696405 ] ] ] ] } },
{ "type": "Feature", "properties": { "id": null }, "geometry": { "type": "MultiPolygon", "coordinates": [ [ [ [ 176.165194632611417, -37.682224638733594 ], [ 176.165186844834523, -37.682261630673864 ], [ 176.165165428448034, -37.682258385766822 ], [ 176.165171918262132, -37.682222042807958 ], [ 176.165194632611417, -37.682224638733594 ] ] ] ] } },
{ "type": "Feature", "properties": { "id": null }, "geometry": { "type": "MultiPolygon", "coordinates": [ [ [ [ 176.165167375392286, -37.682219446882321 ], [ 176.165158289652567, -37.682259034748228 ], [ 176.16513362835903, -37.68225514085978 ], [ 176.165144661042973, -37.682215552993874 ], [ 176.165167375392286, -37.682219446882321 ] ] ] ] } },
{ "type": "Feature", "properties": { "id": null }, "geometry": { "type": "MultiPolygon", "coordinates": [ [ [ [ 176.165268616491971, -37.682340806405669 ], [ 176.165266020566321, -37.682357030940878 ], [ 176.165327673800107, -37.682364169736367 ], [ 176.16532962074433, -37.682348594182571 ], [ 176.165268616491971, -37.682340806405669 ] ] ] ] } },
{ "type": "Feature", "properties": { "id": null }, "geometry": { "type": "MultiPolygon", "coordinates": [ [ [ [ 176.165336759539827, -37.682348594182571 ], [ 176.165332865651379, -37.682365467699185 ], [ 176.165388678052494, -37.682371957513269 ], [ 176.165391922959543, -37.682354435015242 ], [ 176.165336759539827, -37.682348594182571 ] ] ] ] } },
{ "type": "Feature", "properties": { "id": null }, "geometry": { "type": "MultiPolygon", "coordinates": [ [ [ [ 176.165397114810787, -37.682355083996647 ], [ 176.165395167866563, -37.68237325547608 ], [ 176.165456821100349, -37.682379096308757 ], [ 176.165460066007398, -37.682362222792143 ], [ 176.165397114810787, -37.682355083996647 ] ] ] ] } },
{ "type": "Feature", "properties": { "id": null }, "geometry": { "type": "MultiPolygon", "coordinates": [ [ [ [ 176.165465257858671, -37.682362871773549 ], [ 176.16546266193302, -37.682378447327345 ], [ 176.165512633501464, -37.682386235104246 ], [ 176.165515229427086, -37.682369361587632 ], [ 176.165465257858671, -37.682362871773549 ] ] ] ] } },
{ "type": "Feature", "properties": { "id": null }, "geometry": { "type": "MultiPolygon", "coordinates": [ [ [ [ 176.16551977229696, -37.68237065955045 ], [ 176.165517825352737, -37.682387533067065 ], [ 176.165571690809628, -37.68239272491833 ], [ 176.165573637753852, -37.682376500383121 ], [ 176.16551977229696, -37.68237065955045 ] ] ] ] } },
{ "type": "Feature", "properties": { "id": null }, "geometry": { "type": "MultiPolygon", "coordinates": [ [ [ [ 176.165563903032648, -37.68444610209405 ], [ 176.165559360162774, -37.684466869499111 ], [ 176.165503547761688, -37.684459730703622 ], [ 176.16550614368731, -37.684440910242785 ], [ 176.165563903032648, -37.68444610209405 ] ] ] ] } },
{ "type": "Feature", "properties": { "id": null }, "geometry": { "type": "MultiPolygon", "coordinates": [ [ [ [ 176.165504845724485, -37.684438963298561 ], [ 176.165502249798863, -37.684460379685028 ], [ 176.165448384341971, -37.684453889870944 ], [ 176.165452278230418, -37.684435069410107 ], [ 176.165504845724485, -37.684438963298561 ] ] ] ] } },
{ "type": "Feature", "properties": { "id": null }, "geometry": { "type": "MultiPolygon", "coordinates": [ [ [ [ 176.165447735360573, -37.684434420428701 ], [ 176.165446437397748, -37.68445064496391 ], [ 176.165393220922283, -37.684444155149826 ], [ 176.165395167866507, -37.684427930614618 ], [ 176.165447735360573, -37.684434420428701 ] ] ] ] } },
{ "type": "Feature", "properties": { "id": null }, "geometry": { "type": "MultiPolygon", "coordinates": [ [ [ [ 176.165591809233206, -37.684362383492385 ], [ 176.165590511270381, -37.684379905990404 ], [ 176.165537943776314, -37.684375363120552 ], [ 176.16553924173914, -37.684358489603937 ], [ 176.165591809233206, -37.684362383492385 ] ] ] ] } },
{ "type": "Feature", "properties": { "id": null }, "geometry": { "type": "MultiPolygon", "coordinates": [ [ [ [ 176.165535996832091, -37.684357840622525 ], [ 176.165533400906469, -37.684375363120552 ], [ 176.165482780356598, -37.68436757534365 ], [ 176.165484078319423, -37.684351999789854 ], [ 176.165535996832091, -37.684357840622525 ] ] ] ] } },
{ "type": "Feature", "properties": { "id": null }, "geometry": { "type": "MultiPolygon", "coordinates": [ [ [ [ 176.165342600372441, -37.684336424236051 ], [ 176.165341302409615, -37.684353297752665 ], [ 176.165399061754954, -37.684360436548161 ], [ 176.165402306661974, -37.684343563031547 ], [ 176.165342600372441, -37.684336424236051 ] ] ] ] } },
{ "type": "Feature", "properties": { "id": null }, "geometry": { "type": "MultiPolygon", "coordinates": [ [ [ [ 176.165325726855826, -37.684418844874905 ], [ 176.165323130930176, -37.684438963298561 ], [ 176.165265371584837, -37.684429228577436 ], [ 176.165269914454711, -37.684413653023633 ], [ 176.165325726855826, -37.684418844874905 ] ] ] ] } },
{ "type": "Feature", "properties": { "id": null }, "geometry": { "type": "MultiPolygon", "coordinates": [ [ [ [ 176.165185546871641, -37.68440002441406 ], [ 176.165182301964592, -37.684419493856311 ], [ 176.165127138544875, -37.684411706079409 ], [ 176.165130383451924, -37.684396130525613 ], [ 176.165185546871641, -37.68440002441406 ] ] ] ] } },
{ "type": "Feature", "properties": { "id": null }, "geometry": { "type": "MultiPolygon", "coordinates": [ [ [ [ 176.165132979377574, -37.6843085180355 ], [ 176.165127787526302, -37.684327338496338 ], [ 176.165186844834437, -37.684335775254645 ], [ 176.165189440760088, -37.684316954793807 ], [ 176.165132979377574, -37.6843085180355 ] ] ] ] } },
{ "type": "Feature", "properties": { "id": null }, "geometry": { "type": "MultiPolygon", "coordinates": [ [ [ [ 176.165327024818623, -37.684419493856311 ], [ 176.165325726855826, -37.684439612279967 ], [ 176.165389976015234, -37.684446751075455 ], [ 176.165391922959458, -37.684428579596023 ], [ 176.165327024818623, -37.684419493856311 ] ] ] ] } },
{ "type": "Feature", "properties": { "id": null }, "geometry": { "type": "MultiPolygon", "coordinates": [ [ [ [ 176.165060942441272, -37.684300730258599 ], [ 176.165058995497048, -37.684320848682255 ], [ 176.165005130040157, -37.684313709886759 ], [ 176.165006428002982, -37.684295538407326 ], [ 176.165060942441272, -37.684300730258599 ] ] ] ] } },
{ "type": "Feature", "properties": { "id": null }, "geometry": { "type": "MultiPolygon", "coordinates": [ [ [ [ 176.164872088851467, -37.684281909797754 ], [ 176.164870790888642, -37.684298134332963 ], [ 176.164927901252582, -37.684305273128452 ], [ 176.164929199215408, -37.684287101649019 ], [ 176.164872088851467, -37.684281909797754 ] ] ] ] } },
{ "type": "Feature", "properties": { "id": null }, "geometry": { "type": "MultiPolygon", "coordinates": [ [ [ [ 176.16465338211691, -37.68414497472061 ], [ 176.164671553596321, -37.684146921664833 ], [ 176.164662467856601, -37.684194946289047 ], [ 176.164642349432967, -37.684191701382005 ], [ 176.16465338211691, -37.68414497472061 ] ] ] ] } },
{ "type": "Feature", "properties": { "id": null }, "geometry": { "type": "MultiPolygon", "coordinates": [ [ [ [ 176.164660520912378, -37.684091758245131 ], [ 176.164682586280264, -37.684096950096404 ], [ 176.164691023038586, -37.684047627509372 ], [ 176.164670255633524, -37.684046329546554 ], [ 176.164660520912378, -37.684091758245131 ] ] ] ] } },
{ "type": "Feature", "properties": { "id": null }, "geometry": { "type": "MultiPolygon", "coordinates": [ [ [ [ 176.164672202577748, -37.684043733620925 ], [ 176.164690374057159, -37.684048276490785 ], [ 176.164700757759704, -37.684003496773613 ], [ 176.164678043410419, -37.684003496773613 ], [ 176.164672202577748, -37.684043733620925 ] ] ] ] } },
{ "type": "Feature", "properties": { "id": null }, "geometry": { "type": "MultiPolygon", "coordinates": [ [ [ [ 176.164750080346721, -37.684100195003445 ], [ 176.164758517105042, -37.68405346834205 ], [ 176.164777986547278, -37.684059958156134 ], [ 176.16476825182616, -37.684102141947669 ], [ 176.164750080346721, -37.684100195003445 ] ] ] ] } },
{ "type": "Feature", "properties": { "id": null }, "geometry": { "type": "MultiPolygon", "coordinates": [ [ [ [ 176.164757868123615, -37.684052819360637 ], [ 176.164776688584482, -37.684058660193315 ], [ 176.164785125342775, -37.68401647640178 ], [ 176.164764357937713, -37.684013231494738 ], [ 176.164757868123615, -37.684052819360637 ] ] ] ] } },
{ "type": "Feature", "properties": { "id": null }, "geometry": { "type": "MultiPolygon", "coordinates": [ [ [ [ 176.16477733756588, -37.683957419093623 ], [ 176.164796158026718, -37.683960664000665 ], [ 176.164805243766438, -37.683913288357864 ], [ 176.164781231454327, -37.683908745488004 ], [ 176.16477733756588, -37.683957419093623 ] ] ] ] } },
{ "type": "Feature", "properties": { "id": null }, "geometry": { "type": "MultiPolygon", "coordinates": [ [ [ [ 176.164793562101096, -37.683867859659287 ], [ 176.164785774324173, -37.683904851599557 ], [ 176.164803296822214, -37.683910043450823 ], [ 176.164811084599108, -37.683869806603511 ], [ 176.164793562101096, -37.683867859659287 ] ] ] ] } },
{ "type": "Feature", "properties": { "id": null }, "geometry": { "type": "MultiPolygon", "coordinates": [ [ [ [ 176.164705949610891, -37.683873051510545 ], [ 176.164723472108903, -37.683874998454776 ], [ 176.164731908867225, -37.683821781979297 ], [ 176.164714386369184, -37.683820484016479 ], [ 176.164705949610891, -37.683873051510545 ] ] ] ] } },
{ "type": "Feature", "properties": { "id": null }, "geometry": { "type": "MultiPolygon", "coordinates": [ [ [ [ 176.164716333313407, -37.683816590128032 ], [ 176.164729961923001, -37.683817239109437 ], [ 176.164741643588343, -37.683762724671148 ], [ 176.164724770071729, -37.683762075689735 ], [ 176.164716333313407, -37.683816590128032 ] ] ] ] } },
{ "type": "Feature", "properties": { "id": null }, "geometry": { "type": "MultiPolygon", "coordinates": [ [ [ [ 176.164727365997351, -37.683756234857064 ], [ 176.164742292569741, -37.683758181801288 ], [ 176.16475462321651, -37.683702369400173 ], [ 176.164737749699896, -37.683699773474544 ], [ 176.164727365997351, -37.683756234857064 ] ] ] ] } },
{ "type": "Feature", "properties": { "id": null }, "geometry": { "type": "MultiPolygon", "coordinates": [ [ [ [ 176.164814329506072, -37.683751043005799 ], [ 176.164832500985511, -37.683754287912834 ], [ 176.164843533669426, -37.683696528567502 ], [ 176.164821468301568, -37.68369782653032 ], [ 176.164814329506072, -37.683751043005799 ] ] ] ] } },
{ "type": "Feature", "properties": { "id": null }, "geometry": { "type": "MultiPolygon", "coordinates": [ [ [ [ 176.165426318974056, -37.683312656064516 ], [ 176.165424372029833, -37.683329854071829 ], [ 176.165474668088962, -37.68333764184873 ], [ 176.16547791299601, -37.683319794860004 ], [ 176.165426318974056, -37.683312656064516 ] ] ] ] } },
{ "type": "Feature", "properties": { "id": null }, "geometry": { "type": "MultiPolygon", "coordinates": [ [ [ [ 176.165107993593267, -37.683375282770406 ], [ 176.165078140448486, -37.683406433878005 ], [ 176.165109291556092, -37.683412274710683 ], [ 176.165133303868174, -37.683376580733224 ], [ 176.165107993593267, -37.683375282770406 ] ] ] ] } },
{ "type": "Feature", "properties": { "id": null }, "geometry": { "type": "MultiPolygon", "coordinates": [ [ [ [ 176.165144985533544, -37.683374633789001 ], [ 176.165115132388763, -37.683403837952369 ], [ 176.165141740626495, -37.683412274710683 ], [ 176.165174838678325, -37.683377229714637 ], [ 176.165144985533544, -37.683374633789001 ] ] ] ] } },
{ "type": "Feature", "properties": { "id": null }, "geometry": { "type": "MultiPolygon", "coordinates": [ [ [ [ 176.165180679510996, -37.683377878696042 ], [ 176.165148879421992, -37.683410976747865 ], [ 176.165172242752675, -37.683418115543354 ], [ 176.165205989785903, -37.683383070547308 ], [ 176.165180679510996, -37.683377878696042 ] ] ] ] } },
{ "type": "Feature", "properties": { "id": null }, "geometry": { "type": "MultiPolygon", "coordinates": [ [ [ [ 176.165211181637176, -37.683384368510126 ], [ 176.165177434603947, -37.683416817580536 ], [ 176.165198850990407, -37.683424605357438 ], [ 176.165233895986461, -37.683390858324209 ], [ 176.165211181637176, -37.683384368510126 ] ] ] ] } },
{ "type": "Feature", "properties": { "id": null }, "geometry": { "type": "MultiPolygon", "coordinates": [ [ [ [ 176.165329945234902, -37.683389560361391 ], [ 176.165312422736861, -37.68342071146899 ], [ 176.165334488104747, -37.683427850264479 ], [ 176.16535201060276, -37.683394752212656 ], [ 176.165329945234902, -37.683389560361391 ] ] ] ] } },
{ "type": "Feature", "properties": { "id": null }, "geometry": { "type": "MultiPolygon", "coordinates": [ [ [ [ 176.165413663836546, -37.683393454249838 ], [ 176.165390949487261, -37.683432393134339 ], [ 176.165416908743595, -37.683440180911234 ], [ 176.16543962309288, -37.683398646101104 ], [ 176.165413663836546, -37.683393454249838 ] ] ] ] } },
{ "type": "Feature", "properties": { "id": null }, "geometry": { "type": "MultiPolygon", "coordinates": [ [ [ [ 176.165481806884429, -37.683319470369298 ], [ 176.165479210958779, -37.683335694904507 ], [ 176.165533725397069, -37.683341535737178 ], [ 176.165535672341321, -37.683325960183382 ], [ 176.165481806884429, -37.683319470369298 ] ] ] ] } },
{ "type": "Feature", "properties": { "id": null }, "geometry": { "type": "MultiPolygon", "coordinates": [ [ [ [ 176.165443516981327, -37.683400593045334 ], [ 176.165422100594867, -37.683438882948415 ], [ 176.165448059851201, -37.683441478874052 ], [ 176.165466231330612, -37.6834057848966 ], [ 176.165443516981327, -37.683400593045334 ] ] ] ] } },
{ "type": "Feature", "properties": { "id": null }, "geometry": { "type": "MultiPolygon", "coordinates": [ [ [ [ 176.165475966051758, -37.6834057848966 ], [ 176.165455847628095, -37.683439531929828 ], [ 176.16547856197738, -37.683444723781093 ], [ 176.165503223270889, -37.683409678785047 ], [ 176.165475966051758, -37.6834057848966 ] ] ] ] } },
{ "type": "Feature", "properties": { "id": null }, "geometry": { "type": "MultiPolygon", "coordinates": [ [ [ [ 176.165627827701286, -37.683332449997465 ], [ 176.165625880757062, -37.683350621476897 ], [ 176.165689480935072, -37.683358409253799 ], [ 176.165692076860694, -37.683341535737178 ], [ 176.165627827701286, -37.683332449997465 ] ] ] ] } },
{ "type": "Feature", "properties": { "id": null }, "geometry": { "type": "MultiPolygon", "coordinates": [ [ [ [ 176.165694023804917, -37.683341535737178 ], [ 176.165692725842092, -37.683361005179428 ], [ 176.165748538243207, -37.683368143974917 ], [ 176.165753081113081, -37.683348674532674 ], [ 176.165694023804917, -37.683341535737178 ] ] ] ] } },
{ "type": "Feature", "properties": { "id": null }, "geometry": { "type": "MultiPolygon", "coordinates": [ [ [ [ 176.165742048429138, -37.683439531929828 ], [ 176.165718036117028, -37.683468736093197 ], [ 176.165689480935072, -37.683466140167567 ], [ 176.165716738154202, -37.683435638041381 ], [ 176.165742048429138, -37.683439531929828 ] ] ] ] } },
{ "type": "Feature", "properties": { "id": null }, "geometry": { "type": "MultiPolygon", "coordinates": [ [ [ [ 176.165725823893951, -37.683467438130386 ], [ 176.165746591299012, -37.683440829892646 ], [ 176.165774497499569, -37.683444074799688 ], [ 176.165751783150256, -37.683471332018833 ], [ 176.165725823893951, -37.683467438130386 ] ] ] ] } },
{ "type": "Feature", "properties": { "id": null }, "geometry": { "type": "MultiPolygon", "coordinates": [ [ [ [ 176.16575632602013, -37.683471332018833 ], [ 176.16578033833224, -37.68344277683687 ], [ 176.165808893514196, -37.683446670725324 ], [ 176.165781636295037, -37.683476523870098 ], [ 176.16575632602013, -37.683471332018833 ] ] ] ] } },
{ "type": "Feature", "properties": { "id": null }, "geometry": { "type": "MultiPolygon", "coordinates": [ [ [ [ 176.16578942407196, -37.683478470814329 ], [ 176.165814734346867, -37.683444074799688 ], [ 176.165843289528823, -37.683448617669548 ], [ 176.165813436384042, -37.683482364702776 ], [ 176.16578942407196, -37.683478470814329 ] ] ] ] } },
{ "type": "Feature", "properties": { "id": null }, "geometry": { "type": "MultiPolygon", "coordinates": [ [ [ [ 176.164572908422144, -37.684578494301313 ], [ 176.164594324808604, -37.684581090226949 ], [ 176.164603410548324, -37.684525277825834 ], [ 176.164582643143262, -37.684524628844429 ], [ 176.164572908422144, -37.684578494301313 ] ] ] ] } },
{ "type": "Feature", "properties": { "id": null }, "geometry": { "type": "MultiPolygon", "coordinates": [ [ [ [ 176.164668957670557, -37.684529171714289 ], [ 176.164657924986614, -37.684578494301313 ], [ 176.164682586280151, -37.684584335133991 ], [ 176.16469167201987, -37.684534363565554 ], [ 176.164668957670557, -37.684529171714289 ] ] ] ] } },
{ "type": "Feature", "properties": { "id": null }, "geometry": { "type": "MultiPolygon", "coordinates": [ [ [ [ 176.164642349432825, -37.684684278270865 ], [ 176.164652733135341, -37.684640796516511 ], [ 176.164674149521829, -37.684644690404959 ], [ 176.164663765819284, -37.684690768084941 ], [ 176.164642349432825, -37.684684278270865 ] ] ] ] } },
{ "type": "Feature", "properties": { "id": null }, "geometry": { "type": "MultiPolygon", "coordinates": [ [ [ [ 176.164655329060992, -37.684634306702428 ], [ 176.164672851559004, -37.684638849572288 ], [ 176.164681288317325, -37.684589526985256 ], [ 176.164662467856488, -37.684586282078214 ], [ 176.164655329060992, -37.684634306702428 ] ] ] ] } },
{ "type": "Feature", "properties": { "id": null }, "geometry": { "type": "MultiPolygon", "coordinates": [ [ [ [ 176.164562524719599, -37.684638200590875 ], [ 176.164552141017083, -37.684688172159312 ], [ 176.164571610459319, -37.684692715029172 ], [ 176.164583292124661, -37.684642094479322 ], [ 176.164562524719599, -37.684638200590875 ] ] ] ] } },
{ "type": "Feature", "properties": { "id": null }, "geometry": { "type": "MultiPolygon", "coordinates": [ [ [ [ 176.16455343897988, -37.684691417066354 ], [ 176.164543055277363, -37.684734898820707 ], [ 176.164564471663823, -37.684738792709155 ], [ 176.164572259440718, -37.684695959936214 ], [ 176.16455343897988, -37.684691417066354 ] ] ] ] } },
{ "type": "Feature", "properties": { "id": null }, "geometry": { "type": "MultiPolygon", "coordinates": [ [ [ [ 176.16453591648181, -37.68478551937055 ], [ 176.164526181760692, -37.684835490938987 ], [ 176.16454500222153, -37.684838735846029 ], [ 176.164556034905473, -37.684789413259004 ], [ 176.16453591648181, -37.68478551937055 ] ] ] ] } },
{ "type": "Feature", "properties": { "id": null }, "geometry": { "type": "MultiPolygon", "coordinates": [ [ [ [ 176.164526181760692, -37.684841331771665 ], [ 176.164513202132525, -37.684893899265731 ], [ 176.164534618519014, -37.684899740098402 ], [ 176.164543055277306, -37.684844576678699 ], [ 176.164526181760692, -37.684841331771665 ] ] ] ] } },
{ "type": "Feature", "properties": { "id": null }, "geometry": { "type": "MultiPolygon", "coordinates": [ [ [ [ 176.164513851113952, -37.684902336024038 ], [ 176.164502818430009, -37.684954903518104 ], [ 176.16452358583507, -37.684958148425146 ], [ 176.16453267157479, -37.684904931949667 ], [ 176.164513851113952, -37.684902336024038 ] ] ] ] } },
{ "type": "Feature", "properties": { "id": null }, "geometry": { "type": "MultiPolygon", "coordinates": [ [ [ [ 176.164612496287987, -37.684830299087722 ], [ 176.164603410548295, -37.684880270656159 ], [ 176.16462612489758, -37.684884164544606 ], [ 176.164635210637272, -37.68483743788321 ], [ 176.164612496287987, -37.684830299087722 ] ] ] ] } },
{ "type": "Feature", "properties": { "id": null }, "geometry": { "type": "MultiPolygon", "coordinates": [ [ [ [ 176.164604059529694, -37.684884164544606 ], [ 176.164595622771373, -37.684928295280365 ], [ 176.164618337120658, -37.684931540187407 ], [ 176.164625475916154, -37.684889356395871 ], [ 176.164604059529694, -37.684884164544606 ] ] ] ] } },
{ "type": "Feature", "properties": { "id": null }, "geometry": { "type": "MultiPolygon", "coordinates": [ [ [ [ 176.164588483975933, -37.684991895458374 ], [ 176.164607304436771, -37.684995789346821 ], [ 176.164616390176491, -37.684943870834161 ], [ 176.164595622771429, -37.684941274908532 ], [ 176.164588483975933, -37.684991895458374 ] ] ] ] } },
{ "type": "Feature", "properties": { "id": null }, "geometry": { "type": "MultiPolygon", "coordinates": [ [ [ [ 176.164487242876248, -37.685058091562013 ], [ 176.164507361299911, -37.685060038506244 ], [ 176.164515149076806, -37.685015258789072 ], [ 176.164495030653143, -37.685013311844848 ], [ 176.164487242876248, -37.685058091562013 ] ] ] ] } },
{ "type": "Feature", "properties": { "id": null }, "geometry": { "type": "MultiPolygon", "coordinates": [ [ [ [ 176.164498275560192, -37.685006822030765 ], [ 176.164512553151184, -37.685008768974988 ], [ 176.164520989909477, -37.684964638239229 ], [ 176.164504116392862, -37.684962691294999 ], [ 176.164498275560192, -37.685006822030765 ] ] ] ] } },
{ "type": "Feature", "properties": { "id": null }, "geometry": { "type": "MultiPolygon", "coordinates": [ [ [ [ 176.164457389731439, -37.685213198118589 ], [ 176.164479455099325, -37.6852144960814 ], [ 176.164487891857647, -37.685169067382823 ], [ 176.164466475471158, -37.685163875531558 ], [ 176.164457389731439, -37.685213198118589 ] ] ] ] } },
{ "type": "Feature", "properties": { "id": null }, "geometry": { "type": "MultiPolygon", "coordinates": [ [ [ [ 176.164471667322431, -37.685122340721428 ], [ 176.164467124452585, -37.68516257756874 ], [ 176.16448724287622, -37.685165822475781 ], [ 176.164493083708891, -37.685125585628469 ], [ 176.164471667322431, -37.685122340721428 ] ] ] ] } },
{ "type": "Feature", "properties": { "id": null }, "geometry": { "type": "MultiPolygon", "coordinates": [ [ [ [ 176.164543704258733, -37.685226826728162 ], [ 176.164562524719599, -37.685229422653791 ], [ 176.164571610459291, -37.685180100066766 ], [ 176.164550194072831, -37.685178153122543 ], [ 176.164543704258733, -37.685226826728162 ] ] ] ] } },
{ "type": "Feature", "properties": { "id": null }, "geometry": { "type": "MultiPolygon", "coordinates": [ [ [ [ 176.164554736942677, -37.685171014327047 ], [ 176.164572908422116, -37.685173610252683 ], [ 176.164583292124661, -37.685126234609882 ], [ 176.164563173700998, -37.685122340721428 ], [ 176.164554736942677, -37.685171014327047 ] ] ] ] } },
{ "type": "Feature", "properties": { "id": null }, "geometry": { "type": "MultiPolygon", "coordinates": [ [ [ [ 176.164565120645221, -37.685117148870162 ], [ 176.164583292124661, -37.685121042758617 ], [ 176.164591079901555, -37.685073018134403 ], [ 176.164574206384941, -37.685071720171585 ], [ 176.164565120645221, -37.685117148870162 ] ] ] ] } },
{ "type": "Feature", "properties": { "id": null }, "geometry": { "type": "MultiPolygon", "coordinates": [ [ [ [ 176.164286058639618, -37.685463704942201 ], [ 176.164282813732598, -37.685482525403039 ], [ 176.164216617628938, -37.685472790681914 ], [ 176.164219862535987, -37.685455917165299 ], [ 176.164286058639618, -37.685463704942201 ] ] ] ] } },
{ "type": "Feature", "properties": { "id": null }, "geometry": { "type": "MultiPolygon", "coordinates": [ [ [ [ 176.164294495397939, -37.685412435410946 ], [ 176.164292548453716, -37.685429957908973 ], [ 176.164228948275706, -37.685420872169253 ], [ 176.164232193182755, -37.685405945596862 ], [ 176.164294495397939, -37.685412435410946 ] ] ] ] } },
{ "type": "Feature", "properties": { "id": null }, "geometry": { "type": "MultiPolygon", "coordinates": [ [ [ [ 176.164227001331483, -37.685403349671233 ], [ 176.164224405405861, -37.685419574206435 ], [ 176.164156911339376, -37.68541178642954 ], [ 176.164158858283628, -37.68539685985715 ], [ 176.164227001331483, -37.685403349671233 ] ] ] ] } },
{ "type": "Feature", "properties": { "id": null }, "geometry": { "type": "MultiPolygon", "coordinates": [ [ [ [ 176.164138739859965, -37.685444884481356 ], [ 176.164136143934314, -37.685464353923606 ], [ 176.164079033570403, -37.68545332123967 ], [ 176.164085523384472, -37.685437096704462 ], [ 176.164138739859965, -37.685444884481356 ] ] ] ] } },
{ "type": "Feature", "properties": { "id": null }, "geometry": { "type": "MultiPolygon", "coordinates": [ [ [ [ 176.164392491590576, -37.68566943204862 ], [ 176.164386001776506, -37.685717456672826 ], [ 176.164367181315669, -37.685714860747197 ], [ 176.164375618073962, -37.68566488917876 ], [ 176.164392491590576, -37.68566943204862 ] ] ] ] } },
{ "type": "Feature", "properties": { "id": null }, "geometry": { "type": "MultiPolygon", "coordinates": [ [ [ [ 176.164456740750012, -37.685699934174806 ], [ 176.164476859173647, -37.685705126026072 ], [ 176.164485295931968, -37.685654505476229 ], [ 176.164465826489732, -37.685650611587775 ], [ 176.164456740750012, -37.685699934174806 ] ] ] ] } },
{ "type": "Feature", "properties": { "id": null }, "geometry": { "type": "MultiPolygon", "coordinates": [ [ [ [ 176.164441814177621, -37.685770673148305 ], [ 176.164434026400727, -37.6858173998097 ], [ 176.164458687694236, -37.685819995735329 ], [ 176.164465177508305, -37.685774567036752 ], [ 176.164441814177621, -37.685770673148305 ] ] ] ] } },
{ "type": "Feature", "properties": { "id": null }, "geometry": { "type": "MultiPolygon", "coordinates": [ [ [ [ 176.164339924096538, -37.68595952673811 ], [ 176.164334083263867, -37.686009498306547 ], [ 176.16431201789598, -37.686006253399505 ], [ 176.164322401598525, -37.685958228775291 ], [ 176.164339924096538, -37.68595952673811 ] ] ] ] } },
{ "type": "Feature", "properties": { "id": null }, "geometry": { "type": "MultiPolygon", "coordinates": [ [ [ [ 176.164398981404702, -37.686006253399505 ], [ 176.164392491590604, -37.686056224967942 ], [ 176.16441196103284, -37.686059469874984 ], [ 176.164421695753987, -37.686008200343728 ], [ 176.164398981404702, -37.686006253399505 ] ] ] ] } },
{ "type": "Feature", "properties": { "id": null }, "geometry": { "type": "MultiPolygon", "coordinates": [ [ [ [ 176.164300336230639, -37.686073747465962 ], [ 176.164291250490919, -37.686121123108769 ], [ 176.164308772988932, -37.686123719034399 ], [ 176.164323050579924, -37.686078939317227 ], [ 176.164300336230639, -37.686073747465962 ] ] ] ] } },
{ "type": "Feature", "properties": { "id": null }, "geometry": { "type": "MultiPolygon", "coordinates": [ [ [ [ 176.164398981404673, -37.686139294588195 ], [ 176.164417801865511, -37.686136049681153 ], [ 176.164404822237373, -37.686087376075534 ], [ 176.164389246683555, -37.686088025056947 ], [ 176.164398981404673, -37.686139294588195 ] ] ] ] } },
{ "type": "Feature", "properties": { "id": null }, "geometry": { "type": "MultiPolygon", "coordinates": [ [ [ [ 176.164278919844151, -37.686174988565654 ], [ 176.164299687249212, -37.686177584491283 ], [ 176.164308124007533, -37.68612696394144 ], [ 176.164289952528094, -37.686124368015804 ], [ 176.164278919844151, -37.686174988565654 ] ] ] ] } },
{ "type": "Feature", "properties": { "id": null }, "geometry": { "type": "MultiPolygon", "coordinates": [ [ [ [ 176.164267887160207, -37.686243131613516 ], [ 176.16428800558387, -37.68624702550197 ], [ 176.164298389286415, -37.686182127361143 ], [ 176.164280217806976, -37.686176935509877 ], [ 176.164267887160207, -37.686243131613516 ] ] ] ] } },
{ "type": "Feature", "properties": { "id": null }, "geometry": { "type": "MultiPolygon", "coordinates": [ [ [ [ 176.16437237316697, -37.686278176609562 ], [ 176.164363936408648, -37.686327499196587 ], [ 176.164386650757933, -37.686329446140817 ], [ 176.164393140572031, -37.68627947457238 ], [ 176.16437237316697, -37.686278176609562 ] ] ] ] } },
{ "type": "Feature", "properties": { "id": null }, "geometry": { "type": "MultiPolygon", "coordinates": [ [ [ [ 176.164272430030081, -37.68633398901067 ], [ 176.164262695308963, -37.686378119746436 ], [ 176.164245821792349, -37.686374225857982 ], [ 176.164253609569244, -37.686331393085041 ], [ 176.164272430030081, -37.68633398901067 ] ] ] ] } },
{ "type": "Feature", "properties": { "id": null }, "geometry": { "type": "MultiPolygon", "coordinates": [ [ [ [ 176.164246470773747, -37.686376821783618 ], [ 176.164237385034056, -37.686419005575154 ], [ 176.164255556513467, -37.686419654556559 ], [ 176.164262046327565, -37.686379417709247 ], [ 176.164246470773747, -37.686376821783618 ] ] ] ] } },
{ "type": "Feature", "properties": { "id": null }, "geometry": { "type": "MultiPolygon", "coordinates": [ [ [ [ 176.164234789108406, -37.686528683433146 ], [ 176.164229597257162, -37.686575410094541 ], [ 176.164210127814897, -37.686574112131723 ], [ 176.164219213554617, -37.686526087507517 ], [ 176.164234789108406, -37.686528683433146 ] ] ] ] } },
{ "type": "Feature", "properties": { "id": null }, "geometry": { "type": "MultiPolygon", "coordinates": [ [ [ [ 176.164313315858806, -37.686537120191453 ], [ 176.164303581137688, -37.68658254889003 ], [ 176.164324348542749, -37.686586442778484 ], [ 176.164331487338245, -37.686535173247229 ], [ 176.164313315858806, -37.686537120191453 ] ] ] ] } },
{ "type": "Feature", "properties": { "id": null }, "geometry": { "type": "MultiPolygon", "coordinates": [ [ [ [ 176.168413580395935, -37.689730757701469 ], [ 176.168431751875346, -37.689735949552734 ], [ 176.168413580395935, -37.689778782325675 ], [ 176.168395408916496, -37.689772292511591 ], [ 176.168413580395935, -37.689730757701469 ] ] ] ] } },
{ "type": "Feature", "properties": { "id": null }, "geometry": { "type": "MultiPolygon", "coordinates": [ [ [ [ 176.168395408916496, -37.689775537418633 ], [ 176.168372694567211, -37.689824211024252 ], [ 176.16839086604665, -37.68983005185693 ], [ 176.168412931414508, -37.689782676214129 ], [ 176.168395408916496, -37.689775537418633 ] ] ] ] } },
{ "type": "Feature", "properties": { "id": null }, "geometry": { "type": "MultiPolygon", "coordinates": [ [ [ [ 176.168373343548609, -37.689827455931294 ], [ 176.168352576143548, -37.689874831574102 ], [ 176.168369449660162, -37.689880023425367 ], [ 176.168390217065223, -37.689832647782559 ], [ 176.168373343548609, -37.689827455931294 ] ] ] ] } },
{ "type": "Feature", "properties": { "id": null }, "geometry": { "type": "MultiPolygon", "coordinates": [ [ [ [ 176.168350629199324, -37.689878725462549 ], [ 176.168331808738486, -37.68992610110535 ], [ 176.168348033273702, -37.689931292956615 ], [ 176.168368800678763, -37.689882619350996 ], [ 176.168350629199324, -37.689878725462549 ] ] ] ] } },
{ "type": "Feature", "properties": { "id": null }, "geometry": { "type": "MultiPolygon", "coordinates": [ [ [ [ 176.168348033273702, -37.689933239900846 ], [ 176.168327914850067, -37.689983211469283 ], [ 176.168311041333453, -37.689978019618017 ], [ 176.168331808738515, -37.689928697030986 ], [ 176.168348033273702, -37.689933239900846 ] ] ] ] } },
{ "type": "Feature", "properties": { "id": null }, "geometry": { "type": "MultiPolygon", "coordinates": [ [ [ [ 176.16830909438923, -37.689979966562241 ], [ 176.168325967905844, -37.689984509432101 ], [ 176.16830909438923, -37.690024746279413 ], [ 176.168292220872615, -37.690018905446735 ], [ 176.16830909438923, -37.689979966562241 ] ] ] ] } },
{ "type": "Feature", "properties": { "id": null }, "geometry": { "type": "MultiPolygon", "coordinates": [ [ [ [ 176.168343490403828, -37.690193481445561 ], [ 176.168328563831437, -37.690229175423013 ], [ 176.168343490403828, -37.690234367274279 ], [ 176.168358416976218, -37.690197375334009 ], [ 176.168343490403828, -37.690193481445561 ] ] ] ] } },
{ "type": "Feature", "properties": { "id": null }, "geometry": { "type": "MultiPolygon", "coordinates": [ [ [ [ 176.168244196248338, -37.690130530248958 ], [ 176.168226024768927, -37.690174660984724 ], [ 176.168248090136814, -37.690179852835989 ], [ 176.168263665690603, -37.690137020063041 ], [ 176.168244196248338, -37.690130530248958 ] ] ] ] } },
{ "type": "Feature", "properties": { "id": null }, "geometry": { "type": "MultiPolygon", "coordinates": [ [ [ [ 176.168226673750326, -37.690175309966129 ], [ 176.168205257363866, -37.690223334590343 ], [ 176.16822213088048, -37.690229824404426 ], [ 176.168244845229765, -37.690181799780213 ], [ 176.168226673750326, -37.690175309966129 ] ] ] ] } },
{ "type": "Feature", "properties": { "id": null }, "geometry": { "type": "MultiPolygon", "coordinates": [ [ [ [ 176.168326616887214, -37.69023177134865 ], [ 176.168311690314823, -37.690269412270325 ], [ 176.168327914850011, -37.690274604121591 ], [ 176.168344139385226, -37.690236314218502 ], [ 176.168326616887214, -37.69023177134865 ] ] ] ] } },
{ "type": "Feature", "properties": { "id": null }, "geometry": { "type": "MultiPolygon", "coordinates": [ [ [ [ 176.16822245537108, -37.69023144685795 ], [ 176.168202012456732, -37.690279146991458 ], [ 176.168185463430802, -37.690273955140192 ], [ 176.168203959400955, -37.690224957043867 ], [ 176.16822245537108, -37.69023144685795 ] ] ] ] } },
{ "type": "Feature", "properties": { "id": null }, "geometry": { "type": "MultiPolygon", "coordinates": [ [ [ [ 176.168183516486579, -37.690275577593717 ], [ 176.16816047764658, -37.690326847124965 ], [ 176.168181245051642, -37.690331714485531 ], [ 176.168202012456732, -37.690281093935681 ], [ 176.168183516486579, -37.690275577593717 ] ] ] ] } },
{ "type": "Feature", "properties": { "id": null }, "geometry": { "type": "MultiPolygon", "coordinates": [ [ [ [ 176.168231865601456, -37.690457941369431 ], [ 176.168250686062294, -37.69046508016492 ], [ 176.168273400411579, -37.690408618782406 ], [ 176.168251335043692, -37.69040147998691 ], [ 176.168231865601456, -37.690457941369431 ] ] ] ] } },
{ "type": "Feature", "properties": { "id": null }, "geometry": { "type": "MultiPolygon", "coordinates": [ [ [ [ 176.168214992084813, -37.690500125160966 ], [ 176.168231541110714, -37.690504668030819 ], [ 176.168247441155216, -37.690465404655619 ], [ 176.168231541110714, -37.690459563822948 ], [ 176.168214992084813, -37.690500125160966 ] ] ] ] } },
{ "type": "Feature", "properties": { "id": null }, "geometry": { "type": "MultiPolygon", "coordinates": [ [ [ [ 176.167815219537289, -37.690573135569394 ], [ 176.167808729723191, -37.690592605011645 ], [ 176.167874276845424, -37.690606233621217 ], [ 176.167880117678095, -37.690588711123191 ], [ 176.167815219537289, -37.690573135569394 ] ] ] ] } },
{ "type": "Feature", "properties": { "id": null }, "geometry": { "type": "MultiPolygon", "coordinates": [ [ [ [ 176.167832093053903, -37.690486172060687 ], [ 176.167826252221232, -37.690505641502938 ], [ 176.167891799343465, -37.690521217056734 ], [ 176.167898289157534, -37.690503045577302 ], [ 176.167832093053903, -37.690486172060687 ] ] ] ] } },
{ "type": "Feature", "properties": { "id": null }, "geometry": { "type": "MultiPolygon", "coordinates": [ [ [ [ 176.167828199165456, -37.690486172060687 ], [ 176.167822358332785, -37.690504992521532 ], [ 176.167758758154775, -37.690491363911953 ], [ 176.167762003061796, -37.690473841413933 ], [ 176.167828199165456, -37.690486172060687 ] ] ] ] } },
{ "type": "Feature", "properties": { "id": null }, "geometry": { "type": "MultiPolygon", "coordinates": [ [ [ [ 176.167758109173349, -37.690472543451115 ], [ 176.167752268340678, -37.690490714930547 ], [ 176.167703594735059, -37.690479033265198 ], [ 176.167708786586331, -37.690462159748584 ], [ 176.167758109173349, -37.690472543451115 ] ] ] ] } },
{ "type": "Feature", "properties": { "id": null }, "geometry": { "type": "MultiPolygon", "coordinates": [ [ [ [ 176.167706190660681, -37.690461510767179 ], [ 176.167701647790835, -37.690479033265198 ], [ 176.167638696594224, -37.690466053637032 ], [ 176.167644537426924, -37.690448531139012 ], [ 176.167706190660681, -37.690461510767179 ] ] ] ] } },
{ "type": "Feature", "properties": { "id": null }, "geometry": { "type": "MultiPolygon", "coordinates": [ [ [ [ 176.167812299120953, -37.690572486587989 ], [ 176.167805809306856, -37.690590658067421 ], [ 176.167749347924342, -37.690578976402072 ], [ 176.16775583773844, -37.690563400848269 ], [ 176.167812299120953, -37.690572486587989 ] ] ] ] } },
{ "type": "Feature", "properties": { "id": null }, "geometry": { "type": "MultiPolygon", "coordinates": [ [ [ [ 176.167749347924342, -37.690560155941228 ], [ 176.167745454035895, -37.69057832742066 ], [ 176.167683151820711, -37.690563400848269 ], [ 176.167688992653382, -37.690547825294473 ], [ 176.167749347924342, -37.690560155941228 ] ] ] ] } },
{ "type": "Feature", "properties": { "id": null }, "geometry": { "type": "MultiPolygon", "coordinates": [ [ [ [ 176.167685747746333, -37.690547825294473 ], [ 176.16768055589506, -37.690562751866864 ], [ 176.167627988400994, -37.690549772238697 ], [ 176.167631233308043, -37.690532898722083 ], [ 176.167685747746333, -37.690547825294473 ] ] ] ] } },
{ "type": "Feature", "properties": { "id": null }, "geometry": { "type": "MultiPolygon", "coordinates": [ [ [ [ 176.167639670066364, -37.69044528623197 ], [ 176.167634478215092, -37.69046735159985 ], [ 176.167568931092859, -37.690450478083235 ], [ 176.167576069888355, -37.690432955585216 ], [ 176.167639670066364, -37.69044528623197 ] ] ] ] } },
{ "type": "Feature", "properties": { "id": null }, "geometry": { "type": "MultiPolygon", "coordinates": [ [ [ [ 176.167378779540229, -37.690387526886632 ], [ 176.167374236670383, -37.690404400403246 ], [ 176.167435240922742, -37.690419326975636 ], [ 176.16744173073684, -37.690401804477617 ], [ 176.167378779540229, -37.690387526886632 ] ] ] ] } },
{ "type": "Feature", "properties": { "id": null }, "geometry": { "type": "MultiPolygon", "coordinates": [ [ [ [ 176.167445624625287, -37.69040375142184 ], [ 176.167442379718238, -37.690419326975636 ], [ 176.167498841100752, -37.690436849473663 ], [ 176.167506628877646, -37.690414784105783 ], [ 176.167445624625287, -37.69040375142184 ] ] ] ] } },
{ "type": "Feature", "properties": { "id": null }, "geometry": { "type": "MultiPolygon", "coordinates": [ [ [ [ 176.16755660044609, -37.690516674186874 ], [ 176.167550110632021, -37.690535494647719 ], [ 176.167491702305256, -37.690521217056734 ], [ 176.167498192119353, -37.690503045577302 ], [ 176.16755660044609, -37.690516674186874 ] ] ] ] } },
{ "type": "Feature", "properties": { "id": null }, "geometry": { "type": "MultiPolygon", "coordinates": [ [ [ [ 176.167424208238799, -37.690488119004911 ], [ 176.167418367406128, -37.690506939465756 ], [ 176.167353469265322, -37.690491363911953 ], [ 176.16736060806079, -37.690473192432528 ], [ 176.167424208238799, -37.690488119004911 ] ] ] ] } },
{ "type": "Feature", "properties": { "id": null }, "geometry": { "type": "MultiPolygon", "coordinates": [ [ [ [ 176.167357363153741, -37.690471245488297 ], [ 176.167350873339643, -37.690488767986324 ], [ 176.167286624180235, -37.690474490395339 ], [ 176.167291816031508, -37.690457616878724 ], [ 176.167357363153741, -37.690471245488297 ] ] ] ] } },
{ "type": "Feature", "properties": { "id": null }, "geometry": { "type": "MultiPolygon", "coordinates": [ [ [ [ 176.167287273161634, -37.690455020953095 ], [ 176.167282730291788, -37.690473841413933 ], [ 176.16722497094645, -37.690458914841543 ], [ 176.167229513816295, -37.690441392343523 ], [ 176.167287273161634, -37.690455020953095 ] ] ] ] } },
{ "type": "Feature", "properties": { "id": null }, "geometry": { "type": "MultiPolygon", "coordinates": [ [ [ [ 176.167233407704771, -37.690356375779039 ], [ 176.167228215853498, -37.690373898277059 ], [ 176.167169807526761, -37.690360269667487 ], [ 176.167173701415209, -37.690344694113691 ], [ 176.167233407704771, -37.690356375779039 ] ] ] ] } },
{ "type": "Feature", "properties": { "id": null }, "geometry": { "type": "MultiPolygon", "coordinates": [ [ [ [ 176.167169807526761, -37.690343396150872 ], [ 176.167165264656887, -37.690358322723263 ], [ 176.167114644107045, -37.69034729003932 ], [ 176.16711918697689, -37.690332363466929 ], [ 176.167169807526761, -37.690343396150872 ] ] ] ] } },
{ "type": "Feature", "properties": { "id": null }, "geometry": { "type": "MultiPolygon", "coordinates": [ [ [ [ 176.166885553669943, -37.69038687790524 ], [ 176.166892043484012, -37.690366759481584 ], [ 176.166954345699224, -37.690381686053975 ], [ 176.166947206903728, -37.690401155496218 ], [ 176.166885553669943, -37.69038687790524 ] ] ] ] } },
{ "type": "Feature", "properties": { "id": null }, "geometry": { "type": "MultiPolygon", "coordinates": [ [ [ [ 176.166951749773574, -37.690401155496218 ], [ 176.166957590606245, -37.690384281979604 ], [ 176.167021839765681, -37.690397910589176 ], [ 176.167015349951583, -37.690415433087203 ], [ 176.166951749773574, -37.690401155496218 ] ] ] ] } },
{ "type": "Feature", "properties": { "id": null }, "geometry": { "type": "MultiPolygon", "coordinates": [ [ [ [ 176.167019243840031, -37.690416082068609 ], [ 176.167023786709905, -37.690399208551995 ], [ 176.167087386887914, -37.69041348614298 ], [ 176.167081546055243, -37.690431008640999 ], [ 176.167019243840031, -37.690416082068609 ] ] ] ] } },
{ "type": "Feature", "properties": { "id": null }, "geometry": { "type": "MultiPolygon", "coordinates": [ [ [ [ 176.167041958189316, -37.69033041652272 ], [ 176.167047799021987, -37.690314840968924 ], [ 176.166988092732453, -37.690301212359351 ], [ 176.166983549862579, -37.690316787913147 ], [ 176.167041958189316, -37.69033041652272 ] ] ] ] } },
{ "type": "Feature", "properties": { "id": null }, "geometry": { "type": "MultiPolygon", "coordinates": [ [ [ [ 176.166986794769628, -37.690300563377939 ], [ 176.16698030495553, -37.690317436894553 ], [ 176.166919300703171, -37.690304457266393 ], [ 176.166924492554443, -37.690286934768366 ], [ 176.166986794769628, -37.690300563377939 ] ] ] ] } },
{ "type": "Feature", "properties": { "id": null }, "geometry": { "type": "MultiPolygon", "coordinates": [ [ [ [ 176.16682325145473, -37.690353130872012 ], [ 176.166818708584884, -37.690372600314255 ], [ 176.166739532853086, -37.690352481890599 ], [ 176.166745373685757, -37.690335608373985 ], [ 176.16682325145473, -37.690353130872012 ] ] ] ] } },
{ "type": "Feature", "properties": { "id": null }, "geometry": { "type": "MultiPolygon", "coordinates": [ [ [ [ 176.166764194146594, -37.690250591809502 ], [ 176.166760300258147, -37.690270061251752 ], [ 176.166697998042963, -37.690255783660767 ], [ 176.166702540912809, -37.690238261162747 ], [ 176.166764194146594, -37.690250591809502 ] ] ] ] } },
{ "type": "Feature", "properties": { "id": null }, "geometry": { "type": "MultiPolygon", "coordinates": [ [ [ [ 176.166700593968557, -37.690236963199929 ], [ 176.166694753135886, -37.690257081623585 ], [ 176.166642834623218, -37.690244101995418 ], [ 176.166648675455889, -37.690227228478804 ], [ 176.166700593968557, -37.690236963199929 ] ] ] ] } },
{ "type": "Feature", "properties": { "id": null }, "geometry": { "type": "MultiPolygon", "coordinates": [ [ [ [ 176.166646079530267, -37.690225930515986 ], [ 176.166640887678994, -37.690244101995418 ], [ 176.166598054906046, -37.690233718292887 ], [ 176.166603246757319, -37.690215546813455 ], [ 176.166646079530267, -37.690225930515986 ] ] ] ] } },
{ "type": "Feature", "properties": { "id": null }, "geometry": { "type": "MultiPolygon", "coordinates": [ [ [ [ 176.166644781567442, -37.690312245043287 ], [ 176.166638940734771, -37.690333661429761 ], [ 176.166569499724091, -37.690314840968924 ], [ 176.166574691575335, -37.690297318470897 ], [ 176.166644781567442, -37.690312245043287 ] ] ] ] } },
{ "type": "Feature", "properties": { "id": null }, "geometry": { "type": "MultiPolygon", "coordinates": [ [ [ [ 176.16651238936015, -37.690195428389799 ], [ 176.166505899546081, -37.690212301906413 ], [ 176.166450736126365, -37.690199971259659 ], [ 176.166457874921861, -37.69018374672445 ], [ 176.16651238936015, -37.690195428389799 ] ] ] ] } },
{ "type": "Feature", "properties": { "id": null }, "geometry": { "type": "MultiPolygon", "coordinates": [ [ [ [ 176.166453332052015, -37.690183097743045 ], [ 176.166447491219316, -37.690198673296841 ], [ 176.16638843391118, -37.690185693668674 ], [ 176.166393625762453, -37.690169469133473 ], [ 176.166453332052015, -37.690183097743045 ] ] ] ] } },
{ "type": "Feature", "properties": { "id": null }, "geometry": { "type": "MultiPolygon", "coordinates": [ [ [ [ 176.166491621955089, -37.690279146991465 ], [ 176.166486430103816, -37.690297967452302 ], [ 176.16643386260975, -37.690286285786961 ], [ 176.166441650386645, -37.690268763288934 ], [ 176.166491621955089, -37.690279146991465 ] ] ] ] } },
{ "type": "Feature", "properties": { "id": null }, "geometry": { "type": "MultiPolygon", "coordinates": [ [ [ [ 176.166437756498198, -37.690268114307528 ], [ 176.166430617702702, -37.690286285786961 ], [ 176.166371560394566, -37.69027135921457 ], [ 176.166377401227237, -37.690255134679362 ], [ 176.166437756498198, -37.690268114307528 ] ] ] ] } },
{ "type": "Feature", "properties": { "id": null }, "geometry": { "type": "MultiPolygon", "coordinates": [ [ [ [ 176.166374156320188, -37.690253187735138 ], [ 176.166367017524692, -37.690272008195976 ], [ 176.166317045956276, -37.690260326530627 ], [ 176.166326780677394, -37.690242804032607 ], [ 176.166374156320188, -37.690253187735138 ] ] ] ] } },
{ "type": "Feature", "properties": { "id": null }, "geometry": { "type": "MultiPolygon", "coordinates": [ [ [ [ 176.166276160127524, -37.690141562932922 ], [ 176.166269021332027, -37.690159734412347 ], [ 176.166203474209794, -37.690144158858551 ], [ 176.166209315042465, -37.690128583304755 ], [ 176.166276160127524, -37.690141562932922 ] ] ] ] } },
{ "type": "Feature", "properties": { "id": null }, "geometry": { "type": "MultiPolygon", "coordinates": [ [ [ [ 176.166205421154018, -37.690126636360532 ], [ 176.16619893133992, -37.690144807839964 ], [ 176.166131437273464, -37.690130530248979 ], [ 176.16613857606896, -37.690111060806728 ], [ 176.166205421154018, -37.690126636360532 ] ] ] ] } },
{ "type": "Feature", "properties": { "id": null }, "geometry": { "type": "MultiPolygon", "coordinates": [ [ [ [ 176.166249551889763, -37.690222685608951 ], [ 176.166244360038519, -37.690242804032607 ], [ 176.166180759860509, -37.690229175423035 ], [ 176.166187249674579, -37.690211003943602 ], [ 176.166249551889763, -37.690222685608951 ] ] ] ] } },
{ "type": "Feature", "properties": { "id": null }, "geometry": { "type": "MultiPolygon", "coordinates": [ [ [ [ 176.166182706804733, -37.690211003943602 ], [ 176.166176216990635, -37.690229175423035 ], [ 176.1661171596825, -37.690215546813462 ], [ 176.166124298477968, -37.690198024315436 ], [ 176.166182706804733, -37.690211003943602 ] ] ] ] } },
{ "type": "Feature", "properties": { "id": null }, "geometry": { "type": "MultiPolygon", "coordinates": [ [ [ [ 176.165919869334374, -37.690153244598271 ], [ 176.165910783594654, -37.690172065059109 ], [ 176.16584848137947, -37.690155191542495 ], [ 176.165854971193539, -37.690136371081657 ], [ 176.165919869334374, -37.690153244598271 ] ] ] ] } },
{ "type": "Feature", "properties": { "id": null }, "geometry": { "type": "MultiPolygon", "coordinates": [ [ [ [ 176.165915326464528, -37.690170767096291 ], [ 176.165923114241423, -37.690153893579676 ], [ 176.165977628679713, -37.690165575245025 ], [ 176.165967893958594, -37.690180501817416 ], [ 176.165915326464528, -37.690170767096291 ] ] ] ] } },
{ "type": "Feature", "properties": { "id": null }, "geometry": { "type": "MultiPolygon", "coordinates": [ [ [ [ 176.165975681735489, -37.690165575245025 ], [ 176.165968542939993, -37.690182448761639 ], [ 176.166021759415486, -37.690195428389806 ], [ 176.166028898210953, -37.690176607928969 ], [ 176.165975681735489, -37.690165575245025 ] ] ] ] } },
{ "type": "Feature", "properties": { "id": null }, "geometry": { "type": "MultiPolygon", "coordinates": [ [ [ [ 176.166017216545612, -37.690085750531807 ], [ 176.166012024694339, -37.690103273029834 ], [ 176.166064592188405, -37.69011430571377 ], [ 176.166068486076881, -37.690098730159974 ], [ 176.166017216545612, -37.690085750531807 ] ] ] ] } },
{ "type": "Feature", "properties": { "id": null }, "geometry": { "type": "MultiPolygon", "coordinates": [ [ [ [ 176.16601462061999, -37.690085101550402 ], [ 176.166010077750116, -37.69010132608561 ], [ 176.16596335108872, -37.690090942383073 ], [ 176.165969191921391, -37.690074717847871 ], [ 176.16601462061999, -37.690085101550402 ] ] ] ] } },
{ "type": "Feature", "properties": { "id": null }, "geometry": { "type": "MultiPolygon", "coordinates": [ [ [ [ 176.165965947014371, -37.690074068866458 ], [ 176.1659601061817, -37.690090293401667 ], [ 176.165911432576081, -37.690079909699136 ], [ 176.165916624427325, -37.690063685163928 ], [ 176.165965947014371, -37.690074068866458 ] ] ] ] } },
{ "type": "Feature", "properties": { "id": null }, "geometry": { "type": "MultiPolygon", "coordinates": [ [ [ [ 176.165732313707394, -37.69010976284391 ], [ 176.165726472874695, -37.690128583304755 ], [ 176.165670011492182, -37.690116252657994 ], [ 176.165677799269076, -37.690097432197156 ], [ 176.165732313707394, -37.69010976284391 ] ] ] ] } },
{ "type": "Feature", "properties": { "id": null }, "geometry": { "type": "MultiPolygon", "coordinates": [ [ [ [ 176.165675852324853, -37.690097432197156 ], [ 176.165668713529385, -37.690116252657994 ], [ 176.165607060295599, -37.690102624048421 ], [ 176.165613550109668, -37.690083154606178 ], [ 176.165675852324853, -37.690097432197156 ] ] ] ] } },
{ "type": "Feature", "properties": { "id": null }, "geometry": { "type": "MultiPolygon", "coordinates": [ [ [ [ 176.16561030520262, -37.690083154606178 ], [ 176.16560381538855, -37.690101975067016 ], [ 176.165541513173366, -37.690087048494625 ], [ 176.165548651968834, -37.690069525996599 ], [ 176.16561030520262, -37.690083154606178 ] ] ] ] } },
{ "type": "Feature", "properties": { "id": null }, "geometry": { "type": "MultiPolygon", "coordinates": [ [ [ [ 176.165544758080387, -37.690069525996599 ], [ 176.165538917247716, -37.690087697476031 ], [ 176.165475317069706, -37.690072121922235 ], [ 176.165482455865202, -37.690055897387026 ], [ 176.165544758080387, -37.690069525996599 ] ] ] ] } },
{ "type": "Feature", "properties": { "id": null }, "geometry": { "type": "MultiPolygon", "coordinates": [ [ [ [ 176.165690129915845, -37.690013713595491 ], [ 176.165684289083174, -37.690030587112105 ], [ 176.16562523177501, -37.690016309521127 ], [ 176.165629125663457, -37.689999436004513 ], [ 176.165690129915845, -37.690013713595491 ] ] ] ] } },
{ "type": "Feature", "properties": { "id": null }, "geometry": { "type": "MultiPolygon", "coordinates": [ [ [ [ 176.165413339345179, -37.68994881545467 ], [ 176.165407498512508, -37.68996860938762 ], [ 176.165352659583505, -37.689954656287341 ], [ 176.165358824906889, -37.689938756242839 ], [ 176.165413339345179, -37.68994881545467 ] ] ] ] } },
{ "type": "Feature", "properties": { "id": null }, "geometry": { "type": "MultiPolygon", "coordinates": [ [ [ [ 176.165355904490525, -37.689937782770727 ], [ 176.165350712639281, -37.689954331796642 ], [ 176.165289708386894, -37.689941027677769 ], [ 176.165294575747453, -37.68992480314256 ], [ 176.165355904490525, -37.689937782770727 ] ] ] ] } },
{ "type": "Feature", "properties": { "id": null }, "geometry": { "type": "MultiPolygon", "coordinates": [ [ [ [ 176.165291330840404, -37.689923180689043 ], [ 176.165286463479845, -37.689939080733545 ], [ 176.165223187792549, -37.689925452123973 ], [ 176.165230002097331, -37.68990955207947 ], [ 176.165291330840404, -37.689923180689043 ] ] ] ] } },
{ "type": "Feature", "properties": { "id": null }, "geometry": { "type": "MultiPolygon", "coordinates": [ [ [ [ 176.16496229726647, -37.687714047975341 ], [ 176.164958403377995, -37.687730272510549 ], [ 176.164894154218587, -37.687720537789424 ], [ 176.164898697088461, -37.687704313254216 ], [ 176.16496229726647, -37.687714047975341 ] ] ] ] } },
{ "type": "Feature", "properties": { "id": null }, "geometry": { "type": "MultiPolygon", "coordinates": [ [ [ [ 176.164895452181412, -37.687703015291405 ], [ 176.164892207274363, -37.687719239826606 ], [ 176.164825362189305, -37.687708856124075 ], [ 176.164829905059179, -37.687691333626056 ], [ 176.164895452181412, -37.687703015291405 ] ] ] ] } },
{ "type": "Feature", "properties": { "id": null }, "geometry": { "type": "MultiPolygon", "coordinates": [ [ [ [ 176.164626124896984, -37.687654990667191 ], [ 176.164620284064313, -37.687672513165211 ], [ 176.164563822681799, -37.687664725388316 ], [ 176.16456966351447, -37.687645255946066 ], [ 176.164626124896984, -37.687654990667191 ] ] ] ] } },
{ "type": "Feature", "properties": { "id": null }, "geometry": { "type": "MultiPolygon", "coordinates": [ [ [ [ 176.164565769626023, -37.687643957983248 ], [ 176.164560577774751, -37.687664076406904 ], [ 176.164499573522363, -37.687654990667191 ], [ 176.164506063336461, -37.68763422326213 ], [ 176.164565769626023, -37.687643957983248 ] ] ] ] } },
{ "type": "Feature", "properties": { "id": null }, "geometry": { "type": "MultiPolygon", "coordinates": [ [ [ [ 176.16433473224464, -37.687703664272803 ], [ 176.16430812400688, -37.687741954175891 ], [ 176.164335381226039, -37.687745848064345 ], [ 176.164362638445169, -37.687710803068299 ], [ 176.16433473224464, -37.687703664272803 ] ] ] ] } },
{ "type": "Feature", "properties": { "id": null }, "geometry": { "type": "MultiPolygon", "coordinates": [ [ [ [ 176.164369128259267, -37.687710803068299 ], [ 176.164336030207437, -37.687744550101527 ], [ 176.164358095575324, -37.687751039915611 ], [ 176.164391193627154, -37.687717292882382 ], [ 176.164369128259267, -37.687710803068299 ] ] ] ] } },
{ "type": "Feature", "properties": { "id": null }, "geometry": { "type": "MultiPolygon", "coordinates": [ [ [ [ 176.164396385478398, -37.687719888808012 ], [ 176.164363287426596, -37.687752986859834 ], [ 176.164389895664328, -37.687757529729694 ], [ 176.164417152883487, -37.68772572964069 ], [ 176.164396385478398, -37.687719888808012 ] ] ] ] } },
{ "type": "Feature", "properties": { "id": null }, "geometry": { "type": "MultiPolygon", "coordinates": [ [ [ [ 176.164422344734731, -37.687723782696459 ], [ 176.16439249158995, -37.687758827692505 ], [ 176.164420397790508, -37.68776272158096 ], [ 176.164446357046842, -37.68773157047336 ], [ 176.164422344734731, -37.687723782696459 ] ] ] ] } },
{ "type": "Feature", "properties": { "id": null }, "geometry": { "type": "MultiPolygon", "coordinates": [ [ [ [ 176.164454144823736, -37.687730921491955 ], [ 176.164424940660382, -37.68776272158096 ], [ 176.164451548898114, -37.687767264450812 ], [ 176.164478806117273, -37.68773611334322 ], [ 176.164454144823736, -37.687730921491955 ] ] ] ] } },
{ "type": "Feature", "properties": { "id": null }, "geometry": { "type": "MultiPolygon", "coordinates": [ [ [ [ 176.164481402042895, -37.68773611334322 ], [ 176.164453495842338, -37.687767913432225 ], [ 176.164482700005721, -37.68777310528349 ], [ 176.164504765373579, -37.687743901120115 ], [ 176.164481402042895, -37.68773611334322 ] ] ] ] } },
{ "type": "Feature", "properties": { "id": null }, "geometry": { "type": "MultiPolygon", "coordinates": [ [ [ [ 176.164488540838391, -37.687772456302078 ], [ 176.164510606206278, -37.687743901120115 ], [ 176.16453721444401, -37.687745848064345 ], [ 176.1645132021319, -37.687774403246308 ], [ 176.164488540838391, -37.687772456302078 ] ] ] ] } },
{ "type": "Feature", "properties": { "id": null }, "geometry": { "type": "MultiPolygon", "coordinates": [ [ [ [ 176.164520340927396, -37.687775052227714 ], [ 176.164545002220905, -37.687744550101527 ], [ 176.16456771657019, -37.687747146027156 ], [ 176.164541108332457, -37.687780244078979 ], [ 176.164520340927396, -37.687775052227714 ] ] ] ] } },
{ "type": "Feature", "properties": { "id": null }, "geometry": { "type": "MultiPolygon", "coordinates": [ [ [ [ 176.164677394428196, -37.687806203335313 ], [ 176.164702704703103, -37.68781009722376 ], [ 176.164739047661982, -37.68777310528349 ], [ 176.164713737387046, -37.68776856241363 ], [ 176.164677394428196, -37.687806203335313 ] ] ] ] } },
{ "type": "Feature", "properties": { "id": null }, "geometry": { "type": "MultiPolygon", "coordinates": [ [ [ [ 176.16474229256886, -37.68777375426491 ], [ 176.164707247572807, -37.687810097223775 ], [ 176.164737100717588, -37.687813991112222 ], [ 176.164771496732214, -37.687778946116175 ], [ 176.16474229256886, -37.68777375426491 ] ] ] ] } },
{ "type": "Feature", "properties": { "id": null }, "geometry": { "type": "MultiPolygon", "coordinates": [ [ [ [ 176.164774741639263, -37.687778946116175 ], [ 176.164743590531657, -37.687813342130816 ], [ 176.164770847750816, -37.687817236019264 ], [ 176.164801998858422, -37.687784137967441 ], [ 176.164774741639263, -37.687778946116175 ] ] ] ] } },
{ "type": "Feature", "properties": { "id": null }, "geometry": { "type": "MultiPolygon", "coordinates": [ [ [ [ 176.16480589274687, -37.687786084911671 ], [ 176.164776688583487, -37.6878198319449 ], [ 176.164803296821219, -37.687822427870529 ], [ 176.164834447928826, -37.687790627781524 ], [ 176.16480589274687, -37.687786084911671 ] ] ] ] } },
{ "type": "Feature", "properties": { "id": null }, "geometry": { "type": "MultiPolygon", "coordinates": [ [ [ [ 176.164840288761496, -37.687791276762937 ], [ 176.164811084598142, -37.687821778889123 ], [ 176.164835096910224, -37.687825672777571 ], [ 176.164865599036432, -37.687795170651384 ], [ 176.164840288761496, -37.687791276762937 ] ] ] ] } },
{ "type": "Feature", "properties": { "id": null }, "geometry": { "type": "MultiPolygon", "coordinates": [ [ [ [ 176.164870790887676, -37.687797117595608 ], [ 176.164841586724322, -37.687826970740389 ], [ 176.164866896999229, -37.687830864628836 ], [ 176.164898697088233, -37.687801011484062 ], [ 176.164870790887676, -37.687797117595608 ] ] ] ] } },
{ "type": "Feature", "properties": { "id": null }, "geometry": { "type": "MultiPolygon", "coordinates": [ [ [ [ 176.164903888939506, -37.687803607409691 ], [ 176.164874035794725, -37.687832811573067 ], [ 176.164899995051059, -37.687836705461514 ], [ 176.164931795140063, -37.687807501298138 ], [ 176.164903888939506, -37.687803607409691 ] ] ] ] } },
{ "type": "Feature", "properties": { "id": null }, "geometry": { "type": "MultiPolygon", "coordinates": [ [ [ [ 176.164935689028511, -37.687808799260957 ], [ 176.164907782827953, -37.687836056480101 ], [ 176.164935040047112, -37.687836705461514 ], [ 176.16496294624767, -37.687812693149411 ], [ 176.164935689028511, -37.687808799260957 ] ] ] ] } },
{ "type": "Feature", "properties": { "id": null }, "geometry": { "type": "MultiPolygon", "coordinates": [ [ [ [ 176.165781311803528, -37.688032048865381 ], [ 176.165779364859304, -37.688051518307631 ], [ 176.165713817737071, -37.688039836642282 ], [ 176.165719009588344, -37.688019718218627 ], [ 176.165781311803528, -37.688032048865381 ] ] ] ] } },
{ "type": "Feature", "properties": { "id": null }, "geometry": { "type": "MultiPolygon", "coordinates": [ [ [ [ 176.165135575302287, -37.687963256836106 ], [ 176.165125840581169, -37.688028154976934 ], [ 176.165149203911852, -37.688029452939752 ], [ 176.165156991688747, -37.687967799705966 ], [ 176.165135575302287, -37.687963256836106 ] ] ] ] } },
{ "type": "Feature", "properties": { "id": null }, "geometry": { "type": "MultiPolygon", "coordinates": [ [ [ [ 176.165127138543966, -37.688032048865381 ], [ 176.16511999974847, -37.688090457192125 ], [ 176.165143363079181, -37.68809110617353 ], [ 176.165151150856076, -37.688033346828199 ], [ 176.165127138543966, -37.688032048865381 ] ] ] ] } },
{ "type": "Feature", "properties": { "id": null }, "geometry": { "type": "MultiPolygon", "coordinates": [ [ [ [ 176.165121297711295, -37.688096298024803 ], [ 176.165114807897226, -37.688157302277176 ], [ 176.165137522246511, -37.688161196165623 ], [ 176.165142714097783, -37.688098244969026 ], [ 176.165121297711295, -37.688096298024803 ] ] ] ] } },
{ "type": "Feature", "properties": { "id": null }, "geometry": { "type": "MultiPolygon", "coordinates": [ [ [ [ 176.165109616045982, -37.688222200417989 ], [ 176.165129734469616, -37.688222849399402 ], [ 176.165135575302315, -37.688169632923923 ], [ 176.165110914008778, -37.688168983942511 ], [ 176.165109616045982, -37.688222200417989 ] ] ] ] } },
{ "type": "Feature", "properties": { "id": null }, "geometry": { "type": "MultiPolygon", "coordinates": [ [ [ [ 176.165091444566457, -37.688420788728919 ], [ 176.165114158915742, -37.688420788728919 ], [ 176.165121297711238, -37.688345506885568 ], [ 176.16509339151068, -37.688344857904156 ], [ 176.165091444566457, -37.688420788728919 ] ] ] ] } },
{ "type": "Feature", "properties": { "id": null }, "geometry": { "type": "MultiPolygon", "coordinates": [ [ [ [ 176.165079762901115, -37.688527221679877 ], [ 176.165101828269002, -37.6885291686241 ], [ 176.165092742529282, -37.688586278988026 ], [ 176.165071326142794, -37.688581736118167 ], [ 176.165079762901115, -37.688527221679877 ] ] ] ] } },
{ "type": "Feature", "properties": { "id": null }, "geometry": { "type": "MultiPolygon", "coordinates": [ [ [ [ 176.164848076538306, -37.688811475536689 ], [ 176.164811733579455, -37.688845871551322 ], [ 176.164841586724236, -37.688849765439777 ], [ 176.164878578664513, -37.688819263313583 ], [ 176.164848076538306, -37.688811475536689 ] ] ] ] } },
{ "type": "Feature", "properties": { "id": null }, "geometry": { "type": "MultiPolygon", "coordinates": [ [ [ [ 176.164844831631285, -37.688811475536689 ], [ 176.164809137653805, -37.688846520532735 ], [ 176.164779284509024, -37.688840030718652 ], [ 176.164815627467902, -37.688806932666829 ], [ 176.164844831631285, -37.688811475536689 ] ] ] ] } },
{ "type": "Feature", "properties": { "id": null }, "geometry": { "type": "MultiPolygon", "coordinates": [ [ [ [ 176.164812382560854, -37.688805634704011 ], [ 176.1647773375648, -37.688837434793015 ], [ 176.164746186457222, -37.688831593960344 ], [ 176.164783827378898, -37.688800442852745 ], [ 176.164812382560854, -37.688805634704011 ] ] ] ] } },
{ "type": "Feature", "properties": { "id": null }, "geometry": { "type": "MultiPolygon", "coordinates": [ [ [ [ 176.164779284509024, -37.688799144889927 ], [ 176.164742941550173, -37.688830295997526 ], [ 176.164715684331043, -37.688824455164855 ], [ 176.164750729327068, -37.688793304057256 ], [ 176.164779284509024, -37.688799144889927 ] ] ] ] } },
{ "type": "Feature", "properties": { "id": null }, "geometry": { "type": "MultiPolygon", "coordinates": [ [ [ [ 176.164743590531572, -37.68879070813162 ], [ 176.164712439423994, -37.688821859239219 ], [ 176.164684533223436, -37.688816018406548 ], [ 176.164717631275266, -37.688786814243173 ], [ 176.164743590531572, -37.68879070813162 ] ] ] ] } },
{ "type": "Feature", "properties": { "id": null }, "geometry": { "type": "MultiPolygon", "coordinates": [ [ [ [ 176.164711141461169, -37.688783569336131 ], [ 176.164680639334989, -37.68881472044373 ], [ 176.164652084153033, -37.688808879611052 ], [ 176.164683884242038, -37.688777079522048 ], [ 176.164711141461169, -37.688783569336131 ] ] ] ] } },
{ "type": "Feature", "properties": { "id": null }, "geometry": { "type": "MultiPolygon", "coordinates": [ [ [ [ 176.164678043409339, -37.688775781559237 ], [ 176.164646243320334, -37.688807581648234 ], [ 176.164617688138378, -37.688802389796969 ], [ 176.164652733134432, -37.688769940726559 ], [ 176.164678043409339, -37.688775781559237 ] ] ] ] } },
{ "type": "Feature", "properties": { "id": null }, "geometry": { "type": "MultiPolygon", "coordinates": [ [ [ [ 176.164643647394712, -37.688767993782335 ], [ 176.164613145268532, -37.688800442852745 ], [ 176.164585888049373, -37.688793953038662 ], [ 176.164618986101203, -37.688764748875293 ], [ 176.164643647394712, -37.688767993782335 ] ] ] ] } },
{ "type": "Feature", "properties": { "id": null }, "geometry": { "type": "MultiPolygon", "coordinates": [ [ [ [ 176.164613145268532, -37.68876280193107 ], [ 176.164579398235304, -37.688794602020074 ], [ 176.164552141016145, -37.688788112205991 ], [ 176.164585888049373, -37.688755014154168 ], [ 176.164613145268532, -37.68876280193107 ] ] ] ] } },
{ "type": "Feature", "properties": { "id": null }, "geometry": { "type": "MultiPolygon", "coordinates": [ [ [ [ 176.164576802309654, -37.688755014154168 ], [ 176.164547598146299, -37.688784867298949 ], [ 176.164519042964315, -37.688779675447684 ], [ 176.16455343897897, -37.688747875358679 ], [ 176.164576802309654, -37.688755014154168 ] ] ] ] } },
{ "type": "Feature", "properties": { "id": null }, "geometry": { "type": "MultiPolygon", "coordinates": [ [ [ [ 176.164545002220649, -37.688746577395861 ], [ 176.164514500094469, -37.688778377484866 ], [ 176.164486593893912, -37.688772536652195 ], [ 176.164522287871364, -37.688741385544596 ], [ 176.164545002220649, -37.688746577395861 ] ] ] ] } },
{ "type": "Feature", "properties": { "id": null }, "geometry": { "type": "MultiPolygon", "coordinates": [ [ [ [ 176.164873386813241, -37.688664805738419 ], [ 176.164861705147899, -37.688700499715878 ], [ 176.164833149965915, -37.688693360920382 ], [ 176.164842235705635, -37.688659613887154 ], [ 176.164873386813241, -37.688664805738419 ] ] ] ] } },
{ "type": "Feature", "properties": { "id": null }, "geometry": { "type": "MultiPolygon", "coordinates": [ [ [ [ 176.164837043854362, -37.68865766694293 ], [ 176.164827309133244, -37.688691413976159 ], [ 176.164801998858337, -37.68868427518067 ], [ 176.164811733579455, -37.688649879166029 ], [ 176.164837043854362, -37.68865766694293 ] ] ] ] } },
{ "type": "Feature", "properties": { "id": null }, "geometry": { "type": "MultiPolygon", "coordinates": [ [ [ [ 176.164803296821134, -37.688647932221805 ], [ 176.164796158025666, -37.688681679255033 ], [ 176.164773443676353, -37.688678434347992 ], [ 176.164784476360296, -37.68864274037054 ], [ 176.164803296821134, -37.688647932221805 ] ] ] ] } },
{ "type": "Feature", "properties": { "id": null }, "geometry": { "type": "MultiPolygon", "coordinates": [ [ [ [ 176.164513202131644, -37.688584981025208 ], [ 176.164500222503477, -37.688620026021255 ], [ 176.164530075648258, -37.688627164816744 ], [ 176.164543704257852, -37.688590821857879 ], [ 176.164513202131644, -37.688584981025208 ] ] ] ] } },
{ "type": "Feature", "properties": { "id": null }, "geometry": { "type": "MultiPolygon", "coordinates": [ [ [ [ 176.164546949164873, -37.688594066764921 ], [ 176.164537214443754, -37.688627164816744 ], [ 176.164565120644312, -37.688629760742373 ], [ 176.16457485536543, -37.688599907597599 ], [ 176.164546949164873, -37.688594066764921 ] ] ] ] } },
{ "type": "Feature", "properties": { "id": null }, "geometry": { "type": "MultiPolygon", "coordinates": [ [ [ [ 176.164580047216702, -37.688600556579004 ], [ 176.164568365551361, -37.688634952593638 ], [ 176.164596271751918, -37.688640793426316 ], [ 176.164606655454435, -37.688606397411675 ], [ 176.164580047216702, -37.688600556579004 ] ] ] ] } },
{ "type": "Feature", "properties": { "id": null }, "geometry": { "type": "MultiPolygon", "coordinates": [ [ [ [ 176.164610549342882, -37.688607046393088 ], [ 176.164601463603162, -37.688640144444911 ], [ 176.164630667766545, -37.6886472832404 ], [ 176.164641700450488, -37.688614834169982 ], [ 176.164610549342882, -37.688607046393088 ] ] ] ] } },
{ "type": "Feature", "properties": { "id": null }, "geometry": { "type": "MultiPolygon", "coordinates": [ [ [ [ 176.164646243320334, -37.688616781114213 ], [ 176.164635859617817, -37.688649879166029 ], [ 176.164663116836948, -37.688657017961525 ], [ 176.164672851558095, -37.688623919909702 ], [ 176.164646243320334, -37.688616781114213 ] ] ] ] } },
{ "type": "Feature", "properties": { "id": null }, "geometry": { "type": "MultiPolygon", "coordinates": [ [ [ [ 176.16467739442794, -37.688623919909702 ], [ 176.164667010725395, -37.688658964905748 ], [ 176.164694267944554, -37.688666103701237 ], [ 176.164704651647099, -37.688630409723785 ], [ 176.16467739442794, -37.688623919909702 ] ] ] ] } },
{ "type": "Feature", "properties": { "id": null }, "geometry": { "type": "MultiPolygon", "coordinates": [ [ [ [ 176.164711141461169, -37.688633654630827 ], [ 176.164702055721449, -37.688666103701237 ], [ 176.164726068033559, -37.688671295552503 ], [ 176.164733206829055, -37.688636250556456 ], [ 176.164711141461169, -37.688633654630827 ] ] ] ] } },
{ "type": "Feature", "properties": { "id": null }, "geometry": { "type": "MultiPolygon", "coordinates": [ [ [ [ 176.164744239512999, -37.68863819750068 ], [ 176.164737749698901, -37.688668050645461 ], [ 176.164761113029613, -37.688673242496726 ], [ 176.164767602843682, -37.688644038333358 ], [ 176.164744239512999, -37.68863819750068 ] ] ] ] } },
{ "type": "Feature", "properties": { "id": null }, "geometry": { "type": "MultiPolygon", "coordinates": [ [ [ [ 176.164413258994813, -37.688721916102345 ], [ 176.164381134415095, -37.688749822302903 ], [ 176.164357446593698, -37.688744305960931 ], [ 176.164388597701304, -37.688717373232492 ], [ 176.164413258994813, -37.688721916102345 ] ] ] ] } },
{ "type": "Feature", "properties": { "id": null }, "geometry": { "type": "MultiPolygon", "coordinates": [ [ [ [ 176.164384379322144, -37.68871672425108 ], [ 176.164352579233139, -37.688741710035302 ], [ 176.164332460809476, -37.688736518184037 ], [ 176.164362962935684, -37.688711856890521 ], [ 176.164384379322144, -37.68871672425108 ] ] ] ] } },
{ "type": "Feature", "properties": { "id": null }, "geometry": { "type": "MultiPolygon", "coordinates": [ [ [ [ 176.16432726895826, -37.688544419687183 ], [ 176.164331162846707, -37.688588550422949 ], [ 176.164354201686706, -37.688588550422949 ], [ 176.164351605761084, -37.688551558482679 ], [ 176.16432726895826, -37.688544419687183 ] ] ] ] } },
{ "type": "Feature", "properties": { "id": null }, "geometry": { "type": "MultiPolygon", "coordinates": [ [ [ [ 176.167824305280874, -37.688375197784801 ], [ 176.167856105369879, -37.688380389636066 ], [ 176.167816517503979, -37.688415434632113 ], [ 176.167784068433576, -37.688407646855211 ], [ 176.167824305280874, -37.688375197784801 ] ] ] ] } },
{ "type": "Feature", "properties": { "id": null }, "geometry": { "type": "MultiPolygon", "coordinates": [ [ [ [ 176.167819762411028, -37.688416083613518 ], [ 176.167856754351305, -37.688381038617479 ], [ 176.167890501384505, -37.688388177412968 ], [ 176.167848317592984, -37.688421924446196 ], [ 176.167819762411028, -37.688416083613518 ] ] ] ] } },
{ "type": "Feature", "properties": { "id": null }, "geometry": { "type": "MultiPolygon", "coordinates": [ [ [ [ 176.167852211481431, -37.688420626483378 ], [ 176.167891150365932, -37.688389475375786 ], [ 176.167921003510713, -37.688394667227051 ], [ 176.167882064626212, -37.688427116297461 ], [ 176.167852211481431, -37.688420626483378 ] ] ] ] } },
{ "type": "Feature", "properties": { "id": null }, "geometry": { "type": "MultiPolygon", "coordinates": [ [ [ [ 176.167887905458883, -37.688428414260279 ], [ 176.167923599436335, -37.688394667227051 ], [ 176.167954101562515, -37.688400508059722 ], [ 176.167911268789595, -37.688432308148727 ], [ 176.167887905458883, -37.688428414260279 ] ] ] ] } },
{ "type": "Feature", "properties": { "id": null }, "geometry": { "type": "MultiPolygon", "coordinates": [ [ [ [ 176.167915811659441, -37.688431659167321 ], [ 176.167959293413787, -37.688399859078316 ], [ 176.16798849757717, -37.688403103985358 ], [ 176.167949558692669, -37.688436851018587 ], [ 176.167915811659441, -37.688431659167321 ] ] ] ] } },
{ "type": "Feature", "properties": { "id": null }, "geometry": { "type": "MultiPolygon", "coordinates": [ [ [ [ 176.167952154618291, -37.688439446944216 ], [ 176.167990444521394, -37.688405699910987 ], [ 176.168020946647573, -37.688410891762253 ], [ 176.167978762856023, -37.688444638795481 ], [ 176.167952154618291, -37.688439446944216 ] ] ] ] } },
{ "type": "Feature", "properties": { "id": null }, "geometry": { "type": "MultiPolygon", "coordinates": [ [ [ [ 176.167982656744499, -37.688445287776894 ], [ 176.168022893591797, -37.688413487687889 ], [ 176.168052097755179, -37.68841932852056 ], [ 176.168015105814902, -37.688450479628159 ], [ 176.167982656744499, -37.688445287776894 ] ] ] ] } },
{ "type": "Feature", "properties": { "id": null }, "geometry": { "type": "MultiPolygon", "coordinates": [ [ [ [ 176.168017701740524, -37.68845177759097 ], [ 176.1680553426622, -37.68841932852056 ], [ 176.168083897844156, -37.688425818334643 ], [ 176.168045607941082, -37.688456969442235 ], [ 176.168017701740524, -37.68845177759097 ] ] ] ] } },
{ "type": "Feature", "properties": { "id": null }, "geometry": { "type": "MultiPolygon", "coordinates": [ [ [ [ 176.168051448773753, -37.68845632046083 ], [ 176.168089089695428, -37.688426467316056 ], [ 176.168120240803034, -37.688432308148727 ], [ 176.168081301918534, -37.688460214349277 ], [ 176.168051448773753, -37.68845632046083 ] ] ] ] } },
{ "type": "Feature", "properties": { "id": null }, "geometry": { "type": "MultiPolygon", "coordinates": [ [ [ [ 176.168083248862757, -37.688462161293508 ], [ 176.168122187747258, -37.688432308148727 ], [ 176.168152689873438, -37.688436202037174 ], [ 176.16811569793316, -37.688467353144773 ], [ 176.168083248862757, -37.688462161293508 ] ] ] ] } },
{ "type": "Feature", "properties": { "id": null }, "geometry": { "type": "MultiPolygon", "coordinates": [ [ [ [ 176.168118942840209, -37.688468651107584 ], [ 176.168153987836263, -37.688439446944216 ], [ 176.168186436906666, -37.688443989814076 ], [ 176.168148147003592, -37.68847384295885 ], [ 176.168118942840209, -37.688468651107584 ] ] ] ] } },
{ "type": "Feature", "properties": { "id": null }, "geometry": { "type": "MultiPolygon", "coordinates": [ [ [ [ 176.168152040892039, -37.688474491940262 ], [ 176.168189681813715, -37.688443989814076 ], [ 176.168219534958496, -37.688447883702523 ], [ 176.16818189403682, -37.688479683791527 ], [ 176.168152040892039, -37.688474491940262 ] ] ] ] } },
{ "type": "Feature", "properties": { "id": null }, "geometry": { "type": "MultiPolygon", "coordinates": [ [ [ [ 176.168187085888064, -37.688480981754346 ], [ 176.168221481902719, -37.688449181665341 ], [ 176.168251984028899, -37.688453724535201 ], [ 176.168214343107223, -37.688485524624198 ], [ 176.168187085888064, -37.688480981754346 ] ] ] ] } },
{ "type": "Feature", "properties": { "id": null }, "geometry": { "type": "MultiPolygon", "coordinates": [ [ [ [ 176.168218885977069, -37.688485524624198 ], [ 176.168253930973123, -37.688455022498012 ], [ 176.168286380043526, -37.68846086333069 ], [ 176.168248090140452, -37.688492014438282 ], [ 176.168218885977069, -37.688485524624198 ] ] ] ] } },
{ "type": "Feature", "properties": { "id": null }, "geometry": { "type": "MultiPolygon", "coordinates": [ [ [ [ 176.168249388103362, -37.688492338928995 ], [ 176.168286055552926, -37.688459889858585 ], [ 176.168319153604727, -37.688465406200557 ], [ 176.168280863701654, -37.688497530780261 ], [ 176.168249388103362, -37.688492338928995 ] ] ] ] } },
{ "type": "Feature", "properties": { "id": null }, "geometry": { "type": "MultiPolygon", "coordinates": [ [ [ [ 176.168283784117989, -37.688498179761673 ], [ 176.168319802586154, -37.688466704163375 ], [ 176.168351927165844, -37.688472220505346 ], [ 176.168315584206994, -37.688503371612939 ], [ 176.168283784117989, -37.688498179761673 ] ] ] ] } },
{ "type": "Feature", "properties": { "id": null }, "geometry": { "type": "MultiPolygon", "coordinates": [ [ [ [ 176.168422341648636, -37.688523814527308 ], [ 176.1684590090982, -37.688491365456898 ], [ 176.168491133677918, -37.688497530780275 ], [ 176.168452519284131, -37.688529006378573 ], [ 176.168422341648636, -37.688523814527308 ] ] ] ] } },
{ "type": "Feature", "properties": { "id": null }, "geometry": { "type": "MultiPolygon", "coordinates": [ [ [ [ 176.168455764191151, -37.688528681887874 ], [ 176.168491458168603, -37.688498179761687 ], [ 176.168523907239035, -37.688501749159428 ], [ 176.168486266317359, -37.688534847211251 ], [ 176.168455764191151, -37.688528681887874 ] ] ] ] } },
{ "type": "Feature", "properties": { "id": null }, "geometry": { "type": "MultiPolygon", "coordinates": [ [ [ [ 176.168488213261583, -37.68853517170195 ], [ 176.168524556220433, -37.688503371612953 ], [ 176.168553435893102, -37.688507914482805 ], [ 176.168516768443538, -37.688540363553223 ], [ 176.168488213261583, -37.68853517170195 ] ] ] ] } },
{ "type": "Feature", "properties": { "id": null }, "geometry": { "type": "MultiPolygon", "coordinates": [ [ [ [ 176.168541105246334, -37.688544581932376 ], [ 176.168579070658723, -37.688512781843372 ], [ 176.168605029915057, -37.688517324713224 ], [ 176.168564793067731, -37.688549124802229 ], [ 176.168541105246334, -37.688544581932376 ] ] ] ] } },
{ "type": "Feature", "properties": { "id": null }, "geometry": { "type": "MultiPolygon", "coordinates": [ [ [ [ 176.168370585381325, -37.688354917115817 ], [ 176.16841147121005, -37.688324739480336 ], [ 176.168439701901292, -37.688330580313007 ], [ 176.168403358942442, -37.688362055911306 ], [ 176.168370585381325, -37.688354917115817 ] ] ] ] } },
{ "type": "Feature", "properties": { "id": null }, "geometry": { "type": "MultiPolygon", "coordinates": [ [ [ [ 176.168405954868064, -37.688362380402012 ], [ 176.168442622317656, -37.688330255822301 ], [ 176.168478965276506, -37.688336096654979 ], [ 176.168442946808341, -37.68836822123469 ], [ 176.168405954868064, -37.688362380402012 ] ] ] ] } },
{ "type": "Feature", "properties": { "id": null }, "geometry": { "type": "MultiPolygon", "coordinates": [ [ [ [ 176.168445218243278, -37.68836822123469 ], [ 176.168481885692842, -37.688336421145685 ], [ 176.168520500086629, -37.68834161299695 ], [ 176.168476369350884, -37.688376009011584 ], [ 176.168445218243278, -37.68836822123469 ] ] ] ] } },
{ "type": "Feature", "properties": { "id": null }, "geometry": { "type": "MultiPolygon", "coordinates": [ [ [ [ 176.168484157127779, -37.688375035539472 ], [ 176.168523420502964, -37.688343235450468 ], [ 176.168556194064081, -37.688347778320328 ], [ 176.168516281707468, -37.68838087637215 ], [ 176.168484157127779, -37.688375035539472 ] ] ] ] } },
{ "type": "Feature", "properties": { "id": null }, "geometry": { "type": "MultiPolygon", "coordinates": [ [ [ [ 176.168519526614517, -37.688380551881444 ], [ 176.168558465499018, -37.688349076283146 ], [ 176.168596430911407, -37.688355566097229 ], [ 176.168556518554794, -37.688387041695528 ], [ 176.168519526614517, -37.688380551881444 ] ] ] ] } },
{ "type": "Feature", "properties": { "id": null }, "geometry": { "type": "MultiPolygon", "coordinates": [ [ [ [ 176.168559114480416, -37.688388339658346 ], [ 176.168599351327742, -37.68835686406004 ], [ 176.168632773870257, -37.688363029383424 ], [ 176.168593510495043, -37.688396451925946 ], [ 176.168559114480416, -37.688388339658346 ] ] ] ] } },
{ "type": "Feature", "properties": { "id": null }, "geometry": { "type": "MultiPolygon", "coordinates": [ [ [ [ 176.168597079892805, -37.688396776416653 ], [ 176.168632773870257, -37.688364327346235 ], [ 176.168664898449975, -37.688370168178913 ], [ 176.16862628405616, -37.688404239702848 ], [ 176.168597079892805, -37.688396776416653 ] ] ] ] } },
{ "type": "Feature", "properties": { "id": null }, "geometry": { "type": "MultiPolygon", "coordinates": [ [ [ [ 176.167592781163535, -37.688376171256934 ], [ 176.167633342501546, -37.688340801770181 ], [ 176.16766092421139, -37.688346967093565 ], [ 176.167622309817602, -37.688381038617493 ], [ 176.167592781163535, -37.688376171256934 ] ] ] ] } },
{ "type": "Feature", "properties": { "id": null }, "geometry": { "type": "MultiPolygon", "coordinates": [ [ [ [ 176.167637560880706, -37.688384283524535 ], [ 176.16767585078378, -37.688350536491306 ], [ 176.167705379437876, -37.688355079361166 ], [ 176.167669360969711, -37.6883894753758 ], [ 176.167637560880706, -37.688384283524535 ] ] ] ] } },
{ "type": "Feature", "properties": { "id": null }, "geometry": { "type": "MultiPolygon", "coordinates": [ [ [ [ 176.168048041621461, -37.688296346543716 ], [ 176.168077570275528, -37.688266168908228 ], [ 176.168108072401736, -37.688271036268794 ], [ 176.168079192729067, -37.688297968997233 ], [ 176.168048041621461, -37.688296346543716 ] ] ] ] } },
{ "type": "Feature", "properties": { "id": null }, "geometry": { "type": "MultiPolygon", "coordinates": [ [ [ [ 176.168046743658635, -37.688296346543716 ], [ 176.168014294588232, -37.688290830201744 ], [ 176.168050313056398, -37.688259679094152 ], [ 176.168078868238354, -37.688264221964005 ], [ 176.168046743658635, -37.688296346543716 ] ] ] ] } },
{ "type": "Feature", "properties": { "id": null }, "geometry": { "type": "MultiPolygon", "coordinates": [ [ [ [ 176.167980547555004, -37.688284664878367 ], [ 176.168012347644009, -37.688253189280069 ], [ 176.168046094677237, -37.688260003584851 ], [ 176.168013645606834, -37.688290505711045 ], [ 176.167980547555004, -37.688284664878367 ] ] ] ] } },
{ "type": "Feature", "properties": { "id": null }, "geometry": { "type": "MultiPolygon", "coordinates": [ [ [ [ 176.16728922010978, -37.688320683346525 ], [ 176.167330105938476, -37.688286287331884 ], [ 176.167359634592572, -37.688292777145968 ], [ 176.167319397745246, -37.688327173160609 ], [ 176.16728922010978, -37.688320683346525 ] ] ] ] } },
{ "type": "Feature", "properties": { "id": null }, "geometry": { "type": "MultiPolygon", "coordinates": [ [ [ [ 176.167255148585838, -37.688315815985966 ], [ 176.167299603812296, -37.688281419971325 ], [ 176.167329132466364, -37.688285962841185 ], [ 176.167286624184129, -37.688321007837231 ], [ 176.167255148585838, -37.688315815985966 ] ] ] ] } },
{ "type": "Feature", "properties": { "id": null }, "geometry": { "type": "MultiPolygon", "coordinates": [ [ [ [ 176.167254499604439, -37.68831322006033 ], [ 176.167225944422455, -37.688309001681176 ], [ 176.167265856779068, -37.68827622812006 ], [ 176.16729506094245, -37.68828077098992 ], [ 176.167254499604439, -37.68831322006033 ] ] ] ] } },
{ "type": "Feature", "properties": { "id": null }, "geometry": { "type": "MultiPolygon", "coordinates": [ [ [ [ 176.16719414433345, -37.688303485339205 ], [ 176.167234705671461, -37.688272009740906 ], [ 176.167261313909222, -37.688274605666535 ], [ 176.167222699515435, -37.688309001681176 ], [ 176.16719414433345, -37.688303485339205 ] ] ] ] } },
{ "type": "Feature", "properties": { "id": null }, "geometry": { "type": "MultiPolygon", "coordinates": [ [ [ [ 176.167162993225844, -37.688297644506534 ], [ 176.167202581091772, -37.688265844417529 ], [ 176.167231785255126, -37.688270711778095 ], [ 176.167191223917115, -37.688302836357799 ], [ 176.167162993225844, -37.688297644506534 ] ] ] ] } },
{ "type": "Feature", "properties": { "id": null }, "geometry": { "type": "MultiPolygon", "coordinates": [ [ [ [ 176.167161370772334, -37.688296995525128 ], [ 176.167130544155441, -37.688292452655269 ], [ 176.167171105493452, -37.68825870562204 ], [ 176.167199011694009, -37.688264870945417 ], [ 176.167161370772334, -37.688296995525128 ] ] ] ] } },
{ "type": "Feature", "properties": { "id": null }, "geometry": { "type": "MultiPolygon", "coordinates": [ [ [ [ 176.16709858182108, -37.688286611822598 ], [ 176.167140116631231, -37.688253189280069 ], [ 176.167167373850361, -37.688257732149928 ], [ 176.167125839040239, -37.688292452655269 ], [ 176.16709858182108, -37.688286611822598 ] ] ] ] } },
{ "type": "Feature", "properties": { "id": null }, "geometry": { "type": "MultiPolygon", "coordinates": [ [ [ [ 176.167068728676298, -37.688281419971325 ], [ 176.167111561449246, -37.688246374975286 ], [ 176.167136222742784, -37.688252864789362 ], [ 176.167094687932632, -37.68828531385978 ], [ 176.167068728676298, -37.688281419971325 ] ] ] ] } },
{ "type": "Feature", "properties": { "id": null }, "geometry": { "type": "MultiPolygon", "coordinates": [ [ [ [ 176.167034657152385, -37.688275254647948 ], [ 176.167079112378843, -37.688240209651902 ], [ 176.167108641032911, -37.688245725993873 ], [ 176.167065159278565, -37.688280122008514 ], [ 176.167034657152385, -37.688275254647948 ] ] ] ] } },
{ "type": "Feature", "properties": { "id": null }, "geometry": { "type": "MultiPolygon", "coordinates": [ [ [ [ 176.167005128498289, -37.688268440343165 ], [ 176.167045040854902, -37.688235666782049 ], [ 176.167073271546172, -37.688240209651902 ], [ 176.167031412245336, -37.688274605666543 ], [ 176.167005128498289, -37.688268440343165 ] ] ] ] } },
{ "type": "Feature", "properties": { "id": null }, "geometry": { "type": "MultiPolygon", "coordinates": [ [ [ [ 176.166971381465061, -37.6882632484919 ], [ 176.167009671368163, -37.688229501458665 ], [ 176.167041471457168, -37.688235666782049 ], [ 176.167002532572667, -37.688268115852459 ], [ 176.166971381465061, -37.6882632484919 ] ] ] ] } },
{ "type": "Feature", "properties": { "id": null }, "geometry": { "type": "MultiPolygon", "coordinates": [ [ [ [ 176.167118862490099, -37.688133614455602 ], [ 176.167164291188698, -37.688101165385191 ], [ 176.167195766786989, -37.688107006217862 ], [ 176.167152285032643, -37.688138157325461 ], [ 176.167118862490099, -37.688133614455602 ] ] ] ] } },
{ "type": "Feature", "properties": { "id": null }, "geometry": { "type": "MultiPolygon", "coordinates": [ [ [ [ 176.167154231976866, -37.688140428760384 ], [ 176.167198038221926, -37.688107979689974 ], [ 176.167227566875994, -37.688114469504058 ], [ 176.167184085121647, -37.688144971630244 ], [ 176.167154231976866, -37.688140428760384 ] ] ] ] } },
{ "type": "Feature", "properties": { "id": null }, "geometry": { "type": "MultiPolygon", "coordinates": [ [ [ [ 176.167187979010095, -37.688146269593062 ], [ 176.167231136273728, -37.688115118485463 ], [ 176.167262936362732, -37.688119336864617 ], [ 176.167219130117701, -37.688150163481509 ], [ 176.167187979010095, -37.688146269593062 ] ] ] ] } },
{ "type": "Feature", "properties": { "id": null }, "geometry": { "type": "MultiPolygon", "coordinates": [ [ [ [ 176.167224321968945, -37.688151136953621 ], [ 176.167264234325557, -37.688121932790253 ], [ 176.167295709923877, -37.688126475660113 ], [ 176.167254499604439, -37.688156977786299 ], [ 176.167224321968945, -37.688151136953621 ] ] ] ] } },
{ "type": "Feature", "properties": { "id": null }, "geometry": { "type": "MultiPolygon", "coordinates": [ [ [ [ 176.167257744511488, -37.688158275749117 ], [ 176.167298305849499, -37.688127773622924 ], [ 176.167329132466392, -37.688132965474196 ], [ 176.167288246637668, -37.688163467600383 ], [ 176.167257744511488, -37.688158275749117 ] ] ] ] } },
{ "type": "Feature", "properties": { "id": null }, "geometry": { "type": "MultiPolygon", "coordinates": [ [ [ [ 176.167293113998227, -37.688164116581788 ], [ 176.167329781447791, -37.688136210381231 ], [ 176.167363528481019, -37.688139779778979 ], [ 176.167322642652294, -37.688169957414466 ], [ 176.167293113998227, -37.688164116581788 ] ] ] ] } },
{ "type": "Feature", "properties": { "id": null }, "geometry": { "type": "MultiPolygon", "coordinates": [ [ [ [ 176.167325887559343, -37.688170930886578 ], [ 176.167367097878753, -37.688140428760384 ], [ 176.167397600004961, -37.688145620611657 ], [ 176.167355091722726, -37.688176122737843 ], [ 176.167325887559343, -37.688170930886578 ] ] ] ] } },
{ "type": "Feature", "properties": { "id": null }, "geometry": { "type": "MultiPolygon", "coordinates": [ [ [ [ 176.16736028357397, -37.688176447228543 ], [ 176.16740246736552, -37.688145620611657 ], [ 176.167433618473126, -37.688151136953621 ], [ 176.167389163246639, -37.688181314589109 ], [ 176.16736028357397, -37.688176447228543 ] ] ] ] } },
{ "type": "Feature", "properties": { "id": -100 }, "geometry": { "type": "MultiPolygon", "coordinates": [ [ [ [ 176.167396139796779, -37.68818245030657 ], [ 176.167443839930286, -37.688148054291929 ], [ 176.167456495067739, -37.688161358410802 ], [ 176.167429562339294, -37.688187317667129 ], [ 176.167396139796779, -37.68818245030657 ] ] ] ] } },
{ "type": "Feature", "properties": { "id": null }, "geometry": { "type": "MultiPolygon", "coordinates": [ [ [ [ 176.166951912022824, -37.688063362218152 ], [ 176.16691264864761, -37.688096784760681 ], [ 176.166870464856089, -37.68808899698378 ], [ 176.166907132305653, -37.688057196894775 ], [ 176.166951912022824, -37.688063362218152 ] ] ] ] } },
{ "type": "Feature", "properties": { "id": null }, "geometry": { "type": "MultiPolygon", "coordinates": [ [ [ [ 176.166869815874691, -37.688088023511668 ], [ 176.166826983101743, -37.688082831660402 ], [ 176.166863650551306, -37.688048760136468 ], [ 176.166903887398604, -37.688055898931964 ], [ 176.166869815874691, -37.688088023511668 ] ] ] ] } },
{ "type": "Feature", "properties": { "id": null }, "geometry": { "type": "MultiPolygon", "coordinates": [ [ [ [ 176.166824062685407, -37.688081533697584 ], [ 176.166797129956961, -37.688076666337025 ], [ 176.166835095369322, -37.688044217266615 ], [ 176.166862352588481, -37.68804713768295 ], [ 176.166824062685407, -37.688081533697584 ] ] ] ] } },
{ "type": "Feature", "properties": { "id": null }, "geometry": { "type": "MultiPolygon", "coordinates": [ [ [ [ 176.166769223756404, -37.68807147448576 ], [ 176.166805566715254, -37.688039998887461 ], [ 176.166829903518078, -37.688045515229426 ], [ 176.166796480975535, -37.688075043883501 ], [ 176.166769223756404, -37.68807147448576 ] ] ] ] } },
{ "type": "Feature", "properties": { "id": null }, "geometry": { "type": "MultiPolygon", "coordinates": [ [ [ [ 176.16676727681218, -37.688070176522942 ], [ 176.16673904612091, -37.688065309162383 ], [ 176.166778633986809, -37.688032860091965 ], [ 176.166805242224569, -37.688039349906049 ], [ 176.16676727681218, -37.688070176522942 ] ] ] ] } },
{ "type": "Feature", "properties": { "id": null }, "geometry": { "type": "MultiPolygon", "coordinates": [ [ [ [ 176.166709192976128, -37.688060441801817 ], [ 176.16674488695358, -37.688029615184924 ], [ 176.166773442135565, -37.688033833564077 ], [ 176.166737748158084, -37.688064011199565 ], [ 176.166709192976128, -37.688060441801817 ] ] ] ] } },
{ "type": "Feature", "properties": { "id": null }, "geometry": { "type": "MultiPolygon", "coordinates": [ [ [ [ 176.166679339831347, -37.688054276478439 ], [ 176.166715033808799, -37.688025072315071 ], [ 176.166742940009357, -37.688029615184924 ], [ 176.166705623578395, -37.688059468329705 ], [ 176.166679339831347, -37.688054276478439 ] ] ] ] } },
{ "type": "Feature", "properties": { "id": null }, "geometry": { "type": "MultiPolygon", "coordinates": [ [ [ [ 176.166712275637792, -37.688025883541833 ], [ 176.166678528604564, -37.688054438723796 ], [ 176.166648026478356, -37.688047948909713 ], [ 176.166683720455808, -37.68801939372775 ], [ 176.166712275637792, -37.688025883541833 ] ] ] ] } },
{ "type": "Feature", "properties": { "id": null }, "geometry": { "type": "MultiPolygon", "coordinates": [ [ [ [ 176.166873223027011, -37.688205651391918 ], [ 176.16690372515319, -37.688209869771072 ], [ 176.166867057703627, -37.688244590276412 ], [ 176.166837853540244, -37.688238749443741 ], [ 176.166873223027011, -37.688205651391918 ] ] ] ] } },
{ "type": "Feature", "properties": { "id": null }, "geometry": { "type": "MultiPolygon", "coordinates": [ [ [ [ 176.166873547517696, -37.688205651391918 ], [ 176.166834933123909, -37.688239398425146 ], [ 176.166806702432666, -37.688233882083175 ], [ 176.166844667845027, -37.688200459540653 ], [ 176.166873547517696, -37.688205651391918 ] ] ] ] } },
{ "type": "Feature", "properties": { "id": null }, "geometry": { "type": "MultiPolygon", "coordinates": [ [ [ [ 176.166838827012356, -37.688199161577835 ], [ 176.166802484053505, -37.688232908611063 ], [ 176.166775226834346, -37.688228690231909 ], [ 176.16681189428391, -37.688194943198681 ], [ 176.166838827012356, -37.688199161577835 ] ] ] ] } },
{ "type": "Feature", "properties": { "id": null }, "geometry": { "type": "MultiPolygon", "coordinates": [ [ [ [ 176.166807675904778, -37.688192996254458 ], [ 176.166770683964501, -37.688227716759798 ], [ 176.166744724708167, -37.688222849399239 ], [ 176.166781716648444, -37.688189426856709 ], [ 176.166807675904778, -37.688192996254458 ] ] ] ] } },
{ "type": "Feature", "properties": { "id": null }, "geometry": { "type": "MultiPolygon", "coordinates": [ [ [ [ 176.166776524797172, -37.68818715542178 ], [ 176.166739532856894, -37.688222200417826 ], [ 176.166703514388729, -37.688216035094449 ], [ 176.166742777763943, -37.688181963570514 ], [ 176.166776524797172, -37.68818715542178 ] ] ] ] } },
{ "type": "Feature", "properties": { "id": null }, "geometry": { "type": "MultiPolygon", "coordinates": [ [ [ [ 176.166738234894069, -37.688181801325165 ], [ 176.166700593972394, -37.688215872849099 ], [ 176.166669767355501, -37.688209707525722 ], [ 176.166707408277176, -37.688176284983193 ], [ 176.166738234894069, -37.688181801325165 ] ] ] ] } },
{ "type": "Feature", "properties": { "id": null }, "geometry": { "type": "MultiPolygon", "coordinates": [ [ [ [ 176.166704163370156, -37.688175311511081 ], [ 176.16666554897634, -37.688209058544309 ], [ 176.166637967266496, -37.688204515674457 ], [ 176.166675608188172, -37.688170768641228 ], [ 176.166704163370156, -37.688175311511081 ] ] ] ] } },
{ "type": "Feature", "properties": { "id": null }, "geometry": { "type": "MultiPolygon", "coordinates": [ [ [ [ 176.166670416336927, -37.688169795169109 ], [ 176.16663342439665, -37.688203217711639 ], [ 176.166604544723981, -37.688198025860373 ], [ 176.16664251013637, -37.688164603317844 ], [ 176.166670416336927, -37.688169795169109 ] ] ] ] } },
{ "type": "Feature", "properties": { "id": null }, "geometry": { "type": "MultiPolygon", "coordinates": [ [ [ [ 176.166638129511909, -37.688163143109676 ], [ 176.166600813080919, -37.688196890142912 ], [ 176.166568039519802, -37.68819137380094 ], [ 176.166607627385702, -37.688157951258411 ], [ 176.166638129511909, -37.688163143109676 ] ] ] ] } },
{ "type": "Feature", "properties": { "id": null }, "geometry": { "type": "MultiPolygon", "coordinates": [ [ [ [ 176.166603084515856, -37.688156977786299 ], [ 176.166564794612754, -37.688190400328828 ], [ 176.166536239430798, -37.68818455949615 ], [ 176.166573231371075, -37.688152434916447 ], [ 176.166603084515856, -37.688156977786299 ] ] ] ] } },
{ "type": "Feature", "properties": { "id": null }, "geometry": { "type": "MultiPolygon", "coordinates": [ [ [ [ 176.166569661973313, -37.688150163481517 ], [ 176.166531696560952, -37.688183586024039 ], [ 176.16649924749052, -37.688178394172773 ], [ 176.166538510865735, -37.68814529612095 ], [ 176.166569661973313, -37.688150163481517 ] ] ] ] } },
{ "type": "Feature", "properties": { "id": null }, "geometry": { "type": "MultiPolygon", "coordinates": [ [ [ [ 176.166680637794087, -37.688018420255645 ], [ 176.166644619325922, -37.688047624419021 ], [ 176.166615415162568, -37.688043081549161 ], [ 176.166651433630705, -37.688013877385785 ], [ 176.166680637794087, -37.688018420255645 ] ] ] ] } },
{ "type": "Feature", "properties": { "id": null }, "geometry": { "type": "MultiPolygon", "coordinates": [ [ [ [ 176.166645592798034, -37.688012903913673 ], [ 176.166610872292694, -37.688042108077049 ], [ 176.166585562017787, -37.688037565207189 ], [ 176.166621580485923, -37.688007712062408 ], [ 176.166645592798034, -37.688012903913673 ] ] ] ] } },
{ "type": "Feature", "properties": { "id": null }, "geometry": { "type": "MultiPolygon", "coordinates": [ [ [ [ 176.166617686597476, -37.688008361043821 ], [ 176.166582641601451, -37.688036591735077 ], [ 176.166555708873005, -37.68803269784663 ], [ 176.166589455906234, -37.688002520211143 ], [ 176.166617686597476, -37.688008361043821 ] ] ] ] } },
{ "type": "Feature", "properties": { "id": null }, "geometry": { "type": "MultiPolygon", "coordinates": [ [ [ [ 176.166583290582849, -37.688003169192555 ], [ 176.16655278845667, -37.688031724374518 ], [ 176.166524557765399, -37.688027505995365 ], [ 176.166561874196361, -37.687998626322695 ], [ 176.166583290582849, -37.688003169192555 ] ] ] ] } },
{ "type": "Feature", "properties": { "id": null }, "geometry": { "type": "MultiPolygon", "coordinates": [ [ [ [ 176.166430455461295, -37.688125826678714 ], [ 176.16639281453962, -37.688159249221243 ], [ 176.166366530792573, -37.68815503084209 ], [ 176.16640352273285, -37.688121932790267 ], [ 176.166430455461295, -37.688125826678714 ] ] ] ] } },
{ "type": "Feature", "properties": { "id": null }, "geometry": { "type": "MultiPolygon", "coordinates": [ [ [ [ 176.166398979863004, -37.688119985846043 ], [ 176.166362961394839, -37.688153732879272 ], [ 176.166336353157106, -37.688147243065188 ], [ 176.16637139815316, -37.68811576746689 ], [ 176.166398979863004, -37.688119985846043 ] ] ] ] } },
{ "type": "Feature", "properties": { "id": null }, "geometry": { "type": "MultiPolygon", "coordinates": [ [ [ [ 176.166365557320461, -37.688114793994778 ], [ 176.166332459268659, -37.688144647139559 ], [ 176.1663052020495, -37.688141077741811 ], [ 176.166340571536267, -37.688110251124918 ], [ 176.166365557320461, -37.688114793994778 ] ] ] ] } },
{ "type": "Feature", "properties": { "id": null }, "geometry": { "type": "MultiPolygon", "coordinates": [ [ [ [ 176.166337002138505, -37.6881089531621 ], [ 176.16630098367034, -37.688139779778993 ], [ 176.166268534599936, -37.688137183853364 ], [ 176.166307148993724, -37.688104734782947 ], [ 176.166337002138505, -37.6881089531621 ] ] ] ] } },
{ "type": "Feature", "properties": { "id": null }, "geometry": { "type": "MultiPolygon", "coordinates": [ [ [ [ 176.16630098367034, -37.688103761310835 ], [ 176.16626139580444, -37.688137508344063 ], [ 176.166235436548106, -37.688132316492798 ], [ 176.166274375432607, -37.688098569459569 ], [ 176.16630098367034, -37.688103761310835 ] ] ] ] } },
{ "type": "Feature", "properties": { "id": null }, "geometry": { "type": "MultiPolygon", "coordinates": [ [ [ [ 176.166269508072048, -37.688097595987458 ], [ 176.166230569187547, -37.68813069403928 ], [ 176.166202014005592, -37.688125502188015 ], [ 176.166242899834316, -37.688093053117598 ], [ 176.166269508072048, -37.688097595987458 ] ] ] ] } },
{ "type": "Feature", "properties": { "id": null }, "geometry": { "type": "MultiPolygon", "coordinates": [ [ [ [ 176.166457712680455, -37.687976885445522 ], [ 176.166419747268066, -37.688008361043828 ], [ 176.166386649216236, -37.688003818173968 ], [ 176.166428833007785, -37.687970720122145 ], [ 176.166457712680455, -37.687976885445522 ] ] ] ] } },
{ "type": "Feature", "properties": { "id": null }, "geometry": { "type": "MultiPolygon", "coordinates": [ [ [ [ 176.166424939119338, -37.687970071140739 ], [ 176.1663837287999, -37.688001871229744 ], [ 176.166356796071454, -37.68799797734129 ], [ 176.166399628844403, -37.68796552827088 ], [ 176.166424939119338, -37.687970071140739 ] ] ] ] } },
{ "type": "Feature", "properties": { "id": null }, "geometry": { "type": "MultiPolygon", "coordinates": [ [ [ [ 176.166394436993158, -37.687962932345243 ], [ 176.166354200145832, -37.687996354887773 ], [ 176.16632337352894, -37.687990838545801 ], [ 176.166367828755398, -37.687957740493978 ], [ 176.166394436993158, -37.687962932345243 ] ] ] ] } },
{ "type": "Feature", "properties": { "id": null }, "geometry": { "type": "MultiPolygon", "coordinates": [ [ [ [ 176.166363610376266, -37.687957416003279 ], [ 176.166320453112604, -37.687989865073689 ], [ 176.166297089781921, -37.687985646694536 ], [ 176.166337651119932, -37.687953522114825 ], [ 176.166363610376266, -37.687957416003279 ] ] ] ] } },
{ "type": "Feature", "properties": { "id": null }, "geometry": { "type": "MultiPolygon", "coordinates": [ [ [ [ 176.166333108250058, -37.687951899661307 ], [ 176.166293520384158, -37.687984348731717 ], [ 176.166267885618538, -37.687981752806088 ], [ 176.166309420428661, -37.68794800577286 ], [ 176.166333108250058, -37.687951899661307 ] ] ] ] } },
{ "type": "Feature", "properties": { "id": null }, "geometry": { "type": "MultiPolygon", "coordinates": [ [ [ [ 176.166305851030927, -37.687946383319336 ], [ 176.166263667239377, -37.687980130352564 ], [ 176.166237707983043, -37.687975587482711 ], [ 176.166281514228103, -37.687943462903 ], [ 176.166305851030927, -37.687946383319336 ] ] ] ] } },
{ "type": "Feature", "properties": { "id": null }, "geometry": { "type": "MultiPolygon", "coordinates": [ [ [ [ 176.166276971358258, -37.687941515958777 ], [ 176.166234787566708, -37.687974614010592 ], [ 176.166209801782486, -37.687970071140739 ], [ 176.166254257008973, -37.687937622070322 ], [ 176.166276971358258, -37.687941515958777 ] ] ] ] } },
{ "type": "Feature", "properties": { "id": null }, "geometry": { "type": "MultiPolygon", "coordinates": [ [ [ [ 176.166247767194875, -37.687937297579623 ], [ 176.166208179328976, -37.68796779970581 ], [ 176.16618124660053, -37.687964554798768 ], [ 176.166222132429255, -37.687933728181875 ], [ 176.166247767194875, -37.687937297579623 ] ] ] ] } },
{ "type": "Feature", "properties": { "id": null }, "geometry": { "type": "MultiPolygon", "coordinates": [ [ [ [ 176.166218887522206, -37.687933403691169 ], [ 176.166178650674908, -37.68796325683595 ], [ 176.166152042437176, -37.687959687438209 ], [ 176.166192603775187, -37.687927238367791 ], [ 176.166218887522206, -37.687933403691169 ] ] ] ] } },
{ "type": "Feature", "properties": { "id": null }, "geometry": { "type": "MultiPolygon", "coordinates": [ [ [ [ 176.166187898659928, -37.687926589386386 ], [ 176.16614766181263, -37.687958713966097 ], [ 176.166119755612073, -37.687954495586943 ], [ 176.166161614912909, -37.687920748553715 ], [ 176.166187898659928, -37.687926589386386 ] ] ] ] } },
{ "type": "Feature", "properties": { "id": null }, "geometry": { "type": "MultiPolygon", "coordinates": [ [ [ [ 176.166066214645809, -37.688060279556488 ], [ 176.166023706363575, -37.688094351080423 ], [ 176.165994826690905, -37.688089808210563 ], [ 176.166036037010343, -37.688055412195929 ], [ 176.166066214645809, -37.688060279556488 ] ] ] ] } },
{ "type": "Feature", "properties": { "id": null }, "geometry": { "type": "MultiPolygon", "coordinates": [ [ [ [ 176.166031169649784, -37.688054763214517 ], [ 176.165991581783885, -37.688087861266339 ], [ 176.165962702111216, -37.688083642887186 ], [ 176.166003587939912, -37.688049895853958 ], [ 176.166031169649784, -37.688054763214517 ] ] ] ] } },
{ "type": "Feature", "properties": { "id": null }, "geometry": { "type": "MultiPolygon", "coordinates": [ [ [ [ 176.165999694051465, -37.688048597891139 ], [ 176.165959132713454, -37.688082669415074 ], [ 176.165929928550099, -37.688077802054515 ], [ 176.165970814378795, -37.68804373053058 ], [ 176.165999694051465, -37.688048597891139 ] ] ] ] } },
{ "type": "Feature", "properties": { "id": null }, "geometry": { "type": "MultiPolygon", "coordinates": [ [ [ [ 176.165965947018236, -37.688042432567762 ], [ 176.165925710170939, -37.688076179600991 ], [ 176.165898777442493, -37.688070663259019 ], [ 176.165938689799106, -37.688036916225791 ], [ 176.165965947018236, -37.688042432567762 ] ] ] ] } },
{ "type": "Feature", "properties": { "id": null }, "geometry": { "type": "MultiPolygon", "coordinates": [ [ [ [ 176.165931875494323, -37.688036591735091 ], [ 176.165892287628395, -37.688069689786907 ], [ 176.165862758974328, -37.688065471407754 ], [ 176.165903969293765, -37.688033671318749 ], [ 176.165931875494323, -37.688036591735091 ] ] ] ] } },
{ "type": "Feature", "properties": { "id": null }, "geometry": { "type": "MultiPolygon", "coordinates": [ [ [ [ 176.16589845295178, -37.688032373355938 ], [ 176.16585724263237, -37.688065146917054 ], [ 176.165830309903924, -37.688059306084376 ], [ 176.165872169204761, -37.688028154976784 ], [ 176.16589845295178, -37.688032373355938 ] ] ] ] } },
{ "type": "Feature", "properties": { "id": null }, "geometry": { "type": "MultiPolygon", "coordinates": [ [ [ [ 176.165799483287088, -37.688054114233111 ], [ 176.165837124208764, -37.688021340671995 ], [ 176.165867626334943, -37.688026857013966 ], [ 176.165827713978331, -37.688058657102971 ], [ 176.165799483287088, -37.688054114233111 ] ] ] ] } },
{ "type": "Feature", "properties": { "id": null }, "geometry": { "type": "MultiPolygon", "coordinates": [ [ [ [ 176.165915813204464, -37.687876131081893 ], [ 176.16587590084788, -37.687910202605828 ], [ 176.165845074230987, -37.687904686263856 ], [ 176.165884986587571, -37.68787158821204 ], [ 176.165915813204464, -37.687876131081893 ] ] ] ] } },
{ "type": "Feature", "properties": { "id": null }, "geometry": { "type": "MultiPolygon", "coordinates": [ [ [ [ 176.165881417189837, -37.687870939230628 ], [ 176.165842153814623, -37.687903063810339 ], [ 176.165810353725647, -37.687899818903297 ], [ 176.165851888535769, -37.687865747379362 ], [ 176.165881417189837, -37.687870939230628 ] ] ] ] } },
{ "type": "Feature", "properties": { "id": null }, "geometry": { "type": "MultiPolygon", "coordinates": [ [ [ [ 176.165845074230987, -37.687864449416544 ], [ 176.165807433309283, -37.687898845431185 ], [ 176.165777580164502, -37.68789365357992 ], [ 176.165816194558317, -37.687860231037391 ], [ 176.165845074230987, -37.687864449416544 ] ] ] ] } },
{ "type": "Feature", "properties": { "id": null }, "geometry": { "type": "MultiPolygon", "coordinates": [ [ [ [ 176.165811651688443, -37.687859906546691 ], [ 176.165775308729593, -37.687891057654284 ], [ 176.165744806603385, -37.687888137237948 ], [ 176.165783420997201, -37.687855039186125 ], [ 176.165811651688443, -37.687859906546691 ] ] ] ] } },
{ "type": "Feature", "properties": { "id": null }, "geometry": { "type": "MultiPolygon", "coordinates": [ [ [ [ 176.165777904655215, -37.687854065714014 ], [ 176.165738965770714, -37.687886190293725 ], [ 176.165710410588758, -37.687881647423865 ], [ 176.165750647436084, -37.687849198353454 ], [ 176.165777904655215, -37.687854065714014 ] ] ] ] } },
{ "type": "Feature", "properties": { "id": null }, "geometry": { "type": "MultiPolygon", "coordinates": [ [ [ [ 176.165745455584812, -37.687847251409231 ], [ 176.165706516700311, -37.687880349461047 ], [ 176.165678610499754, -37.687875157609781 ], [ 176.165718198365653, -37.687842384048665 ], [ 176.165745455584812, -37.687847251409231 ] ] ] ] } },
{ "type": "Feature", "properties": { "id": null }, "geometry": { "type": "MultiPolygon", "coordinates": [ [ [ [ 176.165713655495807, -37.687840437104441 ], [ 176.165674067629908, -37.687873535156264 ], [ 176.165642592031588, -37.68786931677711 ], [ 176.165683477860313, -37.687836218725288 ], [ 176.165713655495807, -37.687840437104441 ] ] ] ] } },
{ "type": "Feature", "properties": { "id": null }, "geometry": { "type": "MultiPolygon", "coordinates": [ [ [ [ 176.165648432864288, -37.687829079929799 ], [ 176.16560722254485, -37.687861853490915 ], [ 176.165577369400069, -37.687856012658244 ], [ 176.165619877682303, -37.687823888078533 ], [ 176.165648432864288, -37.687829079929799 ] ] ] ] } },
{ "type": "Feature", "properties": { "id": null }, "geometry": { "type": "MultiPolygon", "coordinates": [ [ [ [ 176.165901860104213, -37.686896493646131 ], [ 176.165934309174617, -37.686868587445581 ], [ 176.165970652133495, -37.686873779296846 ], [ 176.165937554081665, -37.686901685497396 ], [ 176.165901860104213, -37.686896493646131 ] ] ] ] } },
{ "type": "Feature", "properties": { "id": null }, "geometry": { "type": "MultiPolygon", "coordinates": [ [ [ [ 176.165939825516602, -37.686902334478809 ], [ 176.165973572549831, -37.686874752768958 ], [ 176.166009591017996, -37.686877673185293 ], [ 176.165976168475453, -37.68690817531148 ], [ 176.165939825516602, -37.686902334478809 ] ] ] ] } },
{ "type": "Feature", "properties": { "id": null }, "geometry": { "type": "MultiPolygon", "coordinates": [ [ [ [ 176.166050476846721, -37.686918559014011 ], [ 176.166081952445012, -37.686890328322754 ], [ 176.166116997441065, -37.686894546701907 ], [ 176.166085846333459, -37.68692310188387 ], [ 176.166050476846721, -37.686918559014011 ] ] ] ] } },
{ "type": "Feature", "properties": { "id": null }, "geometry": { "type": "MultiPolygon", "coordinates": [ [ [ [ 176.16609168716613, -37.686921803921052 ], [ 176.166121540310911, -37.686895844664726 ], [ 176.166155611834853, -37.686900387534585 ], [ 176.166123811745848, -37.68692764475373 ], [ 176.16609168716613, -37.686921803921052 ] ] ] ] } },
{ "type": "Feature", "properties": { "id": null }, "geometry": { "type": "MultiPolygon", "coordinates": [ [ [ [ 176.166126732162184, -37.686929267207248 ], [ 176.166157558779076, -37.686902009988103 ], [ 176.166190981321591, -37.686906228367256 ], [ 176.166160154704698, -37.686932512114289 ], [ 176.166126732162184, -37.686929267207248 ] ] ] ] } },
{ "type": "Feature", "properties": { "id": null }, "geometry": { "type": "MultiPolygon", "coordinates": [ [ [ [ 176.166163724102461, -37.686932512114289 ], [ 176.166196822154262, -37.686907850820774 ], [ 176.166229920206092, -37.686911420218522 ], [ 176.166196497663577, -37.686937054984149 ], [ 176.166163724102461, -37.686932512114289 ] ] ] ] } },
{ "type": "Feature", "properties": { "id": null }, "geometry": { "type": "MultiPolygon", "coordinates": [ [ [ [ 176.166328565380155, -37.68695814687991 ], [ 176.166371398153103, -37.686932187623576 ], [ 176.166406443149157, -37.686937054984142 ], [ 176.166361014450587, -37.686962365259063 ], [ 176.166328565380155, -37.68695814687991 ] ] ] ] } },
{ "type": "Feature", "properties": { "id": null }, "geometry": { "type": "MultiPolygon", "coordinates": [ [ [ [ 176.166364259357636, -37.686963014240469 ], [ 176.16640839009338, -37.686938028456254 ], [ 176.166444408561546, -37.686941922344701 ], [ 176.166399953335088, -37.686966908128916 ], [ 176.166364259357636, -37.686963014240469 ] ] ] ] } },
{ "type": "Feature", "properties": { "id": null }, "geometry": { "type": "MultiPolygon", "coordinates": [ [ [ [ 176.166404496204962, -37.686967557110336 ], [ 176.166448302450021, -37.68694289581682 ], [ 176.166485294390299, -37.686947438686673 ], [ 176.16644083916384, -37.686972748961601 ], [ 176.166404496204962, -37.686967557110336 ] ] ] ] } },
{ "type": "Feature", "properties": { "id": null }, "geometry": { "type": "MultiPolygon", "coordinates": [ [ [ [ 176.166445382033686, -37.6869730734523 ], [ 176.166488863788032, -37.686948412158792 ], [ 176.166521312858464, -37.686952955028644 ], [ 176.166475235178467, -37.686979238775677 ], [ 176.166445382033686, -37.6869730734523 ] ] ] ] } },
{ "type": "Feature", "properties": { "id": null }, "geometry": { "type": "MultiPolygon", "coordinates": [ [ [ [ 176.166480102539026, -37.686979563266384 ], [ 176.166523908784086, -37.686953928500756 ], [ 176.16656057623365, -37.68695814687991 ], [ 176.166518716932814, -37.686984106136244 ], [ 176.166480102539026, -37.686979563266384 ] ] ] ] } },
{ "type": "Feature", "properties": { "id": null }, "geometry": { "type": "MultiPolygon", "coordinates": [ [ [ [ 176.166520988367722, -37.686984106136244 ], [ 176.166563496649957, -37.686959120352029 ], [ 176.166597568173898, -37.686964312203294 ], [ 176.166553761928839, -37.686989622478215 ], [ 176.166520988367722, -37.686984106136244 ] ] ] ] } },
{ "type": "Feature", "properties": { "id": null }, "geometry": { "type": "MultiPolygon", "coordinates": [ [ [ [ 176.166557331326572, -37.686990595950327 ], [ 176.166600813080919, -37.6869649611847 ], [ 176.166634560114147, -37.686969179563853 ], [ 176.166588482434179, -37.686994489838781 ], [ 176.166557331326572, -37.686990595950327 ] ] ] ] } },
{ "type": "Feature", "properties": { "id": null }, "geometry": { "type": "MultiPolygon", "coordinates": [ [ [ [ 176.166595621229675, -37.686996112292299 ], [ 176.166640725437532, -37.686969179563853 ], [ 176.166670254091599, -37.686972099980196 ], [ 176.166624176411631, -37.687001953124977 ], [ 176.166595621229675, -37.686996112292299 ] ] ] ] } },
{ "type": "Feature", "properties": { "id": null }, "geometry": { "type": "MultiPolygon", "coordinates": [ [ [ [ 176.166551490493788, -37.687121041213388 ], [ 176.166584588545589, -37.687124610611136 ], [ 176.166545974151802, -37.687159331116476 ], [ 176.166515147534909, -37.687154788246616 ], [ 176.166551490493788, -37.687121041213388 ] ] ] ] } },
{ "type": "Feature", "properties": { "id": null }, "geometry": { "type": "MultiPolygon", "coordinates": [ [ [ [ 176.166549219058851, -37.687159980097888 ], [ 176.166586859980526, -37.687125259592541 ], [ 176.166618335578846, -37.687129477971695 ], [ 176.166583290582793, -37.687164198477042 ], [ 176.166549219058851, -37.687159980097888 ] ] ] ] } },
{ "type": "Feature", "properties": { "id": null }, "geometry": { "type": "MultiPolygon", "coordinates": [ [ [ [ 176.166453494301095, -37.687225851710821 ], [ 176.166423316665629, -37.687248566060113 ], [ 176.166399304353519, -37.687243374208848 ], [ 176.166430130970411, -37.687215792498996 ], [ 176.166453494301095, -37.687225851710821 ] ] ] ] } },
{ "type": "Feature", "properties": { "id": null }, "geometry": { "type": "MultiPolygon", "coordinates": [ [ [ [ 176.166461282077989, -37.687256353837007 ], [ 176.166492108694882, -37.687231043562086 ], [ 176.166522286330377, -37.687239480320393 ], [ 176.166489837259974, -37.687259923234755 ], [ 176.166461282077989, -37.687256353837007 ] ] ] ] } },
{ "type": "Feature", "properties": { "id": null }, "geometry": { "type": "MultiPolygon", "coordinates": [ [ [ [ 176.166495029111246, -37.687260247725462 ], [ 176.166524557765314, -37.687240453792505 ], [ 176.166553437437983, -37.687244347680959 ], [ 176.166525531237426, -37.687265439576727 ], [ 176.166495029111246, -37.687260247725462 ] ] ] ] } },
{ "type": "Feature", "properties": { "id": null }, "geometry": { "type": "MultiPolygon", "coordinates": [ [ [ [ 176.166616713125194, -37.687282637584048 ], [ 176.166643321362955, -37.687259598744049 ], [ 176.166673498998421, -37.687264466104615 ], [ 176.166646566269975, -37.687287504944607 ], [ 176.166616713125194, -37.687282637584048 ] ] ] ] } },
{ "type": "Feature", "properties": { "id": null }, "geometry": { "type": "MultiPolygon", "coordinates": [ [ [ [ 176.166650460158422, -37.687289127398131 ], [ 176.166676094924071, -37.687266737539545 ], [ 176.166703352143202, -37.687270631427992 ], [ 176.166679988812518, -37.687293021286578 ], [ 176.166650460158422, -37.687289127398131 ] ] ] ] } },
{ "type": "Feature", "properties": { "id": null }, "geometry": { "type": "MultiPolygon", "coordinates": [ [ [ [ 176.166682909228882, -37.687294319249389 ], [ 176.166707895013104, -37.687271929390803 ], [ 176.166736125704347, -37.687276472260663 ], [ 176.166710490938726, -37.687299186609948 ], [ 176.166682909228882, -37.687294319249389 ] ] ] ] } },
{ "type": "Feature", "properties": { "id": null }, "geometry": { "type": "MultiPolygon", "coordinates": [ [ [ [ 176.1667150338086, -37.687299511100655 ], [ 176.166739046120682, -37.68727679675137 ], [ 176.16676954824689, -37.687282313093334 ], [ 176.166742940009129, -37.687305027442626 ], [ 176.1667150338086, -37.687299511100655 ] ] ] ] } },
{ "type": "Feature", "properties": { "id": null }, "geometry": { "type": "MultiPolygon", "coordinates": [ [ [ [ 176.166788044217014, -37.687368627620629 ], [ 176.166798103428846, -37.687332284661771 ], [ 176.166826009629403, -37.687338774475855 ], [ 176.166814327964062, -37.687375117434712 ], [ 176.166788044217014, -37.687368627620629 ] ] ] ] } },
{ "type": "Feature", "properties": { "id": null }, "geometry": { "type": "MultiPolygon", "coordinates": [ [ [ [ 176.166785448291392, -37.687368627620629 ], [ 176.16676046250717, -37.687365382713594 ], [ 176.166772144172512, -37.687327741791911 ], [ 176.166796480975336, -37.687333907115288 ], [ 176.166785448291392, -37.687368627620629 ] ] ] ] } },
{ "type": "Feature", "properties": { "id": null }, "geometry": { "type": "MultiPolygon", "coordinates": [ [ [ [ 176.166819195324621, -37.687375117434712 ], [ 176.166829254536452, -37.687338449985148 ], [ 176.166853266848562, -37.68734169489219 ], [ 176.166842883146018, -37.687380309285977 ], [ 176.166819195324621, -37.687375117434712 ] ] ] ] } },
{ "type": "Feature", "properties": { "id": null }, "geometry": { "type": "MultiPolygon", "coordinates": [ [ [ [ 176.166977871278846, -37.687402374653857 ], [ 176.166952561003939, -37.687399454237521 ], [ 176.166967487576329, -37.687360515353028 ], [ 176.166989552944216, -37.687367654148517 ], [ 176.166977871278846, -37.687402374653857 ] ] ] ] } },
{ "type": "Feature", "properties": { "id": null }, "geometry": { "type": "MultiPolygon", "coordinates": [ [ [ [ 176.166976573316049, -37.687403672616675 ], [ 176.166988579472104, -37.687367978639223 ], [ 176.167020055070395, -37.68737187252767 ], [ 176.167005452988718, -37.687409188958647 ], [ 176.166976573316049, -37.687403672616675 ] ] ] ] } },
{ "type": "Feature", "properties": { "id": null }, "geometry": { "type": "MultiPolygon", "coordinates": [ [ [ [ 176.167010644839962, -37.687407242014423 ], [ 176.167021677523906, -37.687374792944006 ], [ 176.16704276941968, -37.687378037851047 ], [ 176.167033683679961, -37.687412433865688 ], [ 176.167010644839962, -37.687407242014423 ] ] ] ] } },
{ "type": "Feature", "properties": { "id": null }, "geometry": { "type": "MultiPolygon", "coordinates": [ [ [ [ 176.166865597495217, -37.68729107434234 ], [ 176.166901615963383, -37.687254406892777 ], [ 176.166930820126765, -37.68725862527193 ], [ 176.166894477167887, -37.68729334577727 ], [ 176.166865597495217, -37.68729107434234 ] ] ] ] } },
{ "type": "Feature", "properties": { "id": null }, "geometry": { "type": "MultiPolygon", "coordinates": [ [ [ [ 176.166897722074935, -37.687294319249382 ], [ 176.166935687487324, -37.687257002818413 ], [ 176.166963593687882, -37.687261221197566 ], [ 176.16692530378478, -37.687298537628536 ], [ 176.166897722074935, -37.687294319249382 ] ] ] ] } },
{ "type": "Feature", "properties": { "id": null }, "geometry": { "type": "MultiPolygon", "coordinates": [ [ [ [ 176.166929846654654, -37.687298862119242 ], [ 176.166967163085616, -37.687262194669678 ], [ 176.16699474479546, -37.687265764067419 ], [ 176.166959375308721, -37.687300809063466 ], [ 176.166929846654654, -37.687298862119242 ] ] ] ] } },
{ "type": "Feature", "properties": { "id": null }, "geometry": { "type": "MultiPolygon", "coordinates": [ [ [ [ 176.166963593687882, -37.68730243151699 ], [ 176.166999287665334, -37.687267062030237 ], [ 176.167028167338003, -37.687270306937279 ], [ 176.16699312234195, -37.687306000914731 ], [ 176.166963593687882, -37.68730243151699 ] ] ] ] } },
{ "type": "Feature", "properties": { "id": null }, "geometry": { "type": "MultiPolygon", "coordinates": [ [ [ [ 176.16699734072111, -37.687306325405437 ], [ 176.167031736735737, -37.687272578372209 ], [ 176.167059967427008, -37.687275174297838 ], [ 176.167024922430954, -37.687309570312479 ], [ 176.16699734072111, -37.687306325405437 ] ] ] ] } },
{ "type": "Feature", "properties": { "id": null }, "geometry": { "type": "MultiPolygon", "coordinates": [ [ [ [ 176.16703043877294, -37.687311517256703 ], [ 176.167063861315455, -37.687276472260656 ], [ 176.167091443025299, -37.68728036614911 ], [ 176.167055424557134, -37.687317033598674 ], [ 176.16703043877294, -37.687311517256703 ] ] ] ] } },
{ "type": "Feature", "properties": { "id": null }, "geometry": { "type": "MultiPolygon", "coordinates": [ [ [ [ 176.167059967427036, -37.687317033598681 ], [ 176.167097608348712, -37.687281988602635 ], [ 176.167124865567871, -37.687286206981788 ], [ 176.167089171590419, -37.687319954015017 ], [ 176.167059967427036, -37.687317033598681 ] ] ] ] } },
{ "type": "Feature", "properties": { "id": null }, "geometry": { "type": "MultiPolygon", "coordinates": [ [ [ [ 176.16709501242309, -37.687318656052199 ], [ 176.167127461493493, -37.687286531472488 ], [ 176.167157314638274, -37.687290100870236 ], [ 176.167121945151536, -37.68732417239417 ], [ 176.16709501242309, -37.687318656052199 ] ] ] ] } },
{ "type": "Feature", "properties": { "id": null }, "geometry": { "type": "MultiPolygon", "coordinates": [ [ [ [ 176.167124541077158, -37.687326119338394 ], [ 176.167161533017435, -37.687290100870236 ], [ 176.167189763708677, -37.687293670267984 ], [ 176.167152771768428, -37.687330013226841 ], [ 176.167124541077158, -37.687326119338394 ] ] ] ] } },
{ "type": "Feature", "properties": { "id": null }, "geometry": { "type": "MultiPolygon", "coordinates": [ [ [ [ 176.167154718712652, -37.687333582624589 ], [ 176.167192684125013, -37.687294968230795 ], [ 176.167222212779109, -37.687299835591361 ], [ 176.167184896348118, -37.687334556096701 ], [ 176.167154718712652, -37.687333582624589 ] ] ] ] } },
{ "type": "Feature", "properties": { "id": null }, "geometry": { "type": "MultiPolygon", "coordinates": [ [ [ [ 176.167189439217992, -37.687336178550225 ], [ 176.167225133195444, -37.687300160082067 ], [ 176.1672536883774, -37.687304378461221 ], [ 176.167215722965011, -37.687341370401491 ], [ 176.167189439217992, -37.687336178550225 ] ] ] ] } },
{ "type": "Feature", "properties": { "id": null }, "geometry": { "type": "MultiPolygon", "coordinates": [ [ [ [ 176.167178082043336, -37.687399778728228 ], [ 176.167202418846159, -37.68740302363527 ], [ 176.167192035143614, -37.68743741964991 ], [ 176.167168671812931, -37.687433201270757 ], [ 176.167178082043336, -37.687399778728228 ] ] ] ] } },
{ "type": "Feature", "properties": { "id": null }, "geometry": { "type": "MultiPolygon", "coordinates": [ [ [ [ 176.16719495555995, -37.687437744140617 ], [ 176.167205014771781, -37.687404321598088 ], [ 176.167234867916562, -37.687409837940059 ], [ 176.167224159723332, -37.687442935991882 ], [ 176.16719495555995, -37.687437744140617 ] ] ] ] } },
{ "type": "Feature", "properties": { "id": null }, "geometry": { "type": "MultiPolygon", "coordinates": [ [ [ [ 176.167225457686129, -37.687442935991882 ], [ 176.167239086295723, -37.687406917523724 ], [ 176.167263747589232, -37.687410486921465 ], [ 176.1672536883774, -37.687448127843147 ], [ 176.167225457686129, -37.687442935991882 ] ] ] ] } },
{ "type": "Feature", "properties": { "id": null }, "geometry": { "type": "MultiPolygon", "coordinates": [ [ [ [ 176.167031087754339, -37.687058414507497 ], [ 176.167056398029246, -37.687029859325534 ], [ 176.167093714460236, -37.687035700158205 ], [ 176.167068404185301, -37.687055818581861 ], [ 176.167031087754339, -37.687058414507497 ] ] ] ] } },
{ "type": "Feature", "properties": { "id": null }, "geometry": { "type": "MultiPolygon", "coordinates": [ [ [ [ 176.167073596036573, -37.687058414507497 ], [ 176.16709728385797, -37.687036673630317 ], [ 176.167133951307534, -37.687042189972288 ], [ 176.167108316541913, -37.687062632886651 ], [ 176.167073596036573, -37.687058414507497 ] ] ] ] } },
{ "type": "Feature", "properties": { "id": null }, "geometry": { "type": "MultiPolygon", "coordinates": [ [ [ [ 176.167113832883871, -37.687063606358763 ], [ 176.167135898251757, -37.6870431634444 ], [ 176.16716672486865, -37.68704770631426 ], [ 176.167143361537967, -37.687069122700734 ], [ 176.167113832883871, -37.687063606358763 ] ] ] ] } },
{ "type": "Feature", "properties": { "id": null }, "geometry": { "type": "MultiPolygon", "coordinates": [ [ [ [ 176.167147904407813, -37.687070420663545 ], [ 176.167172890192035, -37.687049328767777 ], [ 176.167204365790326, -37.687052573674819 ], [ 176.167180677968929, -37.687075612514811 ], [ 176.167147904407813, -37.687070420663545 ] ] ] ] } },
{ "type": "Feature", "properties": { "id": null }, "geometry": { "type": "MultiPolygon", "coordinates": [ [ [ [ 176.16718327389458, -37.687075937005517 ], [ 176.167207610697375, -37.687054196128344 ], [ 176.167240384258491, -37.687058738998196 ], [ 176.167218318890605, -37.687078208440447 ], [ 176.16718327389458, -37.687075937005517 ] ] ] ] } },
{ "type": "Feature", "properties": { "id": null }, "geometry": { "type": "MultiPolygon", "coordinates": [ [ [ [ 176.167221888288367, -37.68708015538467 ], [ 176.167244602637652, -37.687059387979609 ], [ 176.167280296615104, -37.687064255340168 ], [ 176.16725433735877, -37.687085671726642 ], [ 176.167221888288367, -37.68708015538467 ] ] ] ] } },
{ "type": "Feature", "properties": { "id": null }, "geometry": { "type": "MultiPolygon", "coordinates": [ [ [ [ 176.167258555737931, -37.687085996217348 ], [ 176.167282892540726, -37.68706522881228 ], [ 176.167314692629731, -37.687068798210028 ], [ 176.167291653789732, -37.687089890105796 ], [ 176.167258555737931, -37.687085996217348 ] ] ] ] } },
{ "type": "Feature", "properties": { "id": null }, "geometry": { "type": "MultiPolygon", "coordinates": [ [ [ [ 176.167295872168921, -37.6870908635779 ], [ 176.16731891100892, -37.687071069644951 ], [ 176.167352658042148, -37.68707593700551 ], [ 176.167327672257926, -37.687096055429166 ], [ 176.167295872168921, -37.6870908635779 ] ] ] ] } },
{ "type": "Feature", "properties": { "id": null }, "geometry": { "type": "MultiPolygon", "coordinates": [ [ [ [ 176.167452601179036, -37.687112928945787 ], [ 176.167480507379565, -37.687091188068614 ], [ 176.167512631959283, -37.687096379919879 ], [ 176.167483103305216, -37.687120392231982 ], [ 176.167452601179036, -37.687112928945787 ] ] ] ] } },
{ "type": "Feature", "properties": { "id": null }, "geometry": { "type": "MultiPolygon", "coordinates": [ [ [ [ 176.167486348212265, -37.687120392231982 ], [ 176.16751328094071, -37.687097677882697 ], [ 176.167547027973939, -37.687102545243256 ], [ 176.167520419736178, -37.687124610611136 ], [ 176.167486348212265, -37.687120392231982 ] ] ] ] } },
{ "type": "Feature", "properties": { "id": null }, "geometry": { "type": "MultiPolygon", "coordinates": [ [ [ [ 176.167522691171115, -37.68712623306466 ], [ 176.167550272880959, -37.687104167696781 ], [ 176.167583695423502, -37.687108710566633 ], [ 176.167558385148567, -37.687129477971702 ], [ 176.167522691171115, -37.68712623306466 ] ] ] ] } },
{ "type": "Feature", "properties": { "id": null }, "geometry": { "type": "MultiPolygon", "coordinates": [ [ [ [ 176.167563576999868, -37.687130775934513 ], [ 176.167587913802663, -37.687110008529451 ], [ 176.167622634308003, -37.687113253436493 ], [ 176.167593105653935, -37.687135318804373 ], [ 176.167563576999868, -37.687130775934513 ] ] ] ] } },
{ "type": "Feature", "properties": { "id": null }, "geometry": { "type": "MultiPolygon", "coordinates": [ [ [ [ 176.167598297505208, -37.687135318804373 ], [ 176.167625230233654, -37.687114551399304 ], [ 176.167657679304057, -37.687119094269164 ], [ 176.167631720047723, -37.687140186164932 ], [ 176.167598297505208, -37.687135318804373 ] ] ] ] } },
{ "type": "Feature", "properties": { "id": null }, "geometry": { "type": "MultiPolygon", "coordinates": [ [ [ [ 176.16763236902915, -37.687145378016197 ], [ 176.167661248701819, -37.687122014685499 ], [ 176.167692399809397, -37.687124610611136 ], [ 176.16767033444151, -37.687148947413945 ], [ 176.16763236902915, -37.687145378016197 ] ] ] ] } },
{ "type": "Feature", "properties": { "id": null }, "geometry": { "type": "MultiPolygon", "coordinates": [ [ [ [ 176.168041227316365, -37.687014932753144 ], [ 176.168062968193539, -37.687015906225255 ], [ 176.168052260000309, -37.687063930849462 ], [ 176.16802922116031, -37.687067824737916 ], [ 176.168041227316365, -37.687014932753144 ] ] ] ] } },
{ "type": "Feature", "properties": { "id": null }, "geometry": { "type": "MultiPolygon", "coordinates": [ [ [ [ 176.168042200788477, -37.687010389883284 ], [ 176.168053233472421, -37.686961391786959 ], [ 176.168075947821706, -37.686963987712595 ], [ 176.168063292684252, -37.687013634790326 ], [ 176.168042200788477, -37.687010389883284 ] ] ] ] } },
{ "type": "Feature", "properties": { "id": null }, "geometry": { "type": "MultiPolygon", "coordinates": [ [ [ [ 176.168054531435217, -37.686958471370623 ], [ 176.168064915137762, -37.68690817531148 ], [ 176.168087629487047, -37.686910771237116 ], [ 176.168075623330992, -37.686960418314847 ], [ 176.168054531435217, -37.686958471370623 ] ] ] ] } },
{ "type": "Feature", "properties": { "id": null }, "geometry": { "type": "MultiPolygon", "coordinates": [ [ [ [ 176.167917271867395, -37.686998708217935 ], [ 176.167936741309632, -37.68694743868668 ], [ 176.167960104640315, -37.686952630537945 ], [ 176.167940310707365, -37.687004873541312 ], [ 176.167917271867395, -37.686998708217935 ] ] ] ] } },
{ "type": "Feature", "properties": { "id": null }, "geometry": { "type": "MultiPolygon", "coordinates": [ [ [ [ 176.167954912789099, -37.686894059965852 ], [ 176.167976653666273, -37.6868976293636 ], [ 176.167957508714721, -37.686950521348372 ], [ 176.167935443346835, -37.686946302969218 ], [ 176.167954912789099, -37.686894059965852 ] ] ] ] } },
{ "type": "Feature", "properties": { "id": null }, "geometry": { "type": "MultiPolygon", "coordinates": [ [ [ [ 176.168066213100587, -37.686905092649795 ], [ 176.168077894765958, -37.686855770062763 ], [ 176.168098986661704, -37.686857717006994 ], [ 176.168087629487076, -37.686908337556837 ], [ 176.168066213100587, -37.686905092649795 ] ] ] ] } },
{ "type": "Feature", "properties": { "id": null }, "geometry": { "type": "MultiPolygon", "coordinates": [ [ [ [ 176.168078543747356, -37.686852200665022 ], [ 176.168088927449901, -37.68680158011518 ], [ 176.168110992817759, -37.686804825022222 ], [ 176.168098662171019, -37.686855445572064 ], [ 176.168078543747356, -37.686852200665022 ] ] ] ] } },
{ "type": "Feature", "properties": { "id": null }, "geometry": { "type": "MultiPolygon", "coordinates": [ [ [ [ 176.168087953977732, -37.686798335208131 ], [ 176.168096715226739, -37.686752257528148 ], [ 176.168122025501674, -37.68675550243519 ], [ 176.168113264252668, -37.686801904605879 ], [ 176.168087953977732, -37.686798335208131 ] ] ] ] } },
{ "type": "Feature", "properties": { "id": null }, "geometry": { "type": "MultiPolygon", "coordinates": [ [ [ [ 176.167955237279727, -37.686750959565337 ], [ 176.167957508714665, -37.686725000309004 ], [ 176.168002937413235, -37.68674479424196 ], [ 176.167992229220005, -37.68676913104477 ], [ 176.167955237279727, -37.686750959565337 ] ] ] ] } },
{ "type": "Feature", "properties": { "id": null }, "geometry": { "type": "MultiPolygon", "coordinates": [ [ [ [ 176.168001314959724, -37.686742847297737 ], [ 176.167957184223951, -37.686722404383374 ], [ 176.167959131168175, -37.686697743089859 ], [ 176.168002288431836, -37.686720132948444 ], [ 176.168001314959724, -37.686742847297737 ] ] ] ] } },
{ "type": "Feature", "properties": { "id": null }, "geometry": { "type": "MultiPolygon", "coordinates": [ [ [ [ 176.168002937413235, -37.686715914569291 ], [ 176.167961727093825, -37.686696120636341 ], [ 176.167961078112398, -37.68667081036142 ], [ 176.168006182320283, -37.6866928757293 ], [ 176.168002937413235, -37.686715914569291 ] ] ] ] } },
{ "type": "Feature", "properties": { "id": null }, "geometry": { "type": "MultiPolygon", "coordinates": [ [ [ [ 176.168002288431836, -37.686687683878034 ], [ 176.167961727093825, -37.686668214435784 ], [ 176.167963349547335, -37.686645175595793 ], [ 176.168003910885346, -37.686664969528742 ], [ 176.168002288431836, -37.686687683878034 ] ] ] ] } },
{ "type": "Feature", "properties": { "id": null }, "geometry": { "type": "MultiPolygon", "coordinates": [ [ [ [ 176.168093794810403, -37.686746416695478 ], [ 176.168100284624472, -37.68669514716423 ], [ 176.168123323464471, -37.686695471654929 ], [ 176.168118131613198, -37.686749337111813 ], [ 176.168093794810403, -37.686746416695478 ] ] ] ] } },
{ "type": "Feature", "properties": { "id": null }, "geometry": { "type": "MultiPolygon", "coordinates": [ [ [ [ 176.168100933605899, -37.686691902257188 ], [ 176.168105800966458, -37.686646473558604 ], [ 176.168128839806457, -37.68664679804931 ], [ 176.168123323464471, -37.686693849201411 ], [ 176.168100933605899, -37.686691902257188 ] ] ] ] } },
{ "type": "Feature", "properties": { "id": null }, "geometry": { "type": "MultiPolygon", "coordinates": [ [ [ [ 176.168010400699416, -37.686663996056623 ], [ 176.167964972000846, -37.686643877632967 ], [ 176.167966269963671, -37.686617269395228 ], [ 176.168013970097178, -37.686642579670149 ], [ 176.168010400699416, -37.686663996056623 ] ] ] ] } },
{ "type": "Feature", "properties": { "id": null }, "geometry": { "type": "MultiPolygon", "coordinates": [ [ [ [ 176.168013970097178, -37.686639010272408 ], [ 176.167968541398579, -37.68661824286734 ], [ 176.167972435287027, -37.686591959120307 ], [ 176.168016241532086, -37.686611428562557 ], [ 176.168013970097178, -37.686639010272408 ] ] ] ] } },
{ "type": "Feature", "properties": { "id": null }, "geometry": { "type": "MultiPolygon", "coordinates": [ [ [ [ 176.168047717130406, -37.686396615716426 ], [ 176.168013321115779, -37.68637422585784 ], [ 176.168018188476339, -37.686348266601513 ], [ 176.168060696758573, -37.686373576876434 ], [ 176.168047717130406, -37.686396615716426 ] ] ] ] } },
{ "type": "Feature", "properties": { "id": null }, "geometry": { "type": "MultiPolygon", "coordinates": [ [ [ [ 176.168062643702797, -37.68637195442291 ], [ 176.168018188476339, -37.6863476176201 ], [ 176.168023380327583, -37.686320360400956 ], [ 176.168067511063356, -37.6863476176201 ], [ 176.168062643702797, -37.68637195442291 ] ] ] ] } },
{ "type": "Feature", "properties": { "id": null }, "geometry": { "type": "MultiPolygon", "coordinates": [ [ [ [ 176.168067511063356, -37.686344697203765 ], [ 176.168024029309009, -37.686320035910249 ], [ 176.16802987014168, -37.68629569910744 ], [ 176.168071729442516, -37.686321009382368 ], [ 176.168067511063356, -37.686344697203765 ] ] ] ] } },
{ "type": "Feature", "properties": { "id": null }, "geometry": { "type": "MultiPolygon", "coordinates": [ [ [ [ 176.16803733342789, -37.686269090869708 ], [ 176.168079192728726, -37.686295050126034 ], [ 176.168074000877482, -37.686320684891662 ], [ 176.168028572178883, -37.686294076653923 ], [ 176.16803733342789, -37.686269090869708 ] ] ] ] } },
{ "type": "Feature", "properties": { "id": null }, "geometry": { "type": "MultiPolygon", "coordinates": [ [ [ [ 176.168079841710153, -37.686292454200405 ], [ 176.168037008937205, -37.686268766379001 ], [ 176.168042849769876, -37.686243131613374 ], [ 176.168084384579998, -37.686269090869708 ], [ 176.168079841710153, -37.686292454200405 ] ] ] ] } },
{ "type": "Feature", "properties": { "id": null }, "geometry": { "type": "MultiPolygon", "coordinates": [ [ [ [ 176.168085682542824, -37.686266494944071 ], [ 176.168043174260589, -37.68624118466915 ], [ 176.168048041621148, -37.686216847866341 ], [ 176.168089251940586, -37.686242482631961 ], [ 176.168085682542824, -37.686266494944071 ] ] ] ] } },
{ "type": "Feature", "properties": { "id": null }, "geometry": { "type": "MultiPolygon", "coordinates": [ [ [ [ 176.168090874394096, -37.686240211197031 ], [ 176.168048690602575, -37.686213927449998 ], [ 176.168053233472421, -37.686192186572825 ], [ 176.168094443791858, -37.686216523375634 ], [ 176.168090874394096, -37.686240211197031 ] ] ] ] } },
{ "type": "Feature", "properties": { "id": null }, "geometry": { "type": "MultiPolygon", "coordinates": [ [ [ [ 176.168097364208194, -37.686213602959299 ], [ 176.168054855925931, -37.686188292684371 ], [ 176.168059074305091, -37.686162982409449 ], [ 176.168100609115214, -37.686190888610007 ], [ 176.168097364208194, -37.686213602959299 ] ] ] ] } },
{ "type": "Feature", "properties": { "id": null }, "geometry": { "type": "MultiPolygon", "coordinates": [ [ [ [ 176.168071404951803, -37.686121447599326 ], [ 176.168075623330935, -37.686097759777923 ], [ 176.168117482631772, -37.686120474127215 ], [ 176.168105151985031, -37.686144810930024 ], [ 176.168071404951803, -37.686121447599326 ] ] ] ] } },
{ "type": "Feature", "properties": { "id": null }, "geometry": { "type": "MultiPolygon", "coordinates": [ [ [ [ 176.16811683365043, -37.686120311881865 ], [ 176.168074000877482, -37.686095001606944 ], [ 176.168079841710153, -37.686069366841316 ], [ 176.168122674483101, -37.686096948551167 ], [ 176.16811683365043, -37.686120311881865 ] ] ] ] } },
{ "type": "Feature", "properties": { "id": null }, "geometry": { "type": "MultiPolygon", "coordinates": [ [ [ [ 176.168123647955213, -37.686095650588349 ], [ 176.168081139672978, -37.686068717859904 ], [ 176.168085682542824, -37.686044056566395 ], [ 176.168125594899436, -37.686070015822722 ], [ 176.168123647955213, -37.686095650588349 ] ] ] ] } },
{ "type": "Feature", "properties": { "id": null }, "geometry": { "type": "MultiPolygon", "coordinates": [ [ [ [ 176.16812705510759, -37.686068880105267 ], [ 176.168085844788152, -37.686043569830346 ], [ 176.168089576431271, -37.686015825875138 ], [ 176.168133544921659, -37.686043407584989 ], [ 176.16812705510759, -37.686068880105267 ] ] ] ] } },
{ "type": "Feature", "properties": { "id": null }, "geometry": { "type": "MultiPolygon", "coordinates": [ [ [ [ 176.168135005129841, -37.686042758603584 ], [ 176.168091036639424, -37.686015339139082 ], [ 176.168096228490697, -37.685991002336273 ], [ 176.168140683717155, -37.686018097310068 ], [ 176.168135005129841, -37.686042758603584 ] ] ] ] } },
{ "type": "Feature", "properties": { "id": null }, "geometry": { "type": "MultiPolygon", "coordinates": [ [ [ [ 176.168141008207954, -37.686017772819362 ], [ 176.168096877472209, -37.685989866618812 ], [ 176.16810109585137, -37.685964394098534 ], [ 176.168146200059226, -37.685992624789797 ], [ 176.168141008207954, -37.686017772819362 ] ] ] ] } },
{ "type": "Feature", "properties": { "id": null }, "geometry": { "type": "MultiPolygon", "coordinates": [ [ [ [ 176.16814652454994, -37.685990515600217 ], [ 176.168101744832768, -37.685962933890366 ], [ 176.16810693668404, -37.685939246068969 ], [ 176.168151554155855, -37.68596682777882 ], [ 176.16814652454994, -37.685990515600217 ] ] ] ] } },
{ "type": "Feature", "properties": { "id": null }, "geometry": { "type": "MultiPolygon", "coordinates": [ [ [ [ 176.168149931702317, -37.685962933890373 ], [ 176.168108396892166, -37.685937948106158 ], [ 176.168111966289928, -37.685913935794048 ], [ 176.168157070497784, -37.685939895050382 ], [ 176.168149931702317, -37.685962933890373 ] ] ] ] } },
{ "type": "Feature", "properties": { "id": null }, "geometry": { "type": "MultiPolygon", "coordinates": [ [ [ [ 176.168157394988498, -37.685937299124745 ], [ 176.168115535687662, -37.685912637831237 ], [ 176.168119429576109, -37.685887652047015 ], [ 176.168161613367658, -37.68591458477546 ], [ 176.168157394988498, -37.685937299124745 ] ] ] ] } },
{ "type": "Feature", "properties": { "id": null }, "geometry": { "type": "MultiPolygon", "coordinates": [ [ [ [ 176.168163560311882, -37.685909717414894 ], [ 176.168119754066822, -37.685884731630679 ], [ 176.168123323464556, -37.685861692790688 ], [ 176.168167778691043, -37.685887652047015 ], [ 176.168163560311882, -37.685909717414894 ] ] ] ] } },
{ "type": "Feature", "properties": { "id": null }, "geometry": { "type": "MultiPolygon", "coordinates": [ [ [ [ 176.168168427672441, -37.685883433667861 ], [ 176.16812527040878, -37.685859745846464 ], [ 176.168130786750766, -37.685836707006466 ], [ 176.168173944014399, -37.685861368299982 ], [ 176.168168427672441, -37.685883433667861 ] ] ] ] } },
{ "type": "Feature", "properties": { "id": null }, "geometry": { "type": "MultiPolygon", "coordinates": [ [ [ [ 176.168174592995825, -37.685858447883646 ], [ 176.168131760222877, -37.685833462099424 ], [ 176.16813695207415, -37.685808151824503 ], [ 176.168178486884273, -37.685834760062242 ], [ 176.168174592995825, -37.685858447883646 ] ] ] ] } },
{ "type": "Feature", "properties": { "id": null }, "geometry": { "type": "MultiPolygon", "coordinates": [ [ [ [ 176.168186923642509, -37.685804582426755 ], [ 176.168141170453225, -37.685771808865638 ], [ 176.168149282720833, -37.685740657758046 ], [ 176.168197307345054, -37.685772133356345 ], [ 176.168186923642509, -37.685804582426755 ] ] ] ] } },
{ "type": "Feature", "properties": { "id": null }, "geometry": { "type": "MultiPolygon", "coordinates": [ [ [ [ 176.168196333872942, -37.685767914977191 ], [ 176.16815155415577, -37.685739359795228 ], [ 176.168157070497728, -37.685717618918055 ], [ 176.168200876742787, -37.68574260470227 ], [ 176.168196333872942, -37.685767914977191 ] ] ] ] } },
{ "type": "Feature", "properties": { "id": null }, "geometry": { "type": "MultiPolygon", "coordinates": [ [ [ [ 176.168198929798564, -37.68574033326734 ], [ 176.168158043969839, -37.685716645445936 ], [ 176.168160964386175, -37.685692308643127 ], [ 176.168204121649836, -37.685719565862279 ], [ 176.168198929798564, -37.68574033326734 ] ] ] ] } },
{ "type": "Feature", "properties": { "id": null }, "geometry": { "type": "MultiPolygon", "coordinates": [ [ [ [ 176.168203472668409, -37.685716645445936 ], [ 176.16816388480251, -37.685690361698903 ], [ 176.168169076653783, -37.685665051423982 ], [ 176.168208664519682, -37.685691010680316 ], [ 176.168203472668409, -37.685716645445936 ] ] ] ] } },
{ "type": "Feature", "properties": { "id": null }, "geometry": { "type": "MultiPolygon", "coordinates": [ [ [ [ 176.168211260445332, -37.685689063736085 ], [ 176.168169401144496, -37.685662455498345 ], [ 176.168174268505055, -37.685639092167648 ], [ 176.16821515433378, -37.685665700405387 ], [ 176.168211260445332, -37.685689063736085 ] ] ] ] } },
{ "type": "Feature", "properties": { "id": null }, "geometry": { "type": "MultiPolygon", "coordinates": [ [ [ [ 176.168217750259402, -37.685663104479758 ], [ 176.168174917486454, -37.685637469714131 ], [ 176.168178811374901, -37.685614430874139 ], [ 176.168221319657164, -37.685639416658354 ], [ 176.168217750259402, -37.685663104479758 ] ] ] ] } },
{ "type": "Feature", "properties": { "id": null }, "geometry": { "type": "MultiPolygon", "coordinates": [ [ [ [ 176.168223266601387, -37.685635198279201 ], [ 176.168182705263376, -37.685611185967097 ], [ 176.168185301188998, -37.685588796108512 ], [ 176.168226187017723, -37.68561345740202 ], [ 176.168223266601387, -37.685635198279201 ] ] ] ] } },
{ "type": "Feature", "properties": { "id": null }, "geometry": { "type": "MultiPolygon", "coordinates": [ [ [ [ 176.168228782943345, -37.685609563513573 ], [ 176.168186923642509, -37.685584253238652 ], [ 176.168191142021669, -37.685561863380066 ], [ 176.168232352341107, -37.685587498145694 ], [ 176.168228782943345, -37.685609563513573 ] ] ] ] } },
{ "type": "Feature", "properties": { "id": null }, "geometry": { "type": "MultiPolygon", "coordinates": [ [ [ [ 176.168199578779962, -37.686388665694189 ], [ 176.168158043969839, -37.686364653382086 ], [ 176.168162586839685, -37.686339343107164 ], [ 176.168203472668409, -37.686364653382086 ], [ 176.168199578779962, -37.686388665694189 ] ] ] ] } },
{ "type": "Feature", "properties": { "id": null }, "geometry": { "type": "MultiPolygon", "coordinates": [ [ [ [ 176.168203472668438, -37.686360759493631 ], [ 176.168165182765335, -37.68633772065364 ], [ 176.168169725635209, -37.686317602229984 ], [ 176.168208664519682, -37.686340965560682 ], [ 176.168203472668438, -37.686360759493631 ] ] ] ] } },
{ "type": "Feature", "properties": { "id": null }, "geometry": { "type": "MultiPolygon", "coordinates": [ [ [ [ 176.168209313501109, -37.686336422690822 ], [ 176.168170699107321, -37.686314681813649 ], [ 176.16817556646788, -37.686287100103797 ], [ 176.168216452296605, -37.686311436906607 ], [ 176.168209313501109, -37.686336422690822 ] ] ] ] } },
{ "type": "Feature", "properties": { "id": null }, "geometry": { "type": "MultiPolygon", "coordinates": [ [ [ [ 176.168249388103021, -37.686166551807212 ], [ 176.16820623083936, -37.686142215004402 ], [ 176.168211747181346, -37.686116255748068 ], [ 176.168255228935692, -37.686142863985808 ], [ 176.168249388103021, -37.686166551807212 ] ] ] ] } },
{ "type": "Feature", "properties": { "id": null }, "geometry": { "type": "MultiPolygon", "coordinates": [ [ [ [ 176.168254579954294, -37.686139943569472 ], [ 176.168214667597681, -37.686115282275956 ], [ 176.168218885976842, -37.686092243435965 ], [ 176.168259122824139, -37.686116904729481 ], [ 176.168254579954294, -37.686139943569472 ] ] ] ] } },
{ "type": "Feature", "properties": { "id": null }, "geometry": { "type": "MultiPolygon", "coordinates": [ [ [ [ 176.168280539210656, -37.68601533913909 ], [ 176.168235759493484, -37.685990028864168 ], [ 176.168244520742491, -37.685965367570653 ], [ 176.168286380043327, -37.685991651317686 ], [ 176.168280539210656, -37.68601533913909 ] ] ] ] } },
{ "type": "Feature", "properties": { "id": null }, "geometry": { "type": "MultiPolygon", "coordinates": [ [ [ [ 176.16828670453404, -37.685989704373462 ], [ 176.168246467686714, -37.685964718589247 ], [ 176.168251659537987, -37.685940381786438 ], [ 176.168291247403886, -37.685966341042764 ], [ 176.16828670453404, -37.685989704373462 ] ] ] ] } },
{ "type": "Feature", "properties": { "id": null }, "geometry": { "type": "MultiPolygon", "coordinates": [ [ [ [ 176.168292220875969, -37.685962447154317 ], [ 176.168252633010042, -37.685938759332913 ], [ 176.168256202407804, -37.685913449057992 ], [ 176.168297088236528, -37.685939408314326 ], [ 176.168292220875969, -37.685962447154317 ] ] ] ] } },
{ "type": "Feature", "properties": { "id": null }, "geometry": { "type": "MultiPolygon", "coordinates": [ [ [ [ 176.16829806170864, -37.68593681238869 ], [ 176.168257175879916, -37.685912800076586 ], [ 176.168260420786964, -37.685887814292364 ], [ 176.168303578050597, -37.685914098039405 ], [ 176.16829806170864, -37.68593681238869 ] ] ] ] } },
{ "type": "Feature", "properties": { "id": null }, "geometry": { "type": "MultiPolygon", "coordinates": [ [ [ [ 176.168303578050597, -37.685910853132363 ], [ 176.168263016712586, -37.685886191838847 ], [ 176.168267884073146, -37.685862828508149 ], [ 176.168310067864695, -37.685887489801665 ], [ 176.168303578050597, -37.685910853132363 ] ] ] ] } },
{ "type": "Feature", "properties": { "id": null }, "geometry": { "type": "MultiPolygon", "coordinates": [ [ [ [ 176.168275996340753, -37.685837518233228 ], [ 176.168315259715939, -37.685862179526744 ], [ 176.16831039235538, -37.685885218366735 ], [ 176.168268208563831, -37.685860557073219 ], [ 176.168275996340753, -37.685837518233228 ] ] ] ] } },
{ "type": "Feature", "properties": { "id": null }, "geometry": { "type": "MultiPolygon", "coordinates": [ [ [ [ 176.16829806170864, -37.685753799631563 ], [ 176.168316557678764, -37.685756720047905 ], [ 176.168305849485535, -37.685807340597748 ], [ 176.168283459626963, -37.68580149976507 ], [ 176.16829806170864, -37.685753799631563 ] ] ] ] } },
{ "type": "Feature", "properties": { "id": null }, "geometry": { "type": "MultiPolygon", "coordinates": [ [ [ [ 176.168317206660191, -37.685753799631563 ], [ 176.168298710690038, -37.685750230233822 ], [ 176.168308120920472, -37.685705126025944 ], [ 176.168328239344135, -37.68570772195158 ], [ 176.168317206660191, -37.685753799631563 ] ] ] ] } },
{ "type": "Feature", "properties": { "id": null }, "geometry": { "type": "MultiPolygon", "coordinates": [ [ [ [ 176.168373343551963, -37.685604858398364 ], [ 176.168362635358733, -37.685632440108215 ], [ 176.168319478095071, -37.685603884926252 ], [ 176.168329537306903, -37.685579223632736 ], [ 176.168373343551963, -37.685604858398364 ] ] ] ] } },
{ "type": "Feature", "properties": { "id": null }, "geometry": { "type": "MultiPolygon", "coordinates": [ [ [ [ 176.168372370079851, -37.68560064001921 ], [ 176.16833180874184, -37.685576303216401 ], [ 176.168336027121001, -37.685554237848521 ], [ 176.168376588459012, -37.685577276688512 ], [ 176.168372370079851, -37.68560064001921 ] ] ] ] } },
{ "type": "Feature", "properties": { "id": null }, "geometry": { "type": "MultiPolygon", "coordinates": [ [ [ [ 176.168378210912579, -37.68557500525359 ], [ 176.168338298555966, -37.685550343960074 ], [ 176.168342192444413, -37.685526980629376 ], [ 176.168382753782424, -37.685552615395004 ], [ 176.168378210912579, -37.68557500525359 ] ] ] ] } },
{ "type": "Feature", "properties": { "id": null }, "geometry": { "type": "MultiPolygon", "coordinates": [ [ [ [ 176.168435645767147, -37.685323849448586 ], [ 176.168393461975626, -37.685298863664372 ], [ 176.168396382391961, -37.685274851352261 ], [ 176.168438566183482, -37.685299837136483 ], [ 176.168435645767147, -37.685323849448586 ] ] ] ] } },
{ "type": "Feature", "properties": { "id": null }, "geometry": { "type": "MultiPolygon", "coordinates": [ [ [ [ 176.168440188636993, -37.68529561875733 ], [ 176.168398329336185, -37.68527160644522 ], [ 176.168403196696744, -37.685246296170298 ], [ 176.168444407016153, -37.685272904408038 ], [ 176.168440188636993, -37.68529561875733 ] ] ] ] } },
{ "type": "Feature", "properties": { "id": null }, "geometry": { "type": "MultiPolygon", "coordinates": [ [ [ [ 176.16844505599758, -37.68526901051959 ], [ 176.168403845678142, -37.685246296170298 ], [ 176.168408064057303, -37.685222932839601 ], [ 176.168450247848824, -37.68524954107734 ], [ 176.16844505599758, -37.68526901051959 ] ] ] ] } },
{ "type": "Feature", "properties": { "id": null }, "geometry": { "type": "MultiPolygon", "coordinates": [ [ [ [ 176.168451870302363, -37.685245971679599 ], [ 176.168410011001527, -37.685220985895377 ], [ 176.168417474287708, -37.685194377657638 ], [ 176.168459009097859, -37.685217740988335 ], [ 176.168451870302363, -37.685245971679599 ] ] ] ] } },
{ "type": "Feature", "properties": { "id": null }, "geometry": { "type": "MultiPolygon", "coordinates": [ [ [ [ 176.168305200504079, -37.685261547233395 ], [ 176.168261069768334, -37.685235263486355 ], [ 176.168265937128893, -37.685210926683546 ], [ 176.16830941888324, -37.685239481865509 ], [ 176.168305200504079, -37.685261547233395 ] ] ] ] } },
{ "type": "Feature", "properties": { "id": null }, "geometry": { "type": "MultiPolygon", "coordinates": [ [ [ [ 176.168310716846065, -37.685235587977061 ], [ 176.168268857545229, -37.685209628720735 ], [ 176.168272751433676, -37.685185940899331 ], [ 176.168314610734512, -37.685211251174252 ], [ 176.168310716846065, -37.685235587977061 ] ] ] ] } },
{ "type": "Feature", "properties": { "id": null }, "geometry": { "type": "MultiPolygon", "coordinates": [ [ [ [ 176.168314610734512, -37.685208655248623 ], [ 176.168275671850012, -37.685182695992289 ], [ 176.168279241247774, -37.685160306133703 ], [ 176.168320776057897, -37.685185940899331 ], [ 176.168314610734512, -37.685208655248623 ] ] ] ] } },
{ "type": "Feature", "properties": { "id": null }, "geometry": { "type": "MultiPolygon", "coordinates": [ [ [ [ 176.168337649574454, -37.685125261137671 ], [ 176.168292545366597, -37.68509540799289 ], [ 176.168297412727156, -37.685070097717968 ], [ 176.168340569990789, -37.685097354937113 ], [ 176.168337649574454, -37.685125261137671 ] ] ] ] } },
{ "type": "Feature", "properties": { "id": null }, "geometry": { "type": "MultiPolygon", "coordinates": [ [ [ [ 176.168341543462901, -37.685096705955701 ], [ 176.168299684162065, -37.685069773227262 ], [ 176.168303902541226, -37.685046409896565 ], [ 176.16834478836995, -37.685071395680779 ], [ 176.168341543462901, -37.685096705955701 ] ] ] ] } },
{ "type": "Feature", "properties": { "id": null }, "geometry": { "type": "MultiPolygon", "coordinates": [ [ [ [ 176.168344139388552, -37.685067826283039 ], [ 176.168304876013337, -37.685044138461635 ], [ 176.168309743373896, -37.685021099621643 ], [ 176.168351278184048, -37.685045436424453 ], [ 176.168344139388552, -37.685067826283039 ] ] ] ] } },
{ "type": "Feature", "properties": { "id": null }, "geometry": { "type": "MultiPolygon", "coordinates": [ [ [ [ 176.168351927165446, -37.685041867026705 ], [ 176.168310716846008, -37.685017530223895 ], [ 176.168314286243771, -37.684993193421086 ], [ 176.168357119016719, -37.685019477168119 ], [ 176.168351927165446, -37.685041867026705 ] ] ] ] } },
{ "type": "Feature", "properties": { "id": null }, "geometry": { "type": "MultiPolygon", "coordinates": [ [ [ [ 176.16843402331358, -37.685093785539365 ], [ 176.168440188636964, -37.685072693643598 ], [ 176.168482696919199, -37.685097354937113 ], [ 176.168478478540067, -37.685119095814287 ], [ 176.16843402331358, -37.685093785539365 ] ] ] ] } },
{ "type": "Feature", "properties": { "id": null }, "geometry": { "type": "MultiPolygon", "coordinates": [ [ [ [ 176.168484319372737, -37.685094434520778 ], [ 176.168441811090474, -37.685069448736556 ], [ 176.168446029469635, -37.685047707859383 ], [ 176.16848853775187, -37.68507334262501 ], [ 176.168484319372737, -37.685094434520778 ] ] ] ] } },
{ "type": "Feature", "properties": { "id": null }, "geometry": { "type": "MultiPolygon", "coordinates": [ [ [ [ 176.168487564279758, -37.685067826283039 ], [ 176.168447002941747, -37.685044138461635 ], [ 176.168452843774418, -37.68501915267742 ], [ 176.168494054093856, -37.685047383368676 ], [ 176.168487564279758, -37.685067826283039 ] ] ] ] } },
{ "type": "Feature", "properties": { "id": null }, "geometry": { "type": "MultiPolygon", "coordinates": [ [ [ [ 176.168495676547366, -37.685044138461635 ], [ 176.168454466227956, -37.685018828186713 ], [ 176.1684596580792, -37.68499481587461 ], [ 176.16850184187075, -37.685020126149531 ], [ 176.168495676547366, -37.685044138461635 ] ] ] ] } },
{ "type": "Feature", "properties": { "id": null }, "geometry": { "type": "MultiPolygon", "coordinates": [ [ [ [ 176.168376588458955, -37.684941274908425 ], [ 176.16833408017672, -37.684913044217168 ], [ 176.168338623046566, -37.684889680886471 ], [ 176.168379833366004, -37.684915640142798 ], [ 176.168376588458955, -37.684941274908425 ] ] ] ] } },
{ "type": "Feature", "properties": { "id": null }, "geometry": { "type": "MultiPolygon", "coordinates": [ [ [ [ 176.1683811313288, -37.684912719726462 ], [ 176.168339596518678, -37.684886760470128 ], [ 176.16834478836995, -37.684862748158025 ], [ 176.168385025217248, -37.684886435979429 ], [ 176.1683811313288, -37.684912719726462 ] ] ] ] } },
{ "type": "Feature", "properties": { "id": null }, "geometry": { "type": "MultiPolygon", "coordinates": [ [ [ [ 176.168505735759197, -37.684802392887057 ], [ 176.16852747663637, -37.684806935756917 ], [ 176.16851092761047, -37.684866317555773 ], [ 176.168486915298359, -37.684859503250983 ], [ 176.168505735759197, -37.684802392887057 ] ] ] ] } },
{ "type": "Feature", "properties": { "id": null }, "geometry": { "type": "MultiPolygon", "coordinates": [ [ [ [ 176.168358741470229, -37.684805637794099 ], [ 176.168364906793613, -37.684781949972695 ], [ 176.168404819150226, -37.684805637794099 ], [ 176.168393137484884, -37.684830623578314 ], [ 176.168358741470229, -37.684805637794099 ] ] ] ] } },
{ "type": "Feature", "properties": { "id": null }, "geometry": { "type": "MultiPolygon", "coordinates": [ [ [ [ 176.168405792622337, -37.684805313303393 ], [ 176.168365555775011, -37.684779354047066 ], [ 176.168371721098396, -37.684757613169886 ], [ 176.168410011001498, -37.684782598954108 ], [ 176.168405792622337, -37.684805313303393 ] ] ] ] } },
{ "type": "Feature", "properties": { "id": null }, "geometry": { "type": "MultiPolygon", "coordinates": [ [ [ [ 176.168409686510785, -37.68477902955636 ], [ 176.168373019061221, -37.684755666225662 ], [ 176.16837950887529, -37.684731978404258 ], [ 176.168416500815567, -37.684756315207068 ], [ 176.168409686510785, -37.68477902955636 ] ] ] ] } },
{ "type": "Feature", "properties": { "id": null }, "geometry": { "type": "MultiPolygon", "coordinates": [ [ [ [ 176.168419745722616, -37.684754043772138 ], [ 176.168381131328829, -37.684729057987923 ], [ 176.168387621142898, -37.684705370166519 ], [ 176.168424937573889, -37.684731329422853 ], [ 176.168419745722616, -37.684754043772138 ] ] ] ] } },
{ "type": "Feature", "properties": { "id": null }, "geometry": { "type": "MultiPolygon", "coordinates": [ [ [ [ 176.168425586555287, -37.684727435534406 ], [ 176.16838859461501, -37.68470277424089 ], [ 176.168394759938394, -37.684680384382304 ], [ 176.168429804934448, -37.684704721185113 ], [ 176.168425586555287, -37.684727435534406 ] ] ] ] } },
{ "type": "Feature", "properties": { "id": null }, "geometry": { "type": "MultiPolygon", "coordinates": [ [ [ [ 176.168542078718048, -37.684679410910199 ], [ 176.168566415520871, -37.684684278270758 ], [ 176.168544350152985, -37.68475079886511 ], [ 176.168520986822301, -37.684745931504544 ], [ 176.168542078718048, -37.684679410910199 ] ] ] ] } },
{ "type": "Feature", "properties": { "id": null }, "geometry": { "type": "MultiPolygon", "coordinates": [ [ [ [ 176.168543701171586, -37.684674868040339 ], [ 176.168560250197487, -37.684619055639232 ], [ 176.168583613528199, -37.684626194434721 ], [ 176.168565117558046, -37.684680059891605 ], [ 176.168543701171586, -37.684674868040339 ] ] ] ] } },
{ "type": "Feature", "properties": { "id": null }, "geometry": { "type": "MultiPolygon", "coordinates": [ [ [ [ 176.168432076369356, -37.684701800768785 ], [ 176.168396382391904, -37.684676490493864 ], [ 176.168401574243177, -37.684653451653872 ], [ 176.168440837618363, -37.684681033363724 ], [ 176.168432076369356, -37.684701800768785 ] ] ] ] } },
{ "type": "Feature", "properties": { "id": null }, "geometry": { "type": "MultiPolygon", "coordinates": [ [ [ [ 176.168442460071901, -37.684678112947381 ], [ 176.168402223224575, -37.684649882256124 ], [ 176.168411308964295, -37.684626843416133 ], [ 176.168447651923145, -37.684654425125984 ], [ 176.168442460071901, -37.684678112947381 ] ] ] ] } },
{ "type": "Feature", "properties": { "id": null }, "geometry": { "type": "MultiPolygon", "coordinates": [ [ [ [ 176.16844894988597, -37.684651180218943 ], [ 176.16841260692712, -37.684623922999791 ], [ 176.168418123269078, -37.684603155594729 ], [ 176.168455115209355, -37.684628790360357 ], [ 176.16844894988597, -37.684651180218943 ] ] ] ] } },
{ "type": "Feature", "properties": { "id": null }, "geometry": { "type": "MultiPolygon", "coordinates": [ [ [ [ 176.166837853539988, -37.686748039149009 ], [ 176.166846939279708, -37.686702610450432 ], [ 176.166869653628993, -37.686704881885355 ], [ 176.166859918907875, -37.686750959565344 ], [ 176.166837853539988, -37.686748039149009 ] ] ] ] } },
{ "type": "Feature", "properties": { "id": null }, "geometry": { "type": "MultiPolygon", "coordinates": [ [ [ [ 176.16684791275182, -37.686700014524796 ], [ 176.166857971963651, -37.686649718465659 ], [ 176.16688101080365, -37.686652638881995 ], [ 176.166868355666168, -37.686703259431837 ], [ 176.16684791275182, -37.686700014524796 ] ] ] ] } },
{ "type": "Feature", "properties": { "id": null }, "geometry": { "type": "MultiPolygon", "coordinates": [ [ [ [ 176.167017945880758, -37.686384609560378 ], [ 176.167042607174267, -37.686388827939538 ], [ 176.167032547962464, -37.686440097470786 ], [ 176.167007886668927, -37.686437177054451 ], [ 176.167017945880758, -37.686384609560378 ] ] ] ] } },
{ "type": "Feature", "properties": { "id": null }, "geometry": { "type": "MultiPolygon", "coordinates": [ [ [ [ 176.167018594862185, -37.686382013634748 ], [ 176.167029952036813, -37.686332042066311 ], [ 176.167054937821035, -37.686336260445465 ], [ 176.167043580646407, -37.686388503448832 ], [ 176.167018594862185, -37.686382013634748 ] ] ] ] } },
{ "type": "Feature", "properties": { "id": null }, "geometry": { "type": "MultiPolygon", "coordinates": [ [ [ [ 176.167029627546128, -37.686329446140675 ], [ 176.167042607174295, -37.686279150081539 ], [ 176.16706532152358, -37.686281746007168 ], [ 176.167055262311749, -37.686333015538423 ], [ 176.167029627546128, -37.686329446140675 ] ] ] ] } },
{ "type": "Feature", "properties": { "id": null }, "geometry": { "type": "MultiPolygon", "coordinates": [ [ [ [ 176.167043580646407, -37.686276878646609 ], [ 176.167053964348924, -37.686226582587473 ], [ 176.167076354207524, -37.686228854022396 ], [ 176.167064672542153, -37.686279799062945 ], [ 176.167043580646407, -37.686276878646609 ] ] ] ] } },
{ "type": "Feature", "properties": { "id": null }, "geometry": { "type": "MultiPolygon", "coordinates": [ [ [ [ 176.167080248095886, -37.684510675744036 ], [ 176.167141252348273, -37.684504185929953 ], [ 176.167141901329671, -37.684520410465154 ], [ 176.167080248095886, -37.68452754926065 ], [ 176.167080248095886, -37.684510675744036 ] ] ] ] } },
{ "type": "Feature", "properties": { "id": null }, "geometry": { "type": "MultiPolygon", "coordinates": [ [ [ [ 176.167077652170263, -37.684526900279238 ], [ 176.167013403010856, -37.684530794167692 ], [ 176.167012754029429, -37.684515218613889 ], [ 176.16707570522604, -37.684510026762624 ], [ 176.167077652170263, -37.684526900279238 ] ] ] ] } },
{ "type": "Feature", "properties": { "id": null }, "geometry": { "type": "MultiPolygon", "coordinates": [ [ [ [ 176.167006913196758, -37.684513920651078 ], [ 176.167010158103807, -37.68453014518628 ], [ 176.166947206907196, -37.684535337037545 ], [ 176.166946557925797, -37.684517165558113 ], [ 176.167006913196758, -37.684513920651078 ] ] ] ] } },
{ "type": "Feature", "properties": { "id": null }, "geometry": { "type": "MultiPolygon", "coordinates": [ [ [ [ 176.16694266403735, -37.684517165558113 ], [ 176.166942015055923, -37.684534688056139 ], [ 176.166881010803564, -37.684538581944587 ], [ 176.166878414877914, -37.684521059446567 ], [ 176.16694266403735, -37.684517165558113 ] ] ] ] } },
{ "type": "Feature", "properties": { "id": null }, "geometry": { "type": "MultiPolygon", "coordinates": [ [ [ [ 176.166872574045243, -37.684521708427972 ], [ 176.166872574045243, -37.684537932963181 ], [ 176.166810271830059, -37.68454052888881 ], [ 176.166808973867234, -37.684524953335014 ], [ 176.166872574045243, -37.684521708427972 ] ] ] ] } },
{ "type": "Feature", "properties": { "id": null }, "geometry": { "type": "MultiPolygon", "coordinates": [ [ [ [ 176.166803133034563, -37.68452560231642 ], [ 176.166805079978786, -37.684541177870223 ], [ 176.166743426745001, -37.684541177870223 ], [ 176.166742777763602, -37.684528847223461 ], [ 176.166803133034563, -37.68452560231642 ] ] ] ] } },
{ "type": "Feature", "properties": { "id": null }, "geometry": { "type": "MultiPolygon", "coordinates": [ [ [ [ 176.166736936930931, -37.684544422777265 ], [ 176.166681773511215, -37.684547667684306 ], [ 176.166685018418264, -37.684531443149098 ], [ 176.166736936930931, -37.684528847223461 ], [ 176.166736936930931, -37.684544422777265 ] ] ] ] } },
{ "type": "Feature", "properties": { "id": null }, "geometry": { "type": "MultiPolygon", "coordinates": [ [ [ [ 176.166676581659971, -37.684447075566027 ], [ 176.166726553228386, -37.684445128621796 ], [ 176.166729149154037, -37.684461353157005 ], [ 176.166675283697145, -37.684462651119823 ], [ 176.166676581659971, -37.684447075566027 ] ] ] ] } },
{ "type": "Feature", "properties": { "id": null }, "geometry": { "type": "MultiPolygon", "coordinates": [ [ [ [ 176.166733043042484, -37.684445128621796 ], [ 176.16679469627627, -37.684441883714761 ], [ 176.166795994239067, -37.684457459268557 ], [ 176.166732394061057, -37.684460055194187 ], [ 176.166733043042484, -37.684445128621796 ] ] ] ] } },
{ "type": "Feature", "properties": { "id": null }, "geometry": { "type": "MultiPolygon", "coordinates": [ [ [ [ 176.166801186090339, -37.684441234733349 ], [ 176.166863488305523, -37.684436691863489 ], [ 176.166865435249747, -37.684452916398698 ], [ 176.166801186090339, -37.684457459268557 ], [ 176.166801186090339, -37.684441234733349 ] ] ] ] } },
{ "type": "Feature", "properties": { "id": null }, "geometry": { "type": "MultiPolygon", "coordinates": [ [ [ [ 176.166984847828871, -37.684431500012224 ], [ 176.167052990876755, -37.684428904086595 ], [ 176.167055586802377, -37.684445128621796 ], [ 176.166982900884648, -37.684448373528838 ], [ 176.166984847828871, -37.684431500012224 ] ] ] ] } },
{ "type": "Feature", "properties": { "id": null }, "geometry": { "type": "MultiPolygon", "coordinates": [ [ [ [ 176.1670575337466, -37.684429553068 ], [ 176.167115293091939, -37.684425659179553 ], [ 176.167114644110541, -37.684441883714761 ], [ 176.167058182728027, -37.684442532696167 ], [ 176.1670575337466, -37.684429553068 ] ] ] ] } },
{ "type": "Feature", "properties": { "id": null }, "geometry": { "type": "MultiPolygon", "coordinates": [ [ [ [ 176.166593512039697, -37.684451618435887 ], [ 176.166594161021095, -37.684467842971088 ], [ 176.166540944545631, -37.684470438896724 ], [ 176.166541593527029, -37.684454214361516 ], [ 176.166593512039697, -37.684451618435887 ] ] ] ] } },
{ "type": "Feature", "properties": { "id": null }, "geometry": { "type": "MultiPolygon", "coordinates": [ [ [ [ 176.166535752694358, -37.684452916398698 ], [ 176.166535752694358, -37.68447108787813 ], [ 176.166475397423397, -37.684473683803766 ], [ 176.166473450479174, -37.684456810287152 ], [ 176.166535752694358, -37.684452916398698 ] ] ] ] } },
{ "type": "Feature", "properties": { "id": null }, "geometry": { "type": "MultiPolygon", "coordinates": [ [ [ [ 176.166468258627901, -37.684456810287152 ], [ 176.166469556590727, -37.684473683803766 ], [ 176.166407903356941, -37.684478226673626 ], [ 176.16640530743129, -37.684460055194194 ], [ 176.166468258627901, -37.684456810287152 ] ] ] ] } },
{ "type": "Feature", "properties": { "id": null }, "geometry": { "type": "MultiPolygon", "coordinates": [ [ [ [ 176.166401413542843, -37.684460055194194 ], [ 176.166402711505668, -37.684476928710808 ], [ 176.166349495030204, -37.684480822599255 ], [ 176.166348197067379, -37.684464598064046 ], [ 176.166401413542843, -37.684460055194194 ] ] ] ] } },
{ "type": "Feature", "properties": { "id": null }, "geometry": { "type": "MultiPolygon", "coordinates": [ [ [ [ 176.166528613898862, -37.684538581944594 ], [ 176.166531209824512, -37.684555455461208 ], [ 176.166475397423397, -37.684557402405432 ], [ 176.166474748441999, -37.684541826851635 ], [ 176.166528613898862, -37.684538581944594 ] ] ] ] } },
{ "type": "Feature", "properties": { "id": null }, "geometry": { "type": "MultiPolygon", "coordinates": [ [ [ [ 176.166470205572125, -37.684540528888817 ], [ 176.166470854553523, -37.684558051386837 ], [ 176.166408552338339, -37.684561945275291 ], [ 176.166408552338339, -37.684545720740083 ], [ 176.166470205572125, -37.684540528888817 ] ] ] ] } },
{ "type": "Feature", "properties": { "id": null }, "geometry": { "type": "MultiPolygon", "coordinates": [ [ [ [ 176.166404009468494, -37.684543773795859 ], [ 176.166404658449892, -37.684561945275291 ], [ 176.166341707253281, -37.68456454120092 ], [ 176.166339760309057, -37.684548316665712 ], [ 176.166404009468494, -37.684543773795859 ] ] ] ] } },
{ "type": "Feature", "properties": { "id": null }, "geometry": { "type": "MultiPolygon", "coordinates": [ [ [ [ 176.166258637633007, -37.684467842971095 ], [ 176.16626058457723, -37.684485365469115 ], [ 176.166195686436396, -37.68448601445052 ], [ 176.166200878287668, -37.684466545008277 ], [ 176.166258637633007, -37.684467842971095 ] ] ] ] } },
{ "type": "Feature", "properties": { "id": null }, "geometry": { "type": "MultiPolygon", "coordinates": [ [ [ [ 176.166334568457756, -37.684546369721488 ], [ 176.166337164383407, -37.68456454120092 ], [ 176.166274213186796, -37.684567137126557 ], [ 176.166272915223971, -37.684551561572761 ], [ 176.166334568457756, -37.684546369721488 ] ] ] ] } },
{ "type": "Feature", "properties": { "id": null }, "geometry": { "type": "MultiPolygon", "coordinates": [ [ [ [ 176.166268372354125, -37.684550263609943 ], [ 176.16626967031695, -37.684567786107962 ], [ 176.166206719120339, -37.684571679996417 ], [ 176.166205421157514, -37.684556104442613 ], [ 176.166268372354125, -37.684550263609943 ] ] ] ] } },
{ "type": "Feature", "properties": { "id": null }, "geometry": { "type": "MultiPolygon", "coordinates": [ [ [ [ 176.166198282362046, -37.684553508516984 ], [ 176.166199580324843, -37.684571031015004 ], [ 176.166147661812175, -37.684574924903451 ], [ 176.166146363849379, -37.684559349349655 ], [ 176.166198282362046, -37.684553508516984 ] ] ] ] } },
{ "type": "Feature", "properties": { "id": null }, "geometry": { "type": "MultiPolygon", "coordinates": [ [ [ [ 176.167878170737254, -37.684381528443794 ], [ 176.167943068878088, -37.684376985573941 ], [ 176.16794566480371, -37.684395157053366 ], [ 176.167877521755855, -37.684398401960408 ], [ 176.167878170737254, -37.684381528443794 ] ] ] ] } },
{ "type": "Feature", "properties": { "id": null }, "geometry": { "type": "MultiPolygon", "coordinates": [ [ [ [ 176.167948260729332, -37.684378283536752 ], [ 176.168011211925943, -37.684373740666899 ], [ 176.168009913963118, -37.684390614183513 ], [ 176.167948260729332, -37.684396455016184 ], [ 176.167948260729332, -37.684378283536752 ] ] ] ] } },
{ "type": "Feature", "properties": { "id": null }, "geometry": { "type": "MultiPolygon", "coordinates": [ [ [ [ 176.168016403777216, -37.684373091685487 ], [ 176.168078057011002, -37.684369846778445 ], [ 176.168076110066778, -37.684385422332248 ], [ 176.168015754795789, -37.684389965202101 ], [ 176.168016403777216, -37.684373091685487 ] ] ] ] } },
{ "type": "Feature", "properties": { "id": null }, "geometry": { "type": "MultiPolygon", "coordinates": [ [ [ [ 176.168082599880847, -37.684369197797039 ], [ 176.168149444965906, -37.684366601871403 ], [ 176.168146849040255, -37.684382177425206 ], [ 176.168083248862274, -37.684386720295059 ], [ 176.168082599880847, -37.684369197797039 ] ] ] ] } },
{ "type": "Feature", "properties": { "id": null }, "geometry": { "type": "MultiPolygon", "coordinates": [ [ [ [ 176.168204608385565, -37.684353622243243 ], [ 176.168282486154567, -37.684350377336202 ], [ 176.16828443309879, -37.684367899834228 ], [ 176.16820590634839, -37.684375038629717 ], [ 176.168204608385565, -37.684353622243243 ] ] ] ] } },
{ "type": "Feature", "properties": { "id": null }, "geometry": { "type": "MultiPolygon", "coordinates": [ [ [ [ 176.167279160897408, -37.684195270779632 ], [ 176.167276564971786, -37.684147895136832 ], [ 176.167297981358246, -37.68414465022979 ], [ 176.167303173209518, -37.684193323835409 ], [ 176.167279160897408, -37.684195270779632 ] ] ] ] } },
{ "type": "Feature", "properties": { "id": null }, "geometry": { "type": "MultiPolygon", "coordinates": [ [ [ [ 176.167276564971786, -37.684145948192608 ], [ 176.167273320064737, -37.684094678661353 ], [ 176.1672934384884, -37.684092082735717 ], [ 176.167296683395421, -37.684143352266972 ], [ 176.167276564971786, -37.684145948192608 ] ] ] ] } },
{ "type": "Feature", "properties": { "id": null }, "geometry": { "type": "MultiPolygon", "coordinates": [ [ [ [ 176.167272671083339, -37.684090784772906 ], [ 176.167266830250639, -37.684041462185874 ], [ 176.167288246637128, -37.684039515241651 ], [ 176.1672934384884, -37.684090135791493 ], [ 176.167272671083339, -37.684090784772906 ] ] ] ] } },
{ "type": "Feature", "properties": { "id": null }, "geometry": { "type": "MultiPolygon", "coordinates": [ [ [ [ 176.167381050978491, -37.684051845888405 ], [ 176.167377806071471, -37.684005768208422 ], [ 176.167398573476532, -37.684004470245604 ], [ 176.16740246736498, -37.684051196906999 ], [ 176.167381050978491, -37.684051845888405 ] ] ] ] } },
{ "type": "Feature", "properties": { "id": null }, "geometry": { "type": "MultiPolygon", "coordinates": [ [ [ [ 176.167377157090044, -37.68400252330138 ], [ 176.167373912183024, -37.683952551732943 ], [ 176.167395328569484, -37.683949306825902 ], [ 176.167399871439329, -37.684001874319975 ], [ 176.167377157090044, -37.68400252330138 ] ] ] ] } },
{ "type": "Feature", "properties": { "id": null }, "geometry": { "type": "MultiPolygon", "coordinates": [ [ [ [ 176.167287597655701, -37.684035621353203 ], [ 176.167266181269241, -37.684036270334609 ], [ 176.167262287380794, -37.683986947747584 ], [ 176.167285001730079, -37.683984351821948 ], [ 176.167287597655701, -37.684035621353203 ] ] ] ] } },
{ "type": "Feature", "properties": { "id": null }, "geometry": { "type": "MultiPolygon", "coordinates": [ [ [ [ 176.167282405804457, -37.683981106914906 ], [ 176.167259042473745, -37.68398305385913 ], [ 176.167256446548123, -37.683933731272106 ], [ 176.167279809878806, -37.683931135346469 ], [ 176.167282405804457, -37.683981106914906 ] ] ] ] } },
{ "type": "Feature", "properties": { "id": null }, "geometry": { "type": "MultiPolygon", "coordinates": [ [ [ [ 176.1673719652388, -37.683948657844496 ], [ 176.167370018294577, -37.683896739331836 ], [ 176.167390785699638, -37.683896090350423 ], [ 176.167392732643862, -37.683946710900273 ], [ 176.1673719652388, -37.683948657844496 ] ] ] ] } },
{ "type": "Feature", "properties": { "id": null }, "geometry": { "type": "MultiPolygon", "coordinates": [ [ [ [ 176.16727851191601, -37.68392853942084 ], [ 176.167255797566725, -37.683927890439428 ], [ 176.167252552659676, -37.683878567852403 ], [ 176.167274618027562, -37.683878567852403 ], [ 176.16727851191601, -37.68392853942084 ] ] ] ] } },
{ "type": "Feature", "properties": { "id": null }, "geometry": { "type": "MultiPolygon", "coordinates": [ [ [ [ 176.167367422368926, -37.683894143406199 ], [ 176.167364177461877, -37.683843522856357 ], [ 176.167386891811191, -37.683840926930728 ], [ 176.167390136718211, -37.683892845443388 ], [ 176.167367422368926, -37.683894143406199 ] ] ] ] } },
{ "type": "Feature", "properties": { "id": null }, "geometry": { "type": "MultiPolygon", "coordinates": [ [ [ [ 176.167249956734082, -37.683864290261418 ], [ 176.167246711827033, -37.683813020730163 ], [ 176.16726877719492, -37.68381107378594 ], [ 176.167275267008989, -37.683863641280006 ], [ 176.167249956734082, -37.683864290261418 ] ] ] ] } },
{ "type": "Feature", "properties": { "id": null }, "geometry": { "type": "MultiPolygon", "coordinates": [ [ [ [ 176.16736125704557, -37.683840277949308 ], [ 176.167358985610662, -37.683789981890165 ], [ 176.167382997922772, -37.683788034945941 ], [ 176.167386242829792, -37.683839628967903 ], [ 176.16736125704557, -37.683840277949308 ] ] ] ] } },
{ "type": "Feature", "properties": { "id": null }, "geometry": { "type": "MultiPolygon", "coordinates": [ [ [ [ 176.166896910847981, -37.683540124047987 ], [ 176.166960835516676, -37.683537852613057 ], [ 176.166962457970214, -37.683556673073895 ], [ 176.166898857792205, -37.683560242471643 ], [ 176.166896910847981, -37.683540124047987 ] ] ] ] } },
{ "type": "Feature", "properties": { "id": null }, "geometry": { "type": "MultiPolygon", "coordinates": [ [ [ [ 176.166572420143865, -37.683538501594469 ], [ 176.166570148708928, -37.683557322055307 ], [ 176.166508495475142, -37.683550832241224 ], [ 176.166511740382191, -37.683532011780386 ], [ 176.166572420143865, -37.683538501594469 ] ] ] ] } },
{ "type": "Feature", "properties": { "id": null }, "geometry": { "type": "MultiPolygon", "coordinates": [ [ [ [ 176.16650752200303, -37.683531362798981 ], [ 176.166503952605268, -37.683550183259818 ], [ 176.166433213631791, -37.683542719973623 ], [ 176.166437107520238, -37.683523899512785 ], [ 176.16650752200303, -37.683531362798981 ] ] ] ] } },
{ "type": "Feature", "properties": { "id": null }, "geometry": { "type": "MultiPolygon", "coordinates": [ [ [ [ 176.166433538122476, -37.683524224003484 ], [ 176.16642899525263, -37.683542395482917 ], [ 176.16637188488869, -37.683535256687428 ], [ 176.166374805305026, -37.683519032152219 ], [ 176.166433538122476, -37.683524224003484 ] ] ] ] } },
{ "type": "Feature", "properties": { "id": null }, "geometry": { "type": "MultiPolygon", "coordinates": [ [ [ [ 176.166307960219967, -37.683508648449681 ], [ 176.166370911416578, -37.683517085207988 ], [ 176.166368639981641, -37.683535256687421 ], [ 176.166304715312918, -37.683528117891932 ], [ 176.166307960219967, -37.683508648449681 ] ] ] ] } },
{ "type": "Feature", "properties": { "id": null }, "geometry": { "type": "MultiPolygon", "coordinates": [ [ [ [ 176.166297901008193, -37.683414870636199 ], [ 176.166361501186202, -37.683422333922394 ], [ 176.166355984844245, -37.683438558457595 ], [ 176.166292384666235, -37.683431419662107 ], [ 176.166297901008193, -37.683414870636199 ] ] ] ] } },
{ "type": "Feature", "properties": { "id": null }, "geometry": { "type": "MultiPolygon", "coordinates": [ [ [ [ 176.166368964472412, -37.683425254338729 ], [ 176.166434187103931, -37.683431095171407 ], [ 176.166422505438589, -37.68344699521591 ], [ 176.166361825676915, -37.683439207439008 ], [ 176.166368964472412, -37.683425254338729 ] ] ] ] } },
{ "type": "Feature", "properties": { "id": null }, "geometry": { "type": "MultiPolygon", "coordinates": [ [ [ [ 176.166428021780547, -37.683447968688021 ], [ 176.16643743201098, -37.683432393134218 ], [ 176.166492270939983, -37.683438882948302 ], [ 176.166485781125886, -37.683456080955622 ], [ 176.166428021780547, -37.683447968688021 ] ] ] ] } },
{ "type": "Feature", "properties": { "id": null }, "geometry": { "type": "MultiPolygon", "coordinates": [ [ [ [ 176.166489026032934, -37.683456892182384 ], [ 176.166495515847004, -37.683441965609994 ], [ 176.166551328248119, -37.683447481951966 ], [ 176.166548732322497, -37.683465653431391 ], [ 176.166489026032934, -37.683456892182384 ] ] ] ] } },
{ "type": "Feature", "properties": { "id": null }, "geometry": { "type": "MultiPolygon", "coordinates": [ [ [ [ 176.166551977229517, -37.68346435546858 ], [ 176.166555871117964, -37.683450402368301 ], [ 176.16661427944473, -37.683454945238161 ], [ 176.166608114121345, -37.683470520791957 ], [ 176.166551977229517, -37.68346435546858 ] ] ] ] } },
{ "type": "Feature", "properties": { "id": null }, "geometry": { "type": "MultiPolygon", "coordinates": [ [ [ [ 176.167854482915857, -37.683495182085466 ], [ 176.167917758603153, -37.683491612687725 ], [ 176.167919056565978, -37.683510433148562 ], [ 176.167855456387969, -37.683514976018422 ], [ 176.167854482915857, -37.683495182085466 ] ] ] ] } },
{ "type": "Feature", "properties": { "id": null }, "geometry": { "type": "MultiPolygon", "coordinates": [ [ [ [ 176.167920679019488, -37.683493235141242 ], [ 176.167972273041443, -37.683490314724907 ], [ 176.167974219985666, -37.683507837222926 ], [ 176.1679216524916, -37.683511731111381 ], [ 176.167920679019488, -37.683493235141242 ] ] ] ] } },
{ "type": "Feature", "properties": { "id": null }, "geometry": { "type": "MultiPolygon", "coordinates": [ [ [ [ 176.166495840337689, -37.682471089423224 ], [ 176.166558791534271, -37.682467195534777 ], [ 176.166560089497096, -37.682484718032796 ], [ 176.166497138300485, -37.682488611921251 ], [ 176.166495840337689, -37.682471089423224 ] ] ] ] } },
{ "type": "Feature", "properties": { "id": null }, "geometry": { "type": "MultiPolygon", "coordinates": [ [ [ [ 176.166562685422718, -37.682467195534777 ], [ 176.166625636619329, -37.682465248590553 ], [ 176.166627583563553, -37.682481473125755 ], [ 176.166563983385544, -37.682486015995615 ], [ 176.166562685422718, -37.682467195534777 ] ] ] ] } },
{ "type": "Feature", "properties": { "id": null }, "geometry": { "type": "MultiPolygon", "coordinates": [ [ [ [ 176.166629530507777, -37.682465897571959 ], [ 176.166684693927493, -37.682463950627735 ], [ 176.166684693927493, -37.682478228218713 ], [ 176.166630828470602, -37.682481473125755 ], [ 176.166629530507777, -37.682465897571959 ] ] ] ] } },
{ "type": "Feature", "properties": { "id": null }, "geometry": { "type": "MultiPolygon", "coordinates": [ [ [ [ 176.166594485511723, -37.682376338137622 ], [ 176.16659513449315, -37.682391913691418 ], [ 176.166532183296539, -37.682396456561278 ], [ 176.166534130240763, -37.682379583044664 ], [ 176.166594485511723, -37.682376338137622 ] ] ] ] } },
{ "type": "Feature", "properties": { "id": null }, "geometry": { "type": "MultiPolygon", "coordinates": [ [ [ [ 176.166526342463868, -37.682397105542684 ], [ 176.166466636174306, -37.682400350449726 ], [ 176.166473125988404, -37.682382178970293 ], [ 176.16652893838949, -37.682379583044664 ], [ 176.166526342463868, -37.682397105542684 ] ] ] ] } },
{ "type": "Feature", "properties": { "id": null }, "geometry": { "type": "MultiPolygon", "coordinates": [ [ [ [ 176.166673012262123, -37.682371146286357 ], [ 176.166727526700441, -37.682369848323539 ], [ 176.16672817568184, -37.682386721840153 ], [ 176.166673012262123, -37.682389317765782 ], [ 176.166673012262123, -37.682371146286357 ] ] ] ] } },
{ "type": "Feature", "properties": { "id": null }, "geometry": { "type": "MultiPolygon", "coordinates": [ [ [ [ 176.166806053450841, -37.682457460813652 ], [ 176.166864461777578, -37.682454864888022 ], [ 176.166865759740375, -37.682469791460406 ], [ 176.166805404469414, -37.682474334330266 ], [ 176.166806053450841, -37.682457460813652 ] ] ] ] } },
{ "type": "Feature", "properties": { "id": null }, "geometry": { "type": "MultiPolygon", "coordinates": [ [ [ [ 176.166731420588889, -37.682373093230581 ], [ 176.166793722804073, -37.682367901379308 ], [ 176.166796318729723, -37.682383476933111 ], [ 176.166732069570287, -37.682386721840153 ], [ 176.166731420588889, -37.682373093230581 ] ] ] ] } },
{ "type": "Feature", "properties": { "id": null }, "geometry": { "type": "MultiPolygon", "coordinates": [ [ [ [ 176.166798914655345, -37.682367252397903 ], [ 176.166854078075033, -37.682363358509456 ], [ 176.166855376037859, -37.682378934063252 ], [ 176.16679761669252, -37.68238477489593 ], [ 176.166798914655345, -37.682367252397903 ] ] ] ] } },
{ "type": "Feature", "properties": { "id": null }, "geometry": { "type": "MultiPolygon", "coordinates": [ [ [ [ 176.166859269926306, -37.682361411565232 ], [ 176.166928061955588, -37.682359464621001 ], [ 176.166926763992763, -37.682374391193392 ], [ 176.166857322982082, -37.682379583044657 ], [ 176.166859269926306, -37.682361411565232 ] ] ] ] } },
{ "type": "Feature", "properties": { "id": null }, "geometry": { "type": "MultiPolygon", "coordinates": [ [ [ [ 176.16693065788121, -37.682358815639596 ], [ 176.166991662133597, -37.682356219713959 ], [ 176.166993609077821, -37.682373742211986 ], [ 176.166929359918413, -37.682376338137615 ], [ 176.16693065788121, -37.682358815639596 ] ] ] ] } },
{ "type": "Feature", "properties": { "id": null }, "geometry": { "type": "MultiPolygon", "coordinates": [ [ [ [ 176.167146768690174, -37.682287427684685 ], [ 176.167096148140331, -37.68227055416807 ], [ 176.167095499158904, -37.682245243893149 ], [ 176.167142874801726, -37.682259521484127 ], [ 176.167146768690174, -37.682287427684685 ] ] ] ] } },
{ "type": "Feature", "properties": { "id": null }, "geometry": { "type": "MultiPolygon", "coordinates": [ [ [ [ 176.167142225820299, -37.682256276577093 ], [ 176.167095499158904, -37.682241998986107 ], [ 176.167093552214681, -37.682219933618228 ], [ 176.167140927857503, -37.682236807134842 ], [ 176.167142225820299, -37.682256276577093 ] ] ] ] } },
{ "type": "Feature", "properties": { "id": null }, "geometry": { "type": "MultiPolygon", "coordinates": [ [ [ [ 176.167140927857503, -37.682232264264982 ], [ 176.167093552214681, -37.682216039729781 ], [ 176.167090956289059, -37.682193325380489 ], [ 176.167136384987629, -37.682208900934285 ], [ 176.167140927857503, -37.682232264264982 ] ] ] ] } },
{ "type": "Feature", "properties": { "id": null }, "geometry": { "type": "MultiPolygon", "coordinates": [ [ [ [ 176.167133789062007, -37.682206305008656 ], [ 176.167092254251884, -37.682191378436265 ], [ 176.167086413419185, -37.682167366124155 ], [ 176.16713314008058, -37.68218164371514 ], [ 176.167133789062007, -37.682206305008656 ] ] ] ] } },
{ "type": "Feature", "properties": { "id": null }, "geometry": { "type": "MultiPolygon", "coordinates": [ [ [ [ 176.167133789062007, -37.682177749826693 ], [ 176.167089009344835, -37.682163472235708 ], [ 176.167084466474961, -37.682141406867828 ], [ 176.167135087024803, -37.682157631403037 ], [ 176.167133789062007, -37.682177749826693 ] ] ] ] } },
{ "type": "Feature", "properties": { "id": null }, "geometry": { "type": "MultiPolygon", "coordinates": [ [ [ [ 176.167131842117783, -37.682154386495995 ], [ 176.167084466474961, -37.682138161960786 ], [ 176.167081870549339, -37.682114149648683 ], [ 176.167128597210734, -37.682129076221074 ], [ 176.167131842117783, -37.682154386495995 ] ] ] ] } },
{ "type": "Feature", "properties": { "id": null }, "geometry": { "type": "MultiPolygon", "coordinates": [ [ [ [ 176.167131193136356, -37.682125182332619 ], [ 176.167083168512164, -37.682108957797418 ], [ 176.167079274623717, -37.682086243448126 ], [ 176.167126650266511, -37.682102467983334 ], [ 176.167131193136356, -37.682125182332619 ] ] ] ] } },
{ "type": "Feature", "properties": { "id": null }, "geometry": { "type": "MultiPolygon", "coordinates": [ [ [ [ 176.167127948229336, -37.682097925113474 ], [ 176.167083168512164, -37.682084945485308 ], [ 176.167079923605115, -37.682062231136022 ], [ 176.167122756378063, -37.682075859745595 ], [ 176.167127948229336, -37.682097925113474 ] ] ] ] } },
{ "type": "Feature", "properties": { "id": null }, "geometry": { "type": "MultiPolygon", "coordinates": [ [ [ [ 176.167122107396693, -37.682071965857141 ], [ 176.16707797666092, -37.682058337247568 ], [ 176.16707797666092, -37.682034324935465 ], [ 176.167119511471043, -37.682050549470674 ], [ 176.167122107396693, -37.682071965857141 ] ] ] ] } },
{ "type": "Feature", "properties": { "id": null }, "geometry": { "type": "MultiPolygon", "coordinates": [ [ [ [ 176.167124054340917, -37.682049251507856 ], [ 176.16707797666092, -37.682032377991241 ], [ 176.167072784809648, -37.682008365679131 ], [ 176.167120809433868, -37.682021994288711 ], [ 176.167124054340917, -37.682049251507856 ] ] ] ] } },
{ "type": "Feature", "properties": { "id": null }, "geometry": { "type": "MultiPolygon", "coordinates": [ [ [ [ 176.167117564526819, -37.68202004734448 ], [ 176.167072135828249, -37.682005769753502 ], [ 176.167070188884026, -37.681981108459986 ], [ 176.167118862489644, -37.681998630958013 ], [ 176.167117564526819, -37.68202004734448 ] ] ] ] } },
{ "type": "Feature", "properties": { "id": null }, "geometry": { "type": "MultiPolygon", "coordinates": [ [ [ [ 176.16712340535949, -37.681995386050971 ], [ 176.167072135828249, -37.681979810497168 ], [ 176.1670688909212, -37.681956447166478 ], [ 176.167118213508246, -37.681971373738861 ], [ 176.16712340535949, -37.681995386050971 ] ] ] ] } },
{ "type": "Feature", "properties": { "id": null }, "geometry": { "type": "MultiPolygon", "coordinates": [ [ [ [ 176.167117564526819, -37.681966830869008 ], [ 176.167071486846851, -37.681953202259436 ], [ 176.167066294995578, -37.681931136891549 ], [ 176.167116915545421, -37.681947361426758 ], [ 176.167117564526819, -37.681966830869008 ] ] ] ] } },
{ "type": "Feature", "properties": { "id": null }, "geometry": { "type": "MultiPolygon", "coordinates": [ [ [ [ 176.167116915545421, -37.681941520594087 ], [ 176.167068241939802, -37.681925296058878 ], [ 176.167066294995578, -37.681905177635223 ], [ 176.167114319619799, -37.681920753189019 ], [ 176.167116915545421, -37.681941520594087 ] ] ] ] } },
{ "type": "Feature", "properties": { "id": null }, "geometry": { "type": "MultiPolygon", "coordinates": [ [ [ [ 176.167112372675547, -37.681914912356348 ], [ 176.16706564601418, -37.681899985783957 ], [ 176.16706305008853, -37.681877920416078 ], [ 176.167109776749925, -37.681894144951279 ], [ 176.167112372675547, -37.681914912356348 ] ] ] ] } },
{ "type": "Feature", "properties": { "id": null }, "geometry": { "type": "MultiPolygon", "coordinates": [ [ [ [ 176.167113021656974, -37.681888953100014 ], [ 176.167063699069928, -37.6818720795834 ], [ 176.167061103144306, -37.68185001421552 ], [ 176.167106531842876, -37.68186753671354 ], [ 176.167113021656974, -37.681888953100014 ] ] ] ] } },
{ "type": "Feature", "properties": { "id": null }, "geometry": { "type": "MultiPolygon", "coordinates": [ [ [ [ 176.166812543264882, -37.681757209874149 ], [ 176.166841098446838, -37.681755911911331 ], [ 176.166813192246281, -37.681792903851608 ], [ 176.166782041138674, -37.681794201814419 ], [ 176.166812543264882, -37.681757209874149 ] ] ] ] } },
{ "type": "Feature", "properties": { "id": null }, "geometry": { "type": "MultiPolygon", "coordinates": [ [ [ [ 176.166818384097553, -37.68179160588879 ], [ 176.16684629029811, -37.681757858855562 ], [ 176.166874196498668, -37.681756560892744 ], [ 176.166846939279509, -37.68179160588879 ], [ 176.166818384097553, -37.68179160588879 ] ] ] ] } },
{ "type": "Feature", "properties": { "id": null }, "geometry": { "type": "MultiPolygon", "coordinates": [ [ [ [ 176.166851482149355, -37.681789009963154 ], [ 176.166880037331339, -37.681756560892744 ], [ 176.166905996587673, -37.681755262929926 ], [ 176.166879388349912, -37.681788360981749 ], [ 176.166851482149355, -37.681789009963154 ] ] ] ] } },
{ "type": "Feature", "properties": { "id": null }, "geometry": { "type": "MultiPolygon", "coordinates": [ [ [ [ 176.16688587816401, -37.681787712000336 ], [ 176.166912486401742, -37.681753964967108 ], [ 176.166939743620901, -37.681752667004297 ], [ 176.166911837420344, -37.681786414037525 ], [ 176.16688587816401, -37.681787712000336 ] ] ] ] } },
{ "type": "Feature", "properties": { "id": null }, "geometry": { "type": "MultiPolygon", "coordinates": [ [ [ [ 176.166916380290189, -37.681785765056112 ], [ 176.166946882416369, -37.681753964967108 ], [ 176.166970894728479, -37.681752018022884 ], [ 176.166944286490747, -37.681784467093301 ], [ 176.166916380290189, -37.681785765056112 ] ] ] ] } },
{ "type": "Feature", "properties": { "id": null }, "geometry": { "type": "MultiPolygon", "coordinates": [ [ [ [ 176.166690210269394, -37.681674789235309 ], [ 176.166744724707684, -37.681670246365449 ], [ 176.166746671651907, -37.681685497428539 ], [ 176.166691832722904, -37.681691338261217 ], [ 176.166690210269394, -37.681674789235309 ] ] ] ] } },
{ "type": "Feature", "properties": { "id": null }, "geometry": { "type": "MultiPolygon", "coordinates": [ [ [ [ 176.166748618596074, -37.681669597384044 ], [ 176.166813192246195, -37.681666027986296 ], [ 176.166813841227594, -37.681681279049393 ], [ 176.166748618596074, -37.681683874975022 ], [ 176.166748618596074, -37.681669597384044 ] ] ] ] } },
{ "type": "Feature", "properties": { "id": null }, "geometry": { "type": "MultiPolygon", "coordinates": [ [ [ [ 176.166815788171817, -37.681666027986296 ], [ 176.166880361821939, -37.681662134097841 ], [ 176.166881010803337, -37.681678034142344 ], [ 176.166817086134643, -37.681682252521497 ], [ 176.166815788171817, -37.681666027986296 ] ] ] ] } },
{ "type": "Feature", "properties": { "id": null }, "geometry": { "type": "MultiPolygon", "coordinates": [ [ [ [ 176.166884255710386, -37.681662458588555 ], [ 176.166947206906997, -37.68166083613503 ], [ 176.166949478341934, -37.681674464744603 ], [ 176.166883931219701, -37.681678358633057 ], [ 176.166884255710386, -37.681662458588555 ] ] ] ] } },
{ "type": "Feature", "properties": { "id": null }, "geometry": { "type": "MultiPolygon", "coordinates": [ [ [ [ 176.166951425286157, -37.681659538172212 ], [ 176.167020217315439, -37.681656942246583 ], [ 176.16702346222246, -37.681671219837561 ], [ 176.166951100795444, -37.681674464744603 ], [ 176.166951425286157, -37.681659538172212 ] ] ] ] } },
{ "type": "Feature", "properties": { "id": null }, "geometry": { "type": "MultiPolygon", "coordinates": [ [ [ [ 176.167028005092334, -37.681659213681513 ], [ 176.167078301151463, -37.681651425904612 ], [ 176.167083493002735, -37.681667325949114 ], [ 176.167030925508669, -37.681669597384044 ], [ 176.167028005092334, -37.681659213681513 ] ] ] ] } },
{ "type": "Feature", "properties": { "id": null }, "geometry": { "type": "MultiPolygon", "coordinates": [ [ [ [ 176.167346330473066, -37.681697828075308 ], [ 176.167403765327691, -37.68169425867756 ], [ 176.167403116346293, -37.681708860759244 ], [ 176.167345681491668, -37.681715350573327 ], [ 176.167346330473066, -37.681697828075308 ] ] ] ] } },
{ "type": "Feature", "properties": { "id": null }, "geometry": { "type": "MultiPolygon", "coordinates": [ [ [ [ 176.167406361253342, -37.681694907658965 ], [ 176.167469961431351, -37.681690689279812 ], [ 176.167473530829085, -37.681705940342908 ], [ 176.167405712271915, -37.681709834231356 ], [ 176.167406361253342, -37.681694907658965 ] ] ] ] } },
{ "type": "Feature", "properties": { "id": null }, "geometry": { "type": "MultiPolygon", "coordinates": [ [ [ [ 176.167472881847686, -37.681690040298406 ], [ 176.167524475869641, -37.68168744437277 ], [ 176.167525449341753, -37.681702695435867 ], [ 176.167474179810483, -37.681707238305727 ], [ 176.167472881847686, -37.681690040298406 ] ] ] ] } },
{ "type": "Feature", "properties": { "id": null }, "geometry": { "type": "MultiPolygon", "coordinates": [ [ [ [ 176.167545243274702, -37.681624168685467 ], [ 176.167486185966538, -37.681632605443774 ], [ 176.167484888003742, -37.681614758455048 ], [ 176.167541024895542, -37.681608593131671 ], [ 176.167545243274702, -37.681624168685467 ] ] ] ] } },
{ "type": "Feature", "properties": { "id": null }, "geometry": { "type": "MultiPolygon", "coordinates": [ [ [ [ 176.168889932752506, -37.684149679835699 ], [ 176.168905832797009, -37.684148706363587 ], [ 176.16891426955533, -37.684199651404136 ], [ 176.168892204187443, -37.684202571820478 ], [ 176.168889932752506, -37.684149679835699 ] ] ] ] } },
{ "type": "Feature", "properties": { "id": null }, "geometry": { "type": "MultiPolygon", "coordinates": [ [ [ [ 176.168884416410549, -37.68412728997712 ], [ 176.1688811715035, -37.684074397992347 ], [ 176.168900316455051, -37.684071802066711 ], [ 176.168904859324897, -37.684125667523595 ], [ 176.168884416410549, -37.68412728997712 ] ] ] ] } },
{ "type": "Feature", "properties": { "id": null }, "geometry": { "type": "MultiPolygon", "coordinates": [ [ [ [ 176.168881820484899, -37.684070828594599 ], [ 176.168876953124339, -37.684018910081939 ], [ 176.168895124603779, -37.684018910081939 ], [ 176.168898369510828, -37.684070179613194 ], [ 176.168881820484899, -37.684070828594599 ] ] ] ] } },
{ "type": "Feature", "properties": { "id": null }, "geometry": { "type": "MultiPolygon", "coordinates": [ [ [ [ 176.168876628633626, -37.684015989665603 ], [ 176.168872734745179, -37.683965693606467 ], [ 176.168890581733905, -37.683965044625054 ], [ 176.168894475622352, -37.684015665174897 ], [ 176.168876628633626, -37.684015989665603 ] ] ] ] } },
{ "type": "Feature", "properties": { "id": null }, "geometry": { "type": "MultiPolygon", "coordinates": [ [ [ [ 176.168855212247195, -37.683796309458906 ], [ 176.168851318358747, -37.683744715436944 ], [ 176.16887046331027, -37.683743092983427 ], [ 176.168874681689431, -37.683794687005381 ], [ 176.168855212247195, -37.683796309458906 ] ] ] ] } },
{ "type": "Feature", "properties": { "id": null }, "geometry": { "type": "MultiPolygon", "coordinates": [ [ [ [ 176.168850344886636, -37.683742119511315 ], [ 176.168845153035363, -37.683688254054431 ], [ 176.168865595949711, -37.683688254054431 ], [ 176.168871112291697, -37.683741146039203 ], [ 176.168850344886636, -37.683742119511315 ] ] ] ] } },
{ "type": "Feature", "properties": { "id": null }, "geometry": { "type": "MultiPolygon", "coordinates": [ [ [ [ 176.168847424470272, -37.683685982619501 ], [ 176.168842881600426, -37.68363179267191 ], [ 176.168858781644929, -37.683632766144022 ], [ 176.168865271458998, -37.683685333638095 ], [ 176.168847424470272, -37.683685982619501 ] ] ] ] } },
{ "type": "Feature", "properties": { "id": null }, "geometry": { "type": "MultiPolygon", "coordinates": [ [ [ [ 176.168841259146916, -37.683631143690505 ], [ 176.168837040767755, -37.683582794575592 ], [ 176.168856834700705, -37.683582794575592 ], [ 176.16885975511704, -37.68363179267191 ], [ 176.168841259146916, -37.683631143690505 ] ] ] ] } },
{ "type": "Feature", "properties": { "id": null }, "geometry": { "type": "MultiPolygon", "coordinates": [ [ [ [ 176.16893893084881, -37.683577278233621 ], [ 176.168959373763187, -37.683574357817285 ], [ 176.168966512558683, -37.683629196746281 ], [ 176.168943473718684, -37.683633090634729 ], [ 176.16893893084881, -37.683577278233621 ] ] ] ] } },
{ "type": "Feature", "properties": { "id": null }, "geometry": { "type": "MultiPolygon", "coordinates": [ [ [ [ 176.168945096172195, -37.68363406410684 ], [ 176.168964241123746, -37.683632766144029 ], [ 176.168969432975018, -37.683686631600914 ], [ 176.168948990060642, -37.683687929563725 ], [ 176.168945096172195, -37.68363406410684 ] ] ] ] } },
{ "type": "Feature", "properties": { "id": null }, "geometry": { "type": "MultiPolygon", "coordinates": [ [ [ [ 176.168949963532754, -37.683690525489361 ], [ 176.168969108484305, -37.683689227526543 ], [ 176.168974624826262, -37.683740821548497 ], [ 176.168954181911914, -37.683741795020616 ], [ 176.168949963532754, -37.683690525489361 ] ] ] ] } },
{ "type": "Feature", "properties": { "id": null }, "geometry": { "type": "MultiPolygon", "coordinates": [ [ [ [ 176.168956777837536, -37.683774568581732 ], [ 176.168977869733311, -37.683773270618914 ], [ 176.168983061584584, -37.683820646261715 ], [ 176.168960996216697, -37.683821619733827 ], [ 176.168956777837536, -37.683774568581732 ] ] ] ] } },
{ "type": "Feature", "properties": { "id": null }, "geometry": { "type": "MultiPolygon", "coordinates": [ [ [ [ 176.168975922789059, -37.684011771286457 ], [ 176.168971379919185, -37.683957256848167 ], [ 176.168995716722009, -37.683954660922531 ], [ 176.169000259591854, -37.684010473323639 ], [ 176.168975922789059, -37.684011771286457 ] ] ] ] } },
{ "type": "Feature", "properties": { "id": null }, "geometry": { "type": "MultiPolygon", "coordinates": [ [ [ [ 176.168978194223968, -37.684014367212086 ], [ 176.169000908573253, -37.684012744758569 ], [ 176.1690048024617, -37.684067583687565 ], [ 176.168982412603128, -37.68406823266897 ], [ 176.168978194223968, -37.684014367212086 ] ] ] ] } },
{ "type": "Feature", "properties": { "id": null }, "geometry": { "type": "MultiPolygon", "coordinates": [ [ [ [ 176.168983710565954, -37.684072126557425 ], [ 176.169005126952413, -37.684070179613194 ], [ 176.169009345331574, -37.684119177709519 ], [ 176.168987604454401, -37.684120151181631 ], [ 176.168983710565954, -37.684072126557425 ] ] ] ] } },
{ "type": "Feature", "properties": { "id": null }, "geometry": { "type": "MultiPolygon", "coordinates": [ [ [ [ 176.16899084936145, -37.684195433024989 ], [ 176.168987604454401, -37.684137024698245 ], [ 176.169011292275798, -37.684135726735434 ], [ 176.169015835145672, -37.684194135062178 ], [ 176.16899084936145, -37.684195433024989 ] ] ] ] } },
{ "type": "Feature", "properties": { "id": null }, "geometry": { "type": "MultiPolygon", "coordinates": [ [ [ [ 176.169151472259955, -37.688458267405125 ], [ 176.16917678253489, -37.688462810274977 ], [ 176.16913784365039, -37.688493961382576 ], [ 176.169115129301105, -37.688487471568493 ], [ 176.169151472259955, -37.688458267405125 ] ] ] ] } },
{ "type": "Feature", "properties": { "id": null }, "geometry": { "type": "MultiPolygon", "coordinates": [ [ [ [ 176.169141088557438, -37.688494610363982 ], [ 176.169184570311785, -37.688462810274977 ], [ 176.169211178549517, -37.68846800212625 ], [ 176.169168345776569, -37.688502398140884 ], [ 176.169141088557438, -37.688494610363982 ] ] ] ] } },
{ "type": "Feature", "properties": { "id": null }, "geometry": { "type": "MultiPolygon", "coordinates": [ [ [ [ 176.169171590683618, -37.688502398140884 ], [ 176.169213125493741, -37.688469300089061 ], [ 176.169236488824453, -37.688473842958921 ], [ 176.169202092809797, -37.688507589992149 ], [ 176.169171590683618, -37.688502398140884 ] ] ] ] } },
{ "type": "Feature", "properties": { "id": null }, "geometry": { "type": "MultiPolygon", "coordinates": [ [ [ [ 176.169204688735419, -37.688508887954967 ], [ 176.169239084750075, -37.68847643888455 ], [ 176.169269586876254, -37.688479683791591 ], [ 176.169232594935977, -37.688511483880596 ], [ 176.169204688735419, -37.688508887954967 ] ] ] ] } },
{ "type": "Feature", "properties": { "id": null }, "geometry": { "type": "MultiPolygon", "coordinates": [ [ [ [ 176.169237137805851, -37.688514079806232 ], [ 176.169273480764701, -37.688481630735822 ], [ 176.16930073798386, -37.688486173605675 ], [ 176.169265692987807, -37.688518622676092 ], [ 176.169237137805851, -37.688514079806232 ] ] ] ] } },
{ "type": "Feature", "properties": { "id": null }, "geometry": { "type": "MultiPolygon", "coordinates": [ [ [ [ 176.169270235857653, -37.688518622676092 ], [ 176.169305280853706, -37.688486173605675 ], [ 176.169333187054264, -37.68849136545694 ], [ 176.169299440021035, -37.688524463508763 ], [ 176.169270235857653, -37.688518622676092 ] ] ] ] } },
{ "type": "Feature", "properties": { "id": null }, "geometry": { "type": "MultiPolygon", "coordinates": [ [ [ [ 176.16942209750718, -37.688555614616355 ], [ 176.169448705744912, -37.688547826839461 ], [ 176.169466877224352, -37.68860234127775 ], [ 176.169441566949445, -37.688606235166205 ], [ 176.16942209750718, -37.688555614616355 ] ] ] ] } },
{ "type": "Feature", "properties": { "id": null }, "geometry": { "type": "MultiPolygon", "coordinates": [ [ [ [ 176.16940717093479, -37.688603639240569 ], [ 176.169387701492553, -37.68855042276509 ], [ 176.16941301176746, -37.688543283969601 ], [ 176.169431832228298, -37.688595202482261 ], [ 176.16940717093479, -37.688603639240569 ] ] ] ] } },
{ "type": "Feature", "properties": { "id": null }, "geometry": { "type": "MultiPolygon", "coordinates": [ [ [ [ 176.169474665001246, -37.688615320905917 ], [ 176.169455844540408, -37.688561455449033 ], [ 176.169478558889693, -37.688554316653544 ], [ 176.169499975276182, -37.68860688414761 ], [ 176.169474665001246, -37.688615320905917 ] ] ] ] } },
{ "type": "Feature", "properties": { "id": null }, "geometry": { "type": "MultiPolygon", "coordinates": [ [ [ [ 176.169505816108853, -37.688622459701406 ], [ 176.169487644629413, -37.688567296281704 ], [ 176.169511656941523, -37.688560157486215 ], [ 176.169531775365186, -37.688612724980288 ], [ 176.169505816108853, -37.688622459701406 ] ] ] ] } },
{ "type": "Feature", "properties": { "id": null }, "geometry": { "type": "MultiPolygon", "coordinates": [ [ [ [ 176.169539563142024, -37.688625055627035 ], [ 176.169521391662613, -37.688570541188746 ], [ 176.169544106011898, -37.688564700356068 ], [ 176.169565522398358, -37.68861986377577 ], [ 176.169539563142024, -37.688625055627035 ] ] ] ] } },
{ "type": "Feature", "properties": { "id": null }, "geometry": { "type": "MultiPolygon", "coordinates": [ [ [ [ 176.169551893788793, -37.688577679984235 ], [ 176.169577204063728, -37.688571839151564 ], [ 176.169594726561741, -37.688625055627035 ], [ 176.169572661193854, -37.688630896459713 ], [ 176.169551893788793, -37.688577679984235 ] ] ] ] } },
{ "type": "Feature", "properties": { "id": null }, "geometry": { "type": "MultiPolygon", "coordinates": [ [ [ [ 176.169584342859196, -37.688582222854095 ], [ 176.169609004152733, -37.688575733040011 ], [ 176.169631069520591, -37.688630247478301 ], [ 176.169605759245684, -37.688636088310979 ], [ 176.169584342859196, -37.688582222854095 ] ] ] ] } },
{ "type": "Feature", "properties": { "id": null }, "geometry": { "type": "MultiPolygon", "coordinates": [ [ [ [ 176.169620036836648, -37.688591308593807 ], [ 176.169642751185961, -37.688584169798318 ], [ 176.169666114516644, -37.688637386273797 ], [ 176.169640155260311, -37.688646472013509 ], [ 176.169620036836648, -37.688591308593807 ] ] ] ] } },
{ "type": "Feature", "properties": { "id": null }, "geometry": { "type": "MultiPolygon", "coordinates": [ [ [ [ 176.169653134888478, -37.688598447389296 ], [ 176.169677796181986, -37.688589361649584 ], [ 176.169698563587048, -37.688643227106468 ], [ 176.169672604330742, -37.688653610808998 ], [ 176.169653134888478, -37.688598447389296 ] ] ] ] } },
{ "type": "Feature", "properties": { "id": null }, "geometry": { "type": "MultiPolygon", "coordinates": [ [ [ [ 176.169686232940307, -37.68860493720338 ], [ 176.169708947289593, -37.688597149426485 ], [ 176.169731661638878, -37.688646472013509 ], [ 176.16970635136397, -37.68865685571604 ], [ 176.169686232940307, -37.68860493720338 ] ] ] ] } },
{ "type": "Feature", "properties": { "id": null }, "geometry": { "type": "MultiPolygon", "coordinates": [ [ [ [ 176.169718682010711, -37.688607533129016 ], [ 176.169743343304219, -37.688600394333527 ], [ 176.169762812746484, -37.688652312846187 ], [ 176.169738151452975, -37.6886613985859 ], [ 176.169718682010711, -37.688607533129016 ] ] ] ] } },
{ "type": "Feature", "properties": { "id": null }, "geometry": { "type": "MultiPolygon", "coordinates": [ [ [ [ 176.169801102649615, -37.688575084058606 ], [ 176.169872490604519, -37.688588063686765 ], [ 176.169866000790449, -37.68860688414761 ], [ 176.169795910798342, -37.688593904519443 ], [ 176.169801102649615, -37.688575084058606 ] ] ] ] } },
{ "type": "Feature", "properties": { "id": null }, "geometry": { "type": "MultiPolygon", "coordinates": [ [ [ [ 176.170024352254046, -37.688617916831546 ], [ 176.170077568729539, -37.688623757664224 ], [ 176.170071727896868, -37.688644525069286 ], [ 176.170019160402802, -37.688636737292384 ], [ 176.170024352254046, -37.688617916831546 ] ] ] ] } },
{ "type": "Feature", "properties": { "id": null }, "geometry": { "type": "MultiPolygon", "coordinates": [ [ [ [ 176.170019160402802, -37.688638684236615 ], [ 176.170071727896868, -37.688647769976328 ], [ 176.170065887064197, -37.688669186362802 ], [ 176.170015915495753, -37.688659451641676 ], [ 176.170019160402802, -37.688638684236615 ] ] ] ] } },
{ "type": "Feature", "properties": { "id": null }, "geometry": { "type": "MultiPolygon", "coordinates": [ [ [ [ 176.170013319570103, -37.688662047567313 ], [ 176.170063940119974, -37.68867048432562 ], [ 176.170055503361652, -37.688689304786458 ], [ 176.170008127718859, -37.688681517009556 ], [ 176.170013319570103, -37.688662047567313 ] ] ] ] } },
{ "type": "Feature", "properties": { "id": null }, "geometry": { "type": "MultiPolygon", "coordinates": [ [ [ [ 176.170008776700257, -37.688684112935192 ], [ 176.170056152343051, -37.688692549693499 ], [ 176.170050960491807, -37.688710721172932 ], [ 176.170003584848985, -37.688704231358848 ], [ 176.170008776700257, -37.688684112935192 ] ] ] ] } },
{ "type": "Feature", "properties": { "id": null }, "geometry": { "type": "MultiPolygon", "coordinates": [ [ [ [ 176.17000488281181, -37.688704880340254 ], [ 176.170049013547583, -37.688713966079973 ], [ 176.170043821696311, -37.688730839596587 ], [ 176.169997744016314, -37.688725647745322 ], [ 176.17000488281181, -37.688704880340254 ] ] ] ] } },
{ "type": "Feature", "properties": { "id": null }, "geometry": { "type": "MultiPolygon", "coordinates": [ [ [ [ 176.169997744016314, -37.688728892652357 ], [ 176.170042523733485, -37.688734733485035 ], [ 176.170036682900815, -37.688754851908691 ], [ 176.169991254202245, -37.688747713113202 ], [ 176.169997744016314, -37.688728892652357 ] ] ] ] } },
{ "type": "Feature", "properties": { "id": null }, "geometry": { "type": "MultiPolygon", "coordinates": [ [ [ [ 176.169829008850144, -37.688758096815732 ], [ 176.169888715139706, -37.688767182555445 ], [ 176.169882874307035, -37.688785354034877 ], [ 176.169821221073249, -37.688774970332346 ], [ 176.169829008850144, -37.688758096815732 ] ] ] ] } },
{ "type": "Feature", "properties": { "id": null }, "geometry": { "type": "MultiPolygon", "coordinates": [ [ [ [ 176.169820572091851, -37.688773672369528 ], [ 176.169765408672134, -37.688766533574039 ], [ 176.169769951542008, -37.688748362094607 ], [ 176.169827710887347, -37.688758096815732 ], [ 176.169820572091851, -37.688773672369528 ] ] ] ] } },
{ "type": "Feature", "properties": { "id": null }, "geometry": { "type": "MultiPolygon", "coordinates": [ [ [ [ 176.169656379795555, -37.688747064131789 ], [ 176.169603812301489, -37.688736680429258 ], [ 176.169609004152761, -37.688721753856868 ], [ 176.169659624702604, -37.688732137559406 ], [ 176.169656379795555, -37.688747064131789 ] ] ] ] } },
{ "type": "Feature", "properties": { "id": null }, "geometry": { "type": "MultiPolygon", "coordinates": [ [ [ [ 176.169502571201804, -37.688719157931239 ], [ 176.169450652689136, -37.688709423210113 ], [ 176.169455844540408, -37.688695794600541 ], [ 176.169507763053076, -37.68870293339603 ], [ 176.169502571201804, -37.688719157931239 ] ] ] ] } },
{ "type": "Feature", "properties": { "id": null }, "geometry": { "type": "MultiPolygon", "coordinates": [ [ [ [ 176.169353954459297, -37.688660749604487 ], [ 176.1693468156638, -37.68867892108392 ], [ 176.16929554613256, -37.688667239418571 ], [ 176.169298142058182, -37.688647120994915 ], [ 176.169353954459297, -37.688660749604487 ] ] ] ] } },
{ "type": "Feature", "properties": { "id": null }, "geometry": { "type": "MultiPolygon", "coordinates": [ [ [ [ 176.169170941702163, -37.688645174050691 ], [ 176.169095659858812, -37.688631545441119 ], [ 176.169104096617104, -37.688609480073239 ], [ 176.169174186609212, -37.688625704608448 ], [ 176.169170941702163, -37.688645174050691 ] ] ] ] } },
{ "type": "Feature", "properties": { "id": null }, "geometry": { "type": "MultiPolygon", "coordinates": [ [ [ [ 176.169202092809769, -37.68862894951549 ], [ 176.169261150117904, -37.688640631180832 ], [ 176.169259203173681, -37.688655557753222 ], [ 176.169195602995671, -37.688649716920551 ], [ 176.169202092809769, -37.68862894951549 ] ] ] ] } },
{ "type": "Feature", "properties": { "id": null }, "geometry": { "type": "MultiPolygon", "coordinates": [ [ [ [ 176.168813352946188, -37.68828434038771 ], [ 176.168832173407026, -37.688230474930826 ], [ 176.168855536737709, -37.688235017800686 ], [ 176.168838014239697, -37.688286287331934 ], [ 176.168813352946188, -37.68828434038771 ] ] ] ] } },
{ "type": "Feature", "properties": { "id": null }, "geometry": { "type": "MultiPolygon", "coordinates": [ [ [ [ 176.168847099979416, -37.688181801325207 ], [ 176.168859430626156, -37.688129882812547 ], [ 176.168882793956868, -37.688133776700994 ], [ 176.168869165347274, -37.688185695213654 ], [ 176.168847099979416, -37.688181801325207 ] ] ] ] } },
{ "type": "Feature", "properties": { "id": null }, "geometry": { "type": "MultiPolygon", "coordinates": [ [ [ [ 176.168828928499977, -37.688229176968008 ], [ 176.168845153035193, -37.688183748269431 ], [ 176.168865271458827, -37.688187642157878 ], [ 176.168853589793486, -37.688234368819273 ], [ 176.168828928499977, -37.688229176968008 ] ] ] ] } },
{ "type": "Feature", "properties": { "id": null }, "geometry": { "type": "MultiPolygon", "coordinates": [ [ [ [ 176.168947692097674, -37.688264221964054 ], [ 176.168960671725841, -37.688219442246883 ], [ 176.168983386075126, -37.688223336135337 ], [ 176.168970406446988, -37.688268115852502 ], [ 176.168947692097674, -37.688264221964054 ] ] ] ] } },
{ "type": "Feature", "properties": { "id": null }, "geometry": { "type": "MultiPolygon", "coordinates": [ [ [ [ 176.168960671725841, -37.688216197339841 ], [ 176.16897300237261, -37.688171417622677 ], [ 176.168995716721895, -37.688175311511124 ], [ 176.168984035056553, -37.688221389191106 ], [ 176.168960671725841, -37.688216197339841 ] ] ] ] } },
{ "type": "Feature", "properties": { "id": null }, "geometry": { "type": "MultiPolygon", "coordinates": [ [ [ [ 176.1688594306261, -37.688126637905512 ], [ 176.168873708217063, -37.688076017355669 ], [ 176.16889577358495, -37.688080560225522 ], [ 176.168882144975385, -37.688132478738183 ], [ 176.1688594306261, -37.688126637905512 ] ] ] ] } },
{ "type": "Feature", "properties": { "id": null }, "geometry": { "type": "MultiPolygon", "coordinates": [ [ [ [ 176.168873708217063, -37.688070825504404 ], [ 176.168890581733677, -37.688024747824414 ], [ 176.168909402194515, -37.68802993967568 ], [ 176.168895124603551, -37.688078613281299 ], [ 176.168873708217063, -37.688070825504404 ] ] ] ] } },
{ "type": "Feature", "properties": { "id": null }, "geometry": { "type": "MultiPolygon", "coordinates": [ [ [ [ 176.168890581733677, -37.688021502917373 ], [ 176.168900316454824, -37.68797542523739 ], [ 176.168923679785507, -37.687981266070061 ], [ 176.168910051175942, -37.688027343750051 ], [ 176.168890581733677, -37.688021502917373 ] ] ] ] } },
{ "type": "Feature", "properties": { "id": null }, "geometry": { "type": "MultiPolygon", "coordinates": [ [ [ [ 176.16897430033535, -37.688168172715642 ], [ 176.168986630982118, -37.688122744017065 ], [ 176.169009994312802, -37.688127286886917 ], [ 176.168996365703237, -37.688173364566907 ], [ 176.16897430033535, -37.688168172715642 ] ] ] ] } },
{ "type": "Feature", "properties": { "id": null }, "geometry": { "type": "MultiPolygon", "coordinates": [ [ [ [ 176.168987928944915, -37.688120148091429 ], [ 176.169001557554509, -37.688076017355669 ], [ 176.169023622922367, -37.688078613281299 ], [ 176.169010643294229, -37.688125339942694 ], [ 176.168987928944915, -37.688120148091429 ] ] ] ] } },
{ "type": "Feature", "properties": { "id": null }, "geometry": { "type": "MultiPolygon", "coordinates": [ [ [ [ 176.169002206535907, -37.688072123467215 ], [ 176.169011941257025, -37.688026045787232 ], [ 176.169035304587737, -37.68802993967568 ], [ 176.169022973940969, -37.68807731531848 ], [ 176.169002206535907, -37.688072123467215 ] ] ] ] } },
{ "type": "Feature", "properties": { "id": null }, "geometry": { "type": "MultiPolygon", "coordinates": [ [ [ [ 176.169014537182676, -37.688022800880191 ], [ 176.169026218848018, -37.687974127274572 ], [ 176.169048933197303, -37.687978021163019 ], [ 176.169035953569136, -37.688027992731456 ], [ 176.169014537182676, -37.688022800880191 ] ] ] ] } },
{ "type": "Feature", "properties": { "id": null }, "geometry": { "type": "MultiPolygon", "coordinates": [ [ [ [ 176.169029463755066, -37.687970233386125 ], [ 176.169041794401807, -37.687928698575995 ], [ 176.16906191282547, -37.687930645520218 ], [ 176.169050231160128, -37.687976074218795 ], [ 176.169029463755066, -37.687970233386125 ] ] ] ] } },
{ "type": "Feature", "properties": { "id": null }, "geometry": { "type": "MultiPolygon", "coordinates": [ [ [ [ 176.169040496438924, -37.687924804687547 ], [ 176.169054774029917, -37.687880024970376 ], [ 176.169076839397803, -37.687882620896012 ], [ 176.169063210788238, -37.687929996538813 ], [ 176.169040496438924, -37.687924804687547 ] ] ] ] } },
{ "type": "Feature", "properties": { "id": null }, "geometry": { "type": "MultiPolygon", "coordinates": [ [ [ [ 176.169056071992742, -37.687877429044747 ], [ 176.169071647546531, -37.687821616643632 ], [ 176.169095659858641, -37.687826808494904 ], [ 176.169077488379202, -37.687881971914599 ], [ 176.169056071992742, -37.687877429044747 ] ] ] ] } },
{ "type": "Feature", "properties": { "id": null }, "geometry": { "type": "MultiPolygon", "coordinates": [ [ [ [ 176.169318909463129, -37.687397182802641 ], [ 176.16935784834763, -37.687358892899553 ], [ 176.169384456585362, -37.687362786788 ], [ 176.169350060570707, -37.687402374653907 ], [ 176.169318909463129, -37.687397182802641 ] ] ] ] } },
{ "type": "Feature", "properties": { "id": null }, "geometry": { "type": "MultiPolygon", "coordinates": [ [ [ [ 176.169365636124525, -37.687403023635312 ], [ 176.169398734176326, -37.687365382713637 ], [ 176.169429236302534, -37.687369925583489 ], [ 176.169396138250704, -37.687408215486577 ], [ 176.169365636124525, -37.687403023635312 ] ] ] ] } },
{ "type": "Feature", "properties": { "id": null }, "geometry": { "type": "MultiPolygon", "coordinates": [ [ [ [ 176.169400032139151, -37.68740886446799 ], [ 176.16943377917238, -37.687369925583489 ], [ 176.169462334354336, -37.687377713360391 ], [ 176.169427938339709, -37.687412758356437 ], [ 176.169400032139151, -37.68740886446799 ] ] ] ] } },
{ "type": "Feature", "properties": { "id": null }, "geometry": { "type": "MultiPolygon", "coordinates": [ [ [ [ 176.169433130190981, -37.687412109375032 ], [ 176.169467526205608, -37.687378362341796 ], [ 176.169498677313214, -37.687381607248838 ], [ 176.169461036391539, -37.687417301226297 ], [ 176.169433130190981, -37.687412109375032 ] ] ] ] } },
{ "type": "Feature", "properties": { "id": null }, "geometry": { "type": "MultiPolygon", "coordinates": [ [ [ [ 176.169464930279986, -37.687419248170521 ], [ 176.169501922220263, -37.687384203174474 ], [ 176.169533722309268, -37.687386799100103 ], [ 176.16949413444334, -37.687422493077563 ], [ 176.169464930279986, -37.687419248170521 ] ] ] ] } },
{ "type": "Feature", "properties": { "id": null }, "geometry": { "type": "MultiPolygon", "coordinates": [ [ [ [ 176.169498028331816, -37.687424440021786 ], [ 176.169536967216288, -37.687388746044334 ], [ 176.169566171379671, -37.6873939378956 ], [ 176.169530477402219, -37.687427684928828 ], [ 176.169498028331816, -37.687424440021786 ] ] ] ] } },
{ "type": "Feature", "properties": { "id": null }, "geometry": { "type": "MultiPolygon", "coordinates": [ [ [ [ 176.169535669253492, -37.687428982891646 ], [ 176.169570065268118, -37.687395884839823 ], [ 176.169601865357123, -37.68739977872827 ], [ 176.169563575454049, -37.687433525761499 ], [ 176.169535669253492, -37.687428982891646 ] ] ] ] } },
{ "type": "Feature", "properties": { "id": null }, "geometry": { "type": "MultiPolygon", "coordinates": [ [ [ [ 176.169334485016918, -37.687490636125425 ], [ 176.16940068112055, -37.687499721865144 ], [ 176.169396787232102, -37.687519191307388 ], [ 176.169328644184247, -37.687510105567675 ], [ 176.169334485016918, -37.687490636125425 ] ] ] ] } },
{ "type": "Feature", "properties": { "id": null }, "geometry": { "type": "MultiPolygon", "coordinates": [ [ [ [ 176.169402628064802, -37.687502317790774 ], [ 176.169464930279986, -37.687510754549081 ], [ 176.169460387410112, -37.687527628065695 ], [ 176.169399383157753, -37.687517893344577 ], [ 176.169402628064802, -37.687502317790774 ] ] ] ] } },
{ "type": "Feature", "properties": { "id": null }, "geometry": { "type": "MultiPolygon", "coordinates": [ [ [ [ 176.169701159512641, -37.687501019827955 ], [ 176.169721926917703, -37.687548395470763 ], [ 176.169689477847299, -37.687544501582309 ], [ 176.169673253312084, -37.687501668809368 ], [ 176.169701159512641, -37.687501019827955 ] ] ] ] } },
{ "type": "Feature", "properties": { "id": null }, "geometry": { "type": "MultiPolygon", "coordinates": [ [ [ [ 176.169703755438263, -37.687503615753592 ], [ 176.169734257564443, -37.687507509642039 ], [ 176.169756322932329, -37.687554236303434 ], [ 176.169724522843325, -37.687549693433574 ], [ 176.169703755438263, -37.687503615753592 ] ] ] ] } },
{ "type": "Feature", "properties": { "id": null }, "geometry": { "type": "MultiPolygon", "coordinates": [ [ [ [ 176.169737502471492, -37.687508158623451 ], [ 176.169766706634874, -37.687513350474717 ], [ 176.169788772002761, -37.687558779173294 ], [ 176.169760216820777, -37.687555534266252 ], [ 176.169737502471492, -37.687508158623451 ] ] ] ] } },
{ "type": "Feature", "properties": { "id": null }, "geometry": { "type": "MultiPolygon", "coordinates": [ [ [ [ 176.16977124950472, -37.687513999456122 ], [ 176.169800453668103, -37.68751789334457 ], [ 176.169821221073164, -37.687563322043147 ], [ 176.169792016909781, -37.687558779173294 ], [ 176.16977124950472, -37.687513999456122 ] ] ] ] } },
{ "type": "Feature", "properties": { "id": null }, "geometry": { "type": "MultiPolygon", "coordinates": [ [ [ [ 176.169805645519375, -37.687519840288793 ], [ 176.169834200701331, -37.687523085195835 ], [ 176.169854319124994, -37.687566566950188 ], [ 176.16982576394301, -37.687564620005965 ], [ 176.169805645519375, -37.687519840288793 ] ] ] ] } },
{ "type": "Feature", "properties": { "id": null }, "geometry": { "type": "MultiPolygon", "coordinates": [ [ [ [ 176.169838743571177, -37.687523085195835 ], [ 176.169867298753161, -37.687528277047107 ], [ 176.169882225325551, -37.6875594281547 ], [ 176.169856915050616, -37.687567215931601 ], [ 176.169838743571177, -37.687523085195835 ] ] ] ] } },
{ "type": "Feature", "properties": { "id": null }, "geometry": { "type": "MultiPolygon", "coordinates": [ [ [ [ 176.169732959601589, -37.687456240110791 ], [ 176.169771249504663, -37.687420546133339 ], [ 176.169806294500717, -37.68742638696601 ], [ 176.169770600523265, -37.687463378906287 ], [ 176.169732959601589, -37.687456240110791 ] ] ] ] } },
{ "type": "Feature", "properties": { "id": null }, "geometry": { "type": "MultiPolygon", "coordinates": [ [ [ [ 176.169784878114228, -37.687465325850511 ], [ 176.169819274128884, -37.687427035947422 ], [ 176.169851723199287, -37.68743092983587 ], [ 176.169813433296213, -37.687469868720363 ], [ 176.169784878114228, -37.687465325850511 ] ] ] ] } },
{ "type": "Feature", "properties": { "id": null }, "geometry": { "type": "MultiPolygon", "coordinates": [ [ [ [ 176.169818625147457, -37.687469868720363 ], [ 176.169856266069161, -37.687432876780093 ], [ 176.169887417176739, -37.687436770668548 ], [ 176.169848478292238, -37.687471166683181 ], [ 176.169818625147457, -37.687469868720363 ] ] ] ] } },
{ "type": "Feature", "properties": { "id": null }, "geometry": { "type": "MultiPolygon", "coordinates": [ [ [ [ 176.169852372180685, -37.687473762608818 ], [ 176.169890662083787, -37.687437419649953 ], [ 176.169919217265743, -37.6874413135384 ], [ 176.169880927362669, -37.687477656497265 ], [ 176.169852372180685, -37.687473762608818 ] ] ] ] } },
{ "type": "Feature", "properties": { "id": null }, "geometry": { "type": "MultiPolygon", "coordinates": [ [ [ [ 176.169887417176739, -37.687479603441489 ], [ 176.169922462172792, -37.687443260482631 ], [ 176.169951666336175, -37.687446505389666 ], [ 176.169915972358694, -37.68748284834853 ], [ 176.169887417176739, -37.687479603441489 ] ] ] ] } },
{ "type": "Feature", "properties": { "id": null }, "geometry": { "type": "MultiPolygon", "coordinates": [ [ [ [ 176.169921813191394, -37.68748284834853 ], [ 176.169954911243195, -37.687447803352484 ], [ 176.169982817443753, -37.687451697240938 ], [ 176.169947772447699, -37.687486093255572 ], [ 176.169921813191394, -37.68748284834853 ] ] ] ] } },
{ "type": "Feature", "properties": { "id": null }, "geometry": { "type": "MultiPolygon", "coordinates": [ [ [ [ 176.168564144085366, -37.687337476513079 ], [ 176.168629691207599, -37.687344615308575 ], [ 176.168627095281977, -37.687363435769413 ], [ 176.168558303252695, -37.687356296973924 ], [ 176.168564144085366, -37.687337476513079 ] ] ] ] } },
{ "type": "Feature", "properties": { "id": null }, "geometry": { "type": "MultiPolygon", "coordinates": [ [ [ [ 176.168634234077473, -37.687345264289981 ], [ 176.168690046478559, -37.687353701048288 ], [ 176.168686801571539, -37.687372521509126 ], [ 176.168627095281977, -37.687364733732231 ], [ 176.168634234077473, -37.687345264289981 ] ] ] ] } },
{ "type": "Feature", "properties": { "id": null }, "geometry": { "type": "MultiPolygon", "coordinates": [ [ [ [ 176.168665385185051, -37.687264141613952 ], [ 176.168660193333778, -37.687286855963237 ], [ 176.168592699267322, -37.687277770223524 ], [ 176.168595944174371, -37.687257651799868 ], [ 176.168665385185051, -37.687264141613952 ] ] ] ] } },
{ "type": "Feature", "properties": { "id": null }, "geometry": { "type": "MultiPolygon", "coordinates": [ [ [ [ 176.168423315119696, -37.687236235413387 ], [ 176.168420070212647, -37.687249864022959 ], [ 176.168351927164792, -37.687243374208876 ], [ 176.168357119016065, -37.687225851710856 ], [ 176.168423315119696, -37.687236235413387 ] ] ] ] } },
{ "type": "Feature", "properties": { "id": null }, "geometry": { "type": "MultiPolygon", "coordinates": [ [ [ [ 176.168354523090414, -37.687226500692262 ], [ 176.168350629201967, -37.687241427264652 ], [ 176.168287678005385, -37.687231692543527 ], [ 176.168290922912405, -37.687215468008326 ], [ 176.168354523090414, -37.687226500692262 ] ] ] ] } },
{ "type": "Feature", "properties": { "id": null }, "geometry": { "type": "MultiPolygon", "coordinates": [ [ [ [ 176.168288326986783, -37.687213521064102 ], [ 176.168284433098336, -37.687230394580716 ], [ 176.16822277986455, -37.687222606803815 ], [ 176.168225375790172, -37.687205084305795 ], [ 176.168288326986783, -37.687213521064102 ] ] ] ] } },
{ "type": "Feature", "properties": { "id": null }, "geometry": { "type": "MultiPolygon", "coordinates": [ [ [ [ 176.168222130883152, -37.687205084305795 ], [ 176.168218885976103, -37.687221957822409 ], [ 176.168155285798093, -37.687211574119871 ], [ 176.168162424593589, -37.687195998566075 ], [ 176.168222130883152, -37.687205084305795 ] ] ] ] } },
{ "type": "Feature", "properties": { "id": null }, "geometry": { "type": "MultiPolygon", "coordinates": [ [ [ [ 176.168396057900566, -37.687314113182381 ], [ 176.168391515030692, -37.687329039754772 ], [ 176.168329212815507, -37.687318656052234 ], [ 176.168331159759731, -37.687303729479844 ], [ 176.168396057900566, -37.687314113182381 ] ] ] ] } },
{ "type": "Feature", "properties": { "id": null }, "geometry": { "type": "MultiPolygon", "coordinates": [ [ [ [ 176.168329212815507, -37.68730178253562 ], [ 176.168323371982837, -37.687317358089423 ], [ 176.168266261618896, -37.687311517256745 ], [ 176.168272102451567, -37.687292047814495 ], [ 176.168329212815507, -37.68730178253562 ] ] ] ] } },
{ "type": "Feature", "properties": { "id": null }, "geometry": { "type": "MultiPolygon", "coordinates": [ [ [ [ 176.16826820856312, -37.687293345777313 ], [ 176.168263665693274, -37.687309570312522 ], [ 176.168209800236383, -37.687299186609991 ], [ 176.168215641069054, -37.687281664111964 ], [ 176.16826820856312, -37.687293345777313 ] ] ] ] } },
{ "type": "Feature", "properties": { "id": null }, "geometry": { "type": "MultiPolygon", "coordinates": [ [ [ [ 176.169270884838852, -37.686881242583063 ], [ 176.169272831783076, -37.686859177215183 ], [ 176.1693137176118, -37.686881891564475 ], [ 176.169310472704751, -37.686908499802207 ], [ 176.169270884838852, -37.686881242583063 ] ] ] ] } },
{ "type": "Feature", "properties": { "id": null }, "geometry": { "type": "MultiPolygon", "coordinates": [ [ [ [ 176.169273480764474, -37.686855283326736 ], [ 176.169278023634348, -37.686833866940262 ], [ 176.169321505388695, -37.686856581289547 ], [ 176.169315664556024, -37.686879944620244 ], [ 176.169273480764474, -37.686855283326736 ] ] ] ] } },
{ "type": "Feature", "properties": { "id": null }, "geometry": { "type": "MultiPolygon", "coordinates": [ [ [ [ 176.16928061955997, -37.686829973051815 ], [ 176.169283215485592, -37.686809205646746 ], [ 176.169324101314317, -37.68683062203322 ], [ 176.169322154370093, -37.686854634345323 ], [ 176.16928061955997, -37.686829973051815 ] ] ] ] } },
{ "type": "Feature", "properties": { "id": null }, "geometry": { "type": "MultiPolygon", "coordinates": [ [ [ [ 176.169291003262515, -37.686780650464783 ], [ 176.169327995202764, -37.686804013795481 ], [ 176.169325399277142, -37.686827377126178 ], [ 176.169285811411243, -37.686805960739704 ], [ 176.169291003262515, -37.686780650464783 ] ] ] ] } },
{ "type": "Feature", "properties": { "id": null }, "geometry": { "type": "MultiPolygon", "coordinates": [ [ [ [ 176.169294248169535, -37.686752744264226 ], [ 176.169333187054036, -37.686776756576336 ], [ 176.169329942146987, -37.686802066851257 ], [ 176.16928970529969, -37.686778703520559 ], [ 176.169294248169535, -37.686752744264226 ] ] ] ] } },
{ "type": "Feature", "properties": { "id": null }, "geometry": { "type": "MultiPolygon", "coordinates": [ [ [ [ 176.169299440020808, -37.686728082970717 ], [ 176.169338378905309, -37.68675209528282 ], [ 176.169333836035463, -37.686773511669294 ], [ 176.169294248169535, -37.68675209528282 ], [ 176.169299440020808, -37.686728082970717 ] ] ] ] } },
{ "type": "Feature", "properties": { "id": null }, "geometry": { "type": "MultiPolygon", "coordinates": [ [ [ [ 176.169305929834906, -37.686704070658607 ], [ 176.169342921775154, -37.686724838063675 ], [ 176.169339027886707, -37.686745605468737 ], [ 176.169301386965031, -37.686725487045081 ], [ 176.169305929834906, -37.686704070658607 ] ] ] ] } },
{ "type": "Feature", "properties": { "id": null }, "geometry": { "type": "MultiPolygon", "coordinates": [ [ [ [ 176.16931112168615, -37.686675515476644 ], [ 176.169349411589252, -37.686698878807341 ], [ 176.169346166682203, -37.686720944175221 ], [ 176.169307227797702, -37.686702123714383 ], [ 176.16931112168615, -37.686675515476644 ] ] ] ] } },
{ "type": "Feature", "properties": { "id": null }, "geometry": { "type": "MultiPolygon", "coordinates": [ [ [ [ 176.169318260481646, -37.686638523536374 ], [ 176.16935914631037, -37.68665864196003 ], [ 176.169353305477699, -37.686696931863118 ], [ 176.169311770667548, -37.686670972606784 ], [ 176.169318260481646, -37.686638523536374 ] ] ] ] } },
{ "type": "Feature", "properties": { "id": null }, "geometry": { "type": "MultiPolygon", "coordinates": [ [ [ [ 176.169326697239939, -37.686598286689062 ], [ 176.169366285105866, -37.686618405112718 ], [ 176.169361093254594, -37.686656695015806 ], [ 176.169318260481646, -37.686632682703696 ], [ 176.169326697239939, -37.686598286689062 ] ] ] ] } },
{ "type": "Feature", "properties": { "id": null }, "geometry": { "type": "MultiPolygon", "coordinates": [ [ [ [ 176.169331240109813, -37.686571029469917 ], [ 176.169369530012887, -37.686593743819202 ], [ 176.169368881031488, -37.6866171071499 ], [ 176.169327346221365, -37.686593743819202 ], [ 176.169331240109813, -37.686571029469917 ] ] ] ] } },
{ "type": "Feature", "properties": { "id": null }, "geometry": { "type": "MultiPolygon", "coordinates": [ [ [ [ 176.169336431961085, -37.68654312326936 ], [ 176.169375370845557, -37.686565837618645 ], [ 176.169372774919935, -37.686591796874978 ], [ 176.169330591128414, -37.686567135581463 ], [ 176.169336431961085, -37.68654312326936 ] ] ] ] } },
{ "type": "Feature", "properties": { "id": null }, "geometry": { "type": "MultiPolygon", "coordinates": [ [ [ [ 176.169341623812329, -37.686518461975844 ], [ 176.169381211678257, -37.686540527343723 ], [ 176.169376019826984, -37.68656259271161 ], [ 176.169337080942483, -37.686541825306541 ], [ 176.169341623812329, -37.686518461975844 ] ] ] ] } },
{ "type": "Feature", "properties": { "id": null }, "geometry": { "type": "MultiPolygon", "coordinates": [ [ [ [ 176.169390946399375, -37.686266657189442 ], [ 176.169429236302477, -37.686288722557322 ], [ 176.169425991395428, -37.686315979776474 ], [ 176.169387701492326, -37.68629002052014 ], [ 176.169390946399375, -37.686266657189442 ] ] ] ] } },
{ "type": "Feature", "properties": { "id": null }, "geometry": { "type": "MultiPolygon", "coordinates": [ [ [ [ 176.169394191306424, -37.686240048951703 ], [ 176.169434428153721, -37.686264710245219 ], [ 176.169432481209498, -37.686288073575916 ], [ 176.169390946399375, -37.686266008208037 ], [ 176.169394191306424, -37.686240048951703 ] ] ] ] } },
{ "type": "Feature", "properties": { "id": null }, "geometry": { "type": "MultiPolygon", "coordinates": [ [ [ [ 176.169400681120493, -37.686215387658187 ], [ 176.169438971023595, -37.686240697933115 ], [ 176.169435726116546, -37.686260167375359 ], [ 176.169396138250647, -37.686238102007479 ], [ 176.169400681120493, -37.686215387658187 ] ] ] ] } },
{ "type": "Feature", "properties": { "id": null }, "geometry": { "type": "MultiPolygon", "coordinates": [ [ [ [ 176.169406521953164, -37.686190077383266 ], [ 176.169444162874839, -37.686208897844111 ], [ 176.16943767306077, -37.686236804044661 ], [ 176.169401979083318, -37.686210195806922 ], [ 176.169406521953164, -37.686190077383266 ] ] ] ] } },
{ "type": "Feature", "properties": { "id": null }, "geometry": { "type": "MultiPolygon", "coordinates": [ [ [ [ 176.169411064823038, -37.686160873219897 ], [ 176.169450652688937, -37.686182289606371 ], [ 176.169446109819091, -37.68620695089988 ], [ 176.169407170934591, -37.686186183494819 ], [ 176.169411064823038, -37.686160873219897 ] ] ] ] } },
{ "type": "Feature", "properties": { "id": null }, "geometry": { "type": "MultiPolygon", "coordinates": [ [ [ [ 176.169450652688852, -37.686089485264986 ], [ 176.16946947314969, -37.686093379153434 ], [ 176.16946038740997, -37.686143350721871 ], [ 176.169439620004908, -37.686138807852011 ], [ 176.169450652688852, -37.686089485264986 ] ] ] ] } },
{ "type": "Feature", "properties": { "id": null }, "geometry": { "type": "MultiPolygon", "coordinates": [ [ [ [ 176.169461036391397, -37.686033672863871 ], [ 176.169481803796458, -37.686037566752326 ], [ 176.16946947314969, -37.68609143220921 ], [ 176.169450003707453, -37.686087538320756 ], [ 176.169461036391397, -37.686033672863871 ] ] ] ] } },
{ "type": "Feature", "properties": { "id": null }, "geometry": { "type": "MultiPolygon", "coordinates": [ [ [ [ 176.169380887187486, -37.68594800731799 ], [ 176.169367583068606, -37.686018746291488 ], [ 176.169347464644972, -37.686015825875145 ], [ 176.169361093254537, -37.685943788938829 ], [ 176.169380887187486, -37.68594800731799 ] ] ] ] } },
{ "type": "Feature", "properties": { "id": null }, "geometry": { "type": "MultiPolygon", "coordinates": [ [ [ [ 176.169389323945865, -37.685804906917454 ], [ 176.169408793388101, -37.685808151824496 ], [ 176.169401005611206, -37.685859421355751 ], [ 176.169373748392047, -37.68585747441152 ], [ 176.169389323945865, -37.685804906917454 ] ] ] ] } },
{ "type": "Feature", "properties": { "id": null }, "geometry": { "type": "MultiPolygon", "coordinates": [ [ [ [ 176.169498352822359, -37.685819184508432 ], [ 176.169508087543477, -37.685767590486478 ], [ 176.16952982842065, -37.685769861921408 ], [ 176.169520418190245, -37.685821780434068 ], [ 176.169498352822359, -37.685819184508432 ] ] ] ] } },
{ "type": "Feature", "properties": { "id": null }, "geometry": { "type": "MultiPolygon", "coordinates": [ [ [ [ 176.169408793388016, -37.685806529370971 ], [ 176.169387701492241, -37.685803608954636 ], [ 176.169397760704072, -37.685751365951269 ], [ 176.169418852599847, -37.685756557802534 ], [ 176.169408793388016, -37.685806529370971 ] ] ] ] } },
{ "type": "Feature", "properties": { "id": null }, "geometry": { "type": "MultiPolygon", "coordinates": [ [ [ [ 176.169419501581245, -37.685753312895493 ], [ 176.16939516477845, -37.685747472062822 ], [ 176.169407819915904, -37.685690686189602 ], [ 176.169431183246616, -37.685696202531567 ], [ 176.169419501581245, -37.685753312895493 ] ] ] ] } },
{ "type": "Feature", "properties": { "id": null }, "geometry": { "type": "MultiPolygon", "coordinates": [ [ [ [ 176.169509385506302, -37.685764345579436 ], [ 176.169519444718134, -37.685707559706216 ], [ 176.169540212123195, -37.685711129103957 ], [ 176.169531126383475, -37.68576856395859 ], [ 176.169509385506302, -37.685764345579436 ] ] ] ] } },
{ "type": "Feature", "properties": { "id": null }, "geometry": { "type": "MultiPolygon", "coordinates": [ [ [ [ 176.169452275142419, -37.685472952927135 ], [ 176.169472069075368, -37.685476846815583 ], [ 176.169461036391425, -37.685538175558662 ], [ 176.169438971023538, -37.685535255142327 ], [ 176.169452275142419, -37.685472952927135 ] ] ] ] } },
{ "type": "Feature", "properties": { "id": null }, "geometry": { "type": "MultiPolygon", "coordinates": [ [ [ [ 176.169562601981823, -37.685495991767127 ], [ 176.169584667349682, -37.685499561164875 ], [ 176.169575257119277, -37.685555373565983 ], [ 176.169550920316453, -37.685551155186829 ], [ 176.169562601981823, -37.685495991767127 ] ] ] ] } },
{ "type": "Feature", "properties": { "id": null }, "geometry": { "type": "MultiPolygon", "coordinates": [ [ [ [ 176.169563575453935, -37.68549339584149 ], [ 176.169573310175053, -37.685444073254466 ], [ 176.169593753089401, -37.685447642652214 ], [ 176.16958369387757, -37.685497289729945 ], [ 176.169563575453935, -37.68549339584149 ] ] ] ] } },
{ "type": "Feature", "properties": { "id": null }, "geometry": { "type": "MultiPolygon", "coordinates": [ [ [ [ 176.169453897595929, -37.685470357001499 ], [ 176.16946136088211, -37.68542168339588 ], [ 176.169481479305773, -37.685423630340104 ], [ 176.169471420093942, -37.685473277417834 ], [ 176.169453897595929, -37.685470357001499 ] ] ] ] } },
{ "type": "Feature", "properties": { "id": null }, "geometry": { "type": "MultiPolygon", "coordinates": [ [ [ [ 176.169572661193655, -37.685440828347417 ], [ 176.169582720405486, -37.685387611871946 ], [ 176.169604136791946, -37.685393452704616 ], [ 176.169593104108003, -37.685444722235871 ], [ 176.169572661193655, -37.685440828347417 ] ] ] ] } },
{ "type": "Feature", "properties": { "id": null }, "geometry": { "type": "MultiPolygon", "coordinates": [ [ [ [ 176.16946395680776, -37.685419087470244 ], [ 176.16947304254748, -37.685374632243779 ], [ 176.169494783424653, -37.685377228169415 ], [ 176.169484724212822, -37.685424279321509 ], [ 176.16946395680776, -37.685419087470244 ] ] ] ] } },
{ "type": "Feature", "properties": { "id": null }, "geometry": { "type": "MultiPolygon", "coordinates": [ [ [ [ 176.169599918412814, -37.685315250444923 ], [ 176.16962036132719, -37.685319793314783 ], [ 176.169609004152534, -37.685363599559842 ], [ 176.169589534710298, -37.685359705671388 ], [ 176.169599918412814, -37.685315250444923 ] ] ] ] } },
{ "type": "Feature", "properties": { "id": null }, "geometry": { "type": "MultiPolygon", "coordinates": [ [ [ [ 176.169612573550296, -37.685263980913675 ], [ 176.169633665446042, -37.685266252348605 ], [ 176.169621010308589, -37.685317521879853 ], [ 176.169600891884926, -37.685313952482112 ], [ 176.169612573550296, -37.685263980913675 ] ] ] ] } },
{ "type": "Feature", "properties": { "id": null }, "geometry": { "type": "MultiPolygon", "coordinates": [ [ [ [ 176.169490240554836, -37.685298376928309 ], [ 176.169510358978471, -37.685301297344651 ], [ 176.169498352822416, -37.685353215857312 ], [ 176.169478234398781, -37.685349646459564 ], [ 176.169490240554836, -37.685298376928309 ] ] ] ] } },
{ "type": "Feature", "properties": { "id": null }, "geometry": { "type": "MultiPolygon", "coordinates": [ [ [ [ 176.169489267082724, -37.685296105493386 ], [ 176.169502246710891, -37.685243862490019 ], [ 176.169522040643841, -37.685246458415648 ], [ 176.169510034487786, -37.685299025909721 ], [ 176.169489267082724, -37.685296105493386 ] ] ] ] } },
{ "type": "Feature", "properties": { "id": null }, "geometry": { "type": "MultiPolygon", "coordinates": [ [ [ [ 176.169612898040981, -37.685260736006633 ], [ 176.169624579706323, -37.685210764438196 ], [ 176.169645996092783, -37.685213035873126 ], [ 176.169634314427441, -37.685263980913675 ], [ 176.169612898040981, -37.685260736006633 ] ] ] ] } },
{ "type": "Feature", "properties": { "id": null }, "geometry": { "type": "MultiPolygon", "coordinates": [ [ [ [ 176.169589859200983, -37.685034890476565 ], [ 176.169568767305236, -37.685029374134594 ], [ 176.169585965312535, -37.684982647473198 ], [ 176.169605759245485, -37.684991084231505 ], [ 176.169589859200983, -37.685034890476565 ] ] ] ] } },
{ "type": "Feature", "properties": { "id": null }, "geometry": { "type": "MultiPolygon", "coordinates": [ [ [ [ 176.169587587766074, -37.684981025019681 ], [ 176.169606408226912, -37.684925212618573 ], [ 176.169628798085483, -37.684928457525615 ], [ 176.169606408226912, -37.684984918908128 ], [ 176.169587587766074, -37.684981025019681 ] ] ] ] } },
{ "type": "Feature", "properties": { "id": null }, "geometry": { "type": "MultiPolygon", "coordinates": [ [ [ [ 176.169608355171135, -37.684921318730119 ], [ 176.169624904197036, -37.684873618596612 ], [ 176.169643724657874, -37.684878161466472 ], [ 176.169626526650546, -37.684927159562797 ], [ 176.169608355171135, -37.684921318730119 ] ] ] ] } },
{ "type": "Feature", "properties": { "id": null }, "geometry": { "type": "MultiPolygon", "coordinates": [ [ [ [ 176.169627500122658, -37.684871022670976 ], [ 176.169642426695049, -37.684821051102539 ], [ 176.169662220627998, -37.684825593972398 ], [ 176.169644373639272, -37.684876214522241 ], [ 176.169627500122658, -37.684871022670976 ] ] ] ] } },
{ "type": "Feature", "properties": { "id": null }, "geometry": { "type": "MultiPolygon", "coordinates": [ [ [ [ 176.169705702382345, -37.684702936486239 ], [ 176.16968720641222, -37.684752908054676 ], [ 176.169667087988557, -37.684749014166229 ], [ 176.169684934977283, -37.684697420144268 ], [ 176.169705702382345, -37.684702936486239 ] ] ] ] } },
{ "type": "Feature", "properties": { "id": null }, "geometry": { "type": "MultiPolygon", "coordinates": [ [ [ [ 176.16968720641222, -37.684694824218639 ], [ 176.16970700034517, -37.684646475103719 ], [ 176.169722251408245, -37.684650368992173 ], [ 176.169705702382345, -37.684699367088498 ], [ 176.16968720641222, -37.684694824218639 ] ] ] ] } },
{ "type": "Feature", "properties": { "id": null }, "geometry": { "type": "MultiPolygon", "coordinates": [ [ [ [ 176.170202822141135, -37.68522828693623 ], [ 176.1702222915834, -37.685230882861859 ], [ 176.170220993620575, -37.685283450355925 ], [ 176.170201524178339, -37.68528280137452 ], [ 176.170202822141135, -37.68522828693623 ] ] ] ] } },
{ "type": "Feature", "properties": { "id": null }, "geometry": { "type": "MultiPolygon", "coordinates": [ [ [ [ 176.168915243027072, -37.683158685225301 ], [ 176.168938606357784, -37.683158036243888 ], [ 176.168942500246231, -37.683209954756549 ], [ 176.168918487934121, -37.68321190170078 ], [ 176.168915243027072, -37.683158685225301 ] ] ] ] } },
{ "type": "Feature", "properties": { "id": null }, "geometry": { "type": "MultiPolygon", "coordinates": [ [ [ [ 176.168915243027072, -37.683156738281077 ], [ 176.168910051175828, -37.683104819768417 ], [ 176.168933414506512, -37.683105468749822 ], [ 176.168937957376386, -37.683154791336847 ], [ 176.168915243027072, -37.683156738281077 ] ] ] ] } },
{ "type": "Feature", "properties": { "id": null }, "geometry": { "type": "MultiPolygon", "coordinates": [ [ [ [ 176.168910051175828, -37.683102872824193 ], [ 176.168905508305954, -37.68305030533012 ], [ 176.168928871636666, -37.683049007367302 ], [ 176.168933414506512, -37.683102223842781 ], [ 176.168910051175828, -37.683102872824193 ] ] ] ] } },
{ "type": "Feature", "properties": { "id": null }, "geometry": { "type": "MultiPolygon", "coordinates": [ [ [ [ 176.16884061016512, -37.683100925879963 ], [ 176.168839961183721, -37.683046411441673 ], [ 176.168860728588783, -37.68304576246026 ], [ 176.16886462247723, -37.683098978935739 ], [ 176.16884061016512, -37.683100925879963 ] ] ] ] } },
{ "type": "Feature", "properties": { "id": null }, "geometry": { "type": "MultiPolygon", "coordinates": [ [ [ [ 176.168838663220896, -37.683043166534631 ], [ 176.168834769332449, -37.68299124802197 ], [ 176.168856834700335, -37.682991897003376 ], [ 176.168861377570209, -37.683041868571813 ], [ 176.168838663220896, -37.683043166534631 ] ] ] ] } },
{ "type": "Feature", "properties": { "id": null }, "geometry": { "type": "MultiPolygon", "coordinates": [ [ [ [ 176.168833471369652, -37.682989301077747 ], [ 176.168830875444002, -37.682938031546492 ], [ 176.168852940811888, -37.682937382565086 ], [ 176.168853589793287, -37.682988652096334 ], [ 176.168833471369652, -37.682989301077747 ] ] ] ] } },
{ "type": "Feature", "properties": { "id": null }, "geometry": { "type": "MultiPolygon", "coordinates": [ [ [ [ 176.168889283770739, -37.682891953866509 ], [ 176.168913945064276, -37.682891304885096 ], [ 176.168919785896946, -37.682941276453533 ], [ 176.168895773584836, -37.68294387237917 ], [ 176.168889283770739, -37.682891953866509 ] ] ] ] } },
{ "type": "Feature", "properties": { "id": null }, "geometry": { "type": "MultiPolygon", "coordinates": [ [ [ [ 176.168830226462603, -37.682936084602268 ], [ 176.168825683592729, -37.682883517108202 ], [ 176.168847099979217, -37.682883517108202 ], [ 176.168851642849063, -37.682936084602268 ], [ 176.168830226462603, -37.682936084602268 ] ] ] ] } },
{ "type": "Feature", "properties": { "id": null }, "geometry": { "type": "MultiPolygon", "coordinates": [ [ [ [ 176.168889932752109, -37.682888708959474 ], [ 176.168887336826486, -37.68284782313075 ], [ 176.168910051175772, -37.682845876186526 ], [ 176.16891329608282, -37.682888059978062 ], [ 176.168889932752109, -37.682888708959474 ] ] ] ] } },
{ "type": "Feature", "properties": { "id": null }, "geometry": { "type": "MultiPolygon", "coordinates": [ [ [ [ 176.168825034611302, -37.682881570163978 ], [ 176.168818544797205, -37.682829651651318 ], [ 176.168843206090713, -37.682828353688507 ], [ 176.168845802016364, -37.682880921182573 ], [ 176.168825034611302, -37.682881570163978 ] ] ] ] } },
{ "type": "Feature", "properties": { "id": null }, "geometry": { "type": "MultiPolygon", "coordinates": [ [ [ [ 176.16881984276003, -37.68282575776287 ], [ 176.168817895815806, -37.682777733138657 ], [ 176.168838663220868, -37.682775786194433 ], [ 176.168841908127916, -37.682826406744283 ], [ 176.16881984276003, -37.68282575776287 ] ] ] ] } },
{ "type": "Feature", "properties": { "id": null }, "geometry": { "type": "MultiPolygon", "coordinates": [ [ [ [ 176.168817895815806, -37.682774488231622 ], [ 176.168812054983135, -37.682720622774731 ], [ 176.168834120350994, -37.68271932481192 ], [ 176.168837365258042, -37.68277383925021 ], [ 176.168817895815806, -37.682774488231622 ] ] ] ] } },
{ "type": "Feature", "properties": { "id": null }, "geometry": { "type": "MultiPolygon", "coordinates": [ [ [ [ 176.168809134566771, -37.68266870426207 ], [ 176.168827630536924, -37.682666108336441 ], [ 176.168832822388168, -37.682719649302619 ], [ 176.168812703964534, -37.682720622774731 ], [ 176.168809134566771, -37.68266870426207 ] ] ] ] } },
{ "type": "Feature", "properties": { "id": null }, "geometry": { "type": "MultiPolygon", "coordinates": [ [ [ [ 176.168808485585373, -37.682666757317847 ], [ 176.168804916187639, -37.682618408202934 ], [ 176.168824061139162, -37.682617110240116 ], [ 176.168828604009036, -37.682665783845735 ], [ 176.168808485585373, -37.682666757317847 ] ] ] ] } },
{ "type": "Feature", "properties": { "id": null }, "geometry": { "type": "MultiPolygon", "coordinates": [ [ [ [ 176.16882308766705, -37.682615163295893 ], [ 176.168803293734101, -37.682619057184347 ], [ 176.168799399845653, -37.68256454274605 ], [ 176.168818869287918, -37.682561622329715 ], [ 176.16882308766705, -37.682615163295893 ] ] ] ] } },
{ "type": "Feature", "properties": { "id": null }, "geometry": { "type": "MultiPolygon", "coordinates": [ [ [ [ 176.168800373317765, -37.682563893764645 ], [ 176.168794856975808, -37.682521060991697 ], [ 176.168815624380869, -37.682519114047473 ], [ 176.168820816232142, -37.68256227131112 ], [ 176.168800373317765, -37.682563893764645 ] ] ] ] } },
{ "type": "Feature", "properties": { "id": null }, "geometry": { "type": "MultiPolygon", "coordinates": [ [ [ [ 176.168857483681677, -37.682450970999611 ], [ 176.168876953123913, -37.68245129549031 ], [ 176.168882469465899, -37.682502565021565 ], [ 176.168861053079411, -37.682503538493677 ], [ 176.168857483681677, -37.682450970999611 ] ] ] ] } },
{ "type": "Feature", "properties": { "id": null }, "geometry": { "type": "MultiPolygon", "coordinates": [ [ [ [ 176.168794207994353, -37.682498995623817 ], [ 176.168789665124507, -37.682446752620457 ], [ 176.168809134566743, -37.682444481185527 ], [ 176.168814650908729, -37.682498022151705 ], [ 176.168794207994353, -37.682498995623817 ] ] ] ] } },
{ "type": "Feature", "properties": { "id": null }, "geometry": { "type": "MultiPolygon", "coordinates": [ [ [ [ 176.168972028900214, -37.682245892874597 ], [ 176.169026543338532, -37.682240701023332 ], [ 176.169029463754867, -37.682260494956282 ], [ 176.168973002372326, -37.682265362316848 ], [ 176.168972028900214, -37.682245892874597 ] ] ] ] } },
{ "type": "Feature", "properties": { "id": null }, "geometry": { "type": "MultiPolygon", "coordinates": [ [ [ [ 176.169028814773441, -37.68224199898615 ], [ 176.169083978193157, -37.68223972755122 ], [ 176.169087872081604, -37.682258223521352 ], [ 176.169030112736266, -37.682262766391212 ], [ 176.169028814773441, -37.68224199898615 ] ] ] ] } },
{ "type": "Feature", "properties": { "id": null }, "geometry": { "type": "MultiPolygon", "coordinates": [ [ [ [ 176.169086898609493, -37.682241025514038 ], [ 176.16914530693623, -37.682235509172067 ], [ 176.16914952531539, -37.682256601067834 ], [ 176.169087223100178, -37.682260170465582 ], [ 176.169086898609493, -37.682241025514038 ] ] ] ] } },
{ "type": "Feature", "properties": { "id": null }, "geometry": { "type": "MultiPolygon", "coordinates": [ [ [ [ 176.168985333019094, -37.682325393097109 ], [ 176.169014861673162, -37.682327015550626 ], [ 176.168990200379653, -37.682367252397938 ], [ 176.16895775130925, -37.682371146286393 ], [ 176.168985333019094, -37.682325393097109 ] ] ] ] } },
{ "type": "Feature", "properties": { "id": null }, "geometry": { "type": "MultiPolygon", "coordinates": [ [ [ [ 176.169019404543036, -37.682327340041333 ], [ 176.169045039308656, -37.682327989022745 ], [ 176.169024920884993, -37.682362060546673 ], [ 176.168993445286702, -37.682366278925826 ], [ 176.169019404543036, -37.682327340041333 ] ] ] ] } },
{ "type": "Feature", "properties": { "id": null }, "geometry": { "type": "MultiPolygon", "coordinates": [ [ [ [ 176.169050555650614, -37.682327989022745 ], [ 176.169077812869773, -37.682326042078515 ], [ 176.169050231159929, -37.682360762583862 ], [ 176.169028490282756, -37.682362709528086 ], [ 176.169050555650614, -37.682327989022745 ] ] ] ] } },
{ "type": "Feature", "properties": { "id": null }, "geometry": { "type": "MultiPolygon", "coordinates": [ [ [ [ 176.169082680230332, -37.682325393097109 ], [ 176.169110910921603, -37.682324744115704 ], [ 176.169086898609493, -37.682360113602449 ], [ 176.169055747501886, -37.682362385037379 ], [ 176.169082680230332, -37.682325393097109 ] ] ] ] } },
{ "type": "Feature", "properties": { "id": null }, "geometry": { "type": "MultiPolygon", "coordinates": [ [ [ [ 176.169115129300735, -37.682324744115704 ], [ 176.169143684482719, -37.682321499208662 ], [ 176.169121943605546, -37.682356219714002 ], [ 176.169092739442164, -37.682358166658226 ], [ 176.169115129300735, -37.682324744115704 ] ] ] ] } },
{ "type": "Feature", "properties": { "id": null }, "geometry": { "type": "MultiPolygon", "coordinates": [ [ [ [ 176.169148227352565, -37.682322797171473 ], [ 176.169176782534521, -37.682316956338802 ], [ 176.169149849806075, -37.682356219714002 ], [ 176.169125837493993, -37.682357193186114 ], [ 176.169148227352565, -37.682322797171473 ] ] ] ] } },
{ "type": "Feature", "properties": { "id": null }, "geometry": { "type": "MultiPolygon", "coordinates": [ [ [ [ 176.169178729478773, -37.682319552264431 ], [ 176.169206960170015, -37.682319227773725 ], [ 176.16918262336722, -37.682356544204701 ], [ 176.169156339620173, -37.682357193186107 ], [ 176.169178729478773, -37.682319552264431 ] ] ] ] } },
{ "type": "Feature", "properties": { "id": null }, "geometry": { "type": "MultiPolygon", "coordinates": [ [ [ [ 176.169212801002686, -37.682320850227249 ], [ 176.169239409240447, -37.682318578792319 ], [ 176.169216370400449, -37.68235102786273 ], [ 176.169187490727779, -37.682355570732589 ], [ 176.169212801002686, -37.682320850227249 ] ] ] ] } },
{ "type": "Feature", "properties": { "id": null }, "geometry": { "type": "MultiPolygon", "coordinates": [ [ [ [ 176.169243627619579, -37.682318254301613 ], [ 176.169272182801564, -37.682315333885278 ], [ 176.169247197017341, -37.682350378881324 ], [ 176.169221562251693, -37.682351676844142 ], [ 176.169243627619579, -37.682318254301613 ] ] ] ] } },
{ "type": "Feature", "properties": { "id": null }, "geometry": { "type": "MultiPolygon", "coordinates": [ [ [ [ 176.169276725671409, -37.682315982866683 ], [ 176.16930495636268, -37.682312737959641 ], [ 176.169282890994793, -37.682346484992877 ], [ 176.169251415396474, -37.682349729899919 ], [ 176.169276725671409, -37.682315982866683 ] ] ] ] } },
{ "type": "Feature", "properties": { "id": null }, "geometry": { "type": "MultiPolygon", "coordinates": [ [ [ [ 176.169310472704638, -37.68231371143176 ], [ 176.16933967686802, -37.682310466524719 ], [ 176.169314691083798, -37.682345836011464 ], [ 176.169286460392527, -37.682347782955688 ], [ 176.169310472704638, -37.68231371143176 ] ] ] ] } },
{ "type": "Feature", "properties": { "id": null }, "geometry": { "type": "MultiPolygon", "coordinates": [ [ [ [ 176.169459089447116, -37.68229813587795 ], [ 176.16948667115696, -37.682299758331467 ], [ 176.169461685372738, -37.682337723743856 ], [ 176.169433130190782, -37.682340319669485 ], [ 176.169459089447116, -37.68229813587795 ] ] ] ] } },
{ "type": "Feature", "properties": { "id": null }, "geometry": { "type": "MultiPolygon", "coordinates": [ [ [ [ 176.169491863008233, -37.682301705275698 ], [ 176.169520093699504, -37.682299109350062 ], [ 176.169496081387393, -37.682336101290332 ], [ 176.169466228242612, -37.682338697215968 ], [ 176.169491863008233, -37.682301705275698 ] ] ] ] } },
{ "type": "Feature", "properties": { "id": null }, "geometry": { "type": "MultiPolygon", "coordinates": [ [ [ [ 176.169523987587951, -37.682300082822174 ], [ 176.169551244807082, -37.682294890970908 ], [ 176.169526908004286, -37.68233512781822 ], [ 176.16949835282233, -37.682336101290332 ], [ 176.169523987587951, -37.682300082822174 ] ] ] ] } },
{ "type": "Feature", "properties": { "id": null }, "geometry": { "type": "MultiPolygon", "coordinates": [ [ [ [ 176.169556112167641, -37.682296837915132 ], [ 176.169588561238072, -37.682295215461615 ], [ 176.169558708093291, -37.682334803327514 ], [ 176.169530801892734, -37.682335452308926 ], [ 176.169556112167641, -37.682296837915132 ] ] ] ] } },
{ "type": "Feature", "properties": { "id": null }, "geometry": { "type": "MultiPolygon", "coordinates": [ [ [ [ 176.168709191429798, -37.682125831314053 ], [ 176.168731256797685, -37.682125831314053 ], [ 176.168737097630355, -37.68217126001263 ], [ 176.168713734299644, -37.68217580288249 ], [ 176.168709191429798, -37.682125831314053 ] ] ] ] } },
{ "type": "Feature", "properties": { "id": null }, "geometry": { "type": "MultiPolygon", "coordinates": [ [ [ [ 176.168707244485574, -37.682119990481382 ], [ 176.168701403652904, -37.682074561782805 ], [ 176.168724766983587, -37.682073263819987 ], [ 176.168732554760481, -37.682121937425606 ], [ 176.168707244485574, -37.682119990481382 ] ] ] ] } },
{ "type": "Feature", "properties": { "id": null }, "geometry": { "type": "MultiPolygon", "coordinates": [ [ [ [ 176.168704648559952, -37.682071316875764 ], [ 176.168698807727253, -37.682019398363103 ], [ 176.168719575132343, -37.682018100400285 ], [ 176.168726713927811, -37.682070018912945 ], [ 176.168704648559952, -37.682071316875764 ] ] ] ] } },
{ "type": "Feature", "properties": { "id": null }, "geometry": { "type": "MultiPolygon", "coordinates": [ [ [ [ 176.168700105690078, -37.682017451418879 ], [ 176.168693615876009, -37.681964883924806 ], [ 176.168715032262469, -37.681964234943401 ], [ 176.168720224113741, -37.682016153456061 ], [ 176.168700105690078, -37.682017451418879 ] ] ] ] } },
{ "type": "Feature", "properties": { "id": null }, "geometry": { "type": "MultiPolygon", "coordinates": [ [ [ [ 176.168691668931785, -37.68191231643074 ], [ 176.168710489392623, -37.681911667449334 ], [ 176.16871438328107, -37.681961639017764 ], [ 176.168692966894611, -37.681963585961995 ], [ 176.168691668931785, -37.68191231643074 ] ] ] ] } },
{ "type": "Feature", "properties": { "id": null }, "geometry": { "type": "MultiPolygon", "coordinates": [ [ [ [ 176.168689073006163, -37.68185780199245 ], [ 176.168706595504176, -37.68185780199245 ], [ 176.168709191429798, -37.681909071523698 ], [ 176.168691668931785, -37.681911018467922 ], [ 176.168689073006163, -37.68185780199245 ] ] ] ] } },
{ "type": "Feature", "properties": { "id": null }, "geometry": { "type": "MultiPolygon", "coordinates": [ [ [ [ 176.168807187622463, -37.68189025106286 ], [ 176.168802644752589, -37.68182924681048 ], [ 176.16882341215765, -37.681827948847669 ], [ 176.168829901971748, -37.681888953100042 ], [ 176.168807187622463, -37.68189025106286 ] ] ] ] } },
{ "type": "Feature", "properties": { "id": null }, "geometry": { "type": "MultiPolygon", "coordinates": [ [ [ [ 176.168797452901259, -37.6817682425581 ], [ 176.168818220306321, -37.6817682425581 ], [ 176.168822763176195, -37.681825352922026 ], [ 176.168801995771133, -37.681828597829067 ], [ 176.168797452901259, -37.6817682425581 ] ] ] ] } },
{ "type": "Feature", "properties": { "id": null }, "geometry": { "type": "MultiPolygon", "coordinates": [ [ [ [ 176.168920759368802, -37.681474253980149 ], [ 176.168896098075294, -37.681516437771691 ], [ 176.168864297986289, -37.681519682678726 ], [ 176.168892204186847, -37.68147522745226 ], [ 176.168920759368802, -37.681474253980149 ] ] ] ] } },
{ "type": "Feature", "properties": { "id": null }, "geometry": { "type": "MultiPolygon", "coordinates": [ [ [ [ 176.168923679785138, -37.68147522745226 ], [ 176.168953208439206, -37.681471982545219 ], [ 176.168927898164299, -37.68151449082746 ], [ 176.168899342982343, -37.68151676226239 ], [ 176.168923679785138, -37.68147522745226 ] ] ] ] } },
{ "type": "Feature", "properties": { "id": null }, "geometry": { "type": "MultiPolygon", "coordinates": [ [ [ [ 176.168958075799793, -37.681472956017338 ], [ 176.168984359546812, -37.681471009073107 ], [ 176.168961645197527, -37.68151221939253 ], [ 176.168931143071347, -37.681515464299572 ], [ 176.168958075799793, -37.681472956017338 ] ] ] ] } },
{ "type": "Feature", "properties": { "id": null }, "geometry": { "type": "MultiPolygon", "coordinates": [ [ [ [ 176.168989551398084, -37.681471658054519 ], [ 176.169017133107928, -37.681470035600995 ], [ 176.168995392230755, -37.68151221939253 ], [ 176.168965863576688, -37.681513517355349 ], [ 176.168989551398084, -37.681471658054519 ] ] ] ] } },
{ "type": "Feature", "properties": { "id": null }, "geometry": { "type": "MultiPolygon", "coordinates": [ [ [ [ 176.169021675977802, -37.681468413147478 ], [ 176.169050231159758, -37.681467439675366 ], [ 176.169025894356935, -37.681509947957608 ], [ 176.168999935100601, -37.681511570411125 ], [ 176.169021675977802, -37.681468413147478 ] ] ] ] } },
{ "type": "Feature", "properties": { "id": null }, "geometry": { "type": "MultiPolygon", "coordinates": [ [ [ [ 176.169054449538919, -37.681467764166072 ], [ 176.169083004720875, -37.681465817221849 ], [ 176.169059641390191, -37.681508001013384 ], [ 176.169031086208236, -37.681509623466901 ], [ 176.169054449538919, -37.681467764166072 ] ] ] ] } },
{ "type": "Feature", "properties": { "id": null }, "geometry": { "type": "MultiPolygon", "coordinates": [ [ [ [ 176.169087872081462, -37.68146679069396 ], [ 176.169116102772705, -37.681464519259031 ], [ 176.169091116988483, -37.68150605406916 ], [ 176.169063535278639, -37.68150832550409 ], [ 176.169087872081462, -37.68146679069396 ] ] ] ] } },
{ "type": "Feature", "properties": { "id": null }, "geometry": { "type": "MultiPolygon", "coordinates": [ [ [ [ 176.168931467562004, -37.681610215585181 ], [ 176.168997014684237, -37.681606970678139 ], [ 176.169000908572684, -37.681625466648278 ], [ 176.168933090015514, -37.681629685027431 ], [ 176.168931467562004, -37.681610215585181 ] ] ] ] } },
{ "type": "Feature", "properties": { "id": null }, "geometry": { "type": "MultiPolygon", "coordinates": [ [ [ [ 176.169000908572684, -37.681607944150251 ], [ 176.169065482222805, -37.681604050261804 ], [ 176.169069051620568, -37.681622546231935 ], [ 176.169001557554083, -37.681627089101795 ], [ 176.169000908572684, -37.681607944150251 ] ] ] ] } },
{ "type": "Feature", "properties": { "id": null }, "geometry": { "type": "MultiPolygon", "coordinates": [ [ [ [ 176.169069700601966, -37.681604699243209 ], [ 176.169133625270689, -37.681601778826874 ], [ 176.169136545687024, -37.681620923778418 ], [ 176.169070349583365, -37.68162416868546 ], [ 176.169069700601966, -37.681604699243209 ] ] ] ] } },
{ "type": "Feature", "properties": { "id": null }, "geometry": { "type": "MultiPolygon", "coordinates": [ [ [ [ 176.169135896705569, -37.681601454336167 ], [ 176.16920047035569, -37.681597884938419 ], [ 176.169203390772026, -37.681615731927153 ], [ 176.169137843649793, -37.681621572759823 ], [ 176.169135896705569, -37.681601454336167 ] ] ] ] } },
{ "type": "Feature", "properties": { "id": null }, "geometry": { "type": "MultiPolygon", "coordinates": [ [ [ [ 176.169205337716249, -37.681598533919832 ], [ 176.169268613403545, -37.681596262484902 ], [ 176.16927315627342, -37.681614758455034 ], [ 176.169206311188361, -37.681618652343488 ], [ 176.169205337716249, -37.681598533919832 ] ] ] ] } },
{ "type": "Feature", "properties": { "id": null }, "geometry": { "type": "MultiPolygon", "coordinates": [ [ [ [ 176.169241356184415, -37.681498266292252 ], [ 176.169267964422147, -37.681452513102968 ], [ 176.169295870622705, -37.681452513102968 ], [ 176.169269262384972, -37.681496319348028 ], [ 176.169241356184415, -37.681498266292252 ] ] ] ] } },
{ "type": "Feature", "properties": { "id": null }, "geometry": { "type": "MultiPolygon", "coordinates": [ [ [ [ 176.169274454236216, -37.68149502138521 ], [ 176.169300089001865, -37.681452837593675 ], [ 176.169329293165219, -37.681452513102968 ], [ 176.169301711455375, -37.681494372403805 ], [ 176.169274454236216, -37.68149502138521 ] ] ] ] } },
{ "type": "Feature", "properties": { "id": null }, "geometry": { "type": "MultiPolygon", "coordinates": [ [ [ [ 176.169273480764105, -37.681596911466308 ], [ 176.169336107470002, -37.681592693087154 ], [ 176.169339027886338, -37.68161054007588 ], [ 176.16927477872693, -37.681614433964327 ], [ 176.169273480764105, -37.681596911466308 ] ] ] ] } },
{ "type": "Feature", "properties": { "id": null }, "geometry": { "type": "MultiPolygon", "coordinates": [ [ [ [ 176.169340001358449, -37.68159334206856 ], [ 176.169403926027172, -37.681589772670819 ], [ 176.169406521952794, -37.681608917622363 ], [ 176.169341948302673, -37.68161054007588 ], [ 176.169340001358449, -37.68159334206856 ] ] ] ] } },
{ "type": "Feature", "properties": { "id": null }, "geometry": { "type": "MultiPolygon", "coordinates": [ [ [ [ 176.169408144406333, -37.681588799198707 ], [ 176.169470771112231, -37.681586852254483 ], [ 176.169473367037853, -37.681605023733916 ], [ 176.169408468897046, -37.681607619659545 ], [ 176.169408144406333, -37.681588799198707 ] ] ] ] } },
{ "type": "Feature", "properties": { "id": null }, "geometry": { "type": "MultiPolygon", "coordinates": [ [ [ [ 176.169476287454188, -37.681585229800959 ], [ 176.169539887632197, -37.68158263387533 ], [ 176.169540212122911, -37.681599831882643 ], [ 176.169475962963503, -37.681604699243209 ], [ 176.169476287454188, -37.681585229800959 ] ] ] ] } },
{ "type": "Feature", "properties": { "id": null }, "geometry": { "type": "MultiPolygon", "coordinates": [ [ [ [ 176.169544754992756, -37.681582309384623 ], [ 176.169616467438374, -37.681576144061246 ], [ 176.169616791929087, -37.681596586975601 ], [ 176.169544754992756, -37.681601454336167 ], [ 176.169544754992756, -37.681582309384623 ] ] ] ] } },
{ "type": "Feature", "properties": { "id": null }, "geometry": { "type": "MultiPolygon", "coordinates": [ [ [ [ 176.169989956238794, -37.681355814873136 ], [ 176.170030842067519, -37.681392806813406 ], [ 176.17003019308612, -37.681425904865229 ], [ 176.169987360313172, -37.681385019036505 ], [ 176.169989956238794, -37.681355814873136 ] ] ] ] } },
{ "type": "Feature", "properties": { "id": null }, "geometry": { "type": "MultiPolygon", "coordinates": [ [ [ [ 176.169995148090067, -37.681322067839908 ], [ 176.170034086974567, -37.681361006724401 ], [ 176.170032789011742, -37.681388912924952 ], [ 176.169993850127241, -37.681354516910318 ], [ 176.169995148090067, -37.681322067839908 ] ] ] ] } },
{ "type": "Feature", "properties": { "id": null }, "geometry": { "type": "MultiPolygon", "coordinates": [ [ [ [ 176.170000339941339, -37.681287022843861 ], [ 176.170038629844413, -37.681329206635397 ], [ 176.170034086974567, -37.681354516910318 ], [ 176.16999709503429, -37.681322067839908 ], [ 176.170000339941339, -37.681287022843861 ] ] ] ] } },
{ "type": "Feature", "properties": { "id": null }, "geometry": { "type": "MultiPolygon", "coordinates": [ [ [ [ 176.170005531792583, -37.68126171256894 ], [ 176.170043172714287, -37.681298055527797 ], [ 176.170039927807238, -37.681325312746949 ], [ 176.170000339941339, -37.68128961876949 ], [ 176.170005531792583, -37.68126171256894 ] ] ] ] } },
{ "type": "Feature", "properties": { "id": null }, "geometry": { "type": "MultiPolygon", "coordinates": [ [ [ [ 176.170008776699632, -37.681227316554299 ], [ 176.170043821695685, -37.681264308494569 ], [ 176.170041225770063, -37.681290916732308 ], [ 176.170006829755408, -37.681258467661898 ], [ 176.170008776699632, -37.681227316554299 ] ] ] ] } },
{ "type": "Feature", "properties": { "id": null }, "geometry": { "type": "MultiPolygon", "coordinates": [ [ [ [ 176.170013319569506, -37.681196814428112 ], [ 176.170045768639909, -37.681232508405564 ], [ 176.17004252373286, -37.681259765624709 ], [ 176.170011372625282, -37.681226667572894 ], [ 176.170013319569506, -37.681196814428112 ] ] ] ] } },
{ "type": "Feature", "properties": { "id": null }, "geometry": { "type": "MultiPolygon", "coordinates": [ [ [ [ 176.169871841622495, -37.681297406546392 ], [ 176.169895853934605, -37.681300002472021 ], [ 176.169886119213487, -37.681354516910318 ], [ 176.169863404864202, -37.681348027096234 ], [ 176.169871841622495, -37.681297406546392 ] ] ] ] } },
{ "type": "Feature", "properties": { "id": null }, "geometry": { "type": "MultiPolygon", "coordinates": [ [ [ [ 176.169872490603893, -37.681293512657945 ], [ 176.169878331436564, -37.681244190070913 ], [ 176.169902992730101, -37.681246785996549 ], [ 176.169895853934605, -37.681297406546392 ], [ 176.169872490603893, -37.681293512657945 ] ] ] ] } },
{ "type": "Feature", "properties": { "id": null }, "geometry": { "type": "MultiPolygon", "coordinates": [ [ [ [ 176.169886768194885, -37.681189026651211 ], [ 176.169911429488394, -37.681192271558253 ], [ 176.1699036417115, -37.681242892108095 ], [ 176.169877682455166, -37.681242892108095 ], [ 176.169886768194885, -37.681189026651211 ] ] ] ] } },
{ "type": "Feature", "properties": { "id": null }, "geometry": { "type": "MultiPolygon", "coordinates": [ [ [ [ 176.169895204953207, -37.68113710813855 ], [ 176.169919217265289, -37.681139055082774 ], [ 176.169910131525569, -37.681190973595434 ], [ 176.169886768194885, -37.681188377669805 ], [ 176.169895204953207, -37.68113710813855 ] ] ] ] } },
{ "type": "Feature", "properties": { "id": null }, "geometry": { "type": "MultiPolygon", "coordinates": [ [ [ [ 176.169901045785849, -37.681082593700268 ], [ 176.169926356060785, -37.681084540644491 ], [ 176.169919866246715, -37.681135810175739 ], [ 176.169893906990382, -37.68113321425011 ], [ 176.169901045785849, -37.681082593700268 ] ] ] ] } },
{ "type": "Feature", "properties": { "id": null }, "geometry": { "type": "MultiPolygon", "coordinates": [ [ [ [ 176.169540861104281, -37.680854801225969 ], [ 176.169603812300892, -37.680851556318927 ], [ 176.169603812300892, -37.680870376779765 ], [ 176.169540212122882, -37.680873621686807 ], [ 176.169540861104281, -37.680854801225969 ] ] ] ] } },
{ "type": "Feature", "properties": { "id": null }, "geometry": { "type": "MultiPolygon", "coordinates": [ [ [ [ 176.169681690069865, -37.680848960393291 ], [ 176.16974918413635, -37.680844417523438 ], [ 176.169753727006196, -37.680865833909905 ], [ 176.169681690069865, -37.680867131872724 ], [ 176.169681690069865, -37.680848960393291 ] ] ] ] } },
{ "type": "Feature", "properties": { "id": null }, "geometry": { "type": "MultiPolygon", "coordinates": [ [ [ [ 176.169753078024797, -37.680846364467662 ], [ 176.169811486351534, -37.680840523634984 ], [ 176.169812784314331, -37.680859344095822 ], [ 176.169753727006196, -37.680865833909905 ], [ 176.169753078024797, -37.680846364467662 ] ] ] ] } },
{ "type": "Feature", "properties": { "id": null }, "geometry": { "type": "MultiPolygon", "coordinates": [ [ [ [ 176.169470771112202, -37.680812617434434 ], [ 176.169500624256983, -37.680771731605709 ], [ 176.169533073327386, -37.68076913568008 ], [ 176.169508412033878, -37.680807425583161 ], [ 176.169470771112202, -37.680812617434434 ] ] ] ] } },
{ "type": "Feature", "properties": { "id": null }, "geometry": { "type": "MultiPolygon", "coordinates": [ [ [ [ 176.169537616197232, -37.680770433642891 ], [ 176.169565522397789, -37.68076718873585 ], [ 176.169540861104281, -37.680806776601756 ], [ 176.169512954903723, -37.680809372527392 ], [ 176.169537616197232, -37.680770433642891 ] ] ] ] } },
{ "type": "Feature", "properties": { "id": null }, "geometry": { "type": "MultiPolygon", "coordinates": [ [ [ [ 176.169572012211887, -37.680768486698668 ], [ 176.169596024523997, -37.680765890773039 ], [ 176.169573310174712, -37.680804180676127 ], [ 176.169546052955553, -37.680805478638938 ], [ 176.169572012211887, -37.680768486698668 ] ] ] ] } },
{ "type": "Feature", "properties": { "id": null }, "geometry": { "type": "MultiPolygon", "coordinates": [ [ [ [ 176.169600567393843, -37.680765890773039 ], [ 176.169624579705953, -37.680763943828815 ], [ 176.169600567393843, -37.680804180676127 ], [ 176.169574608137509, -37.680806776601756 ], [ 176.169600567393843, -37.680765890773039 ] ] ] ] } },
{ "type": "Feature", "properties": { "id": null }, "geometry": { "type": "MultiPolygon", "coordinates": [ [ [ [ 176.1696284735944, -37.680766539754444 ], [ 176.169657677757783, -37.680763943828815 ], [ 176.169632367482848, -37.680800286787672 ], [ 176.169606408226514, -37.680803531694714 ], [ 176.1696284735944, -37.680766539754444 ] ] ] ] } },
{ "type": "Feature", "properties": { "id": null }, "geometry": { "type": "MultiPolygon", "coordinates": [ [ [ [ 176.169662220627629, -37.68076459281022 ], [ 176.169690126828186, -37.680759400958955 ], [ 176.169665465534678, -37.68080158475049 ], [ 176.169638857296945, -37.680803531694714 ], [ 176.169662220627629, -37.68076459281022 ] ] ] ] } },
{ "type": "Feature", "properties": { "id": null }, "geometry": { "type": "MultiPolygon", "coordinates": [ [ [ [ 176.169695967660857, -37.680761996884584 ], [ 176.169716735065919, -37.680762645865997 ], [ 176.169695967660857, -37.680798339843449 ], [ 176.16967065738595, -37.680802233731896 ], [ 176.169695967660857, -37.680761996884584 ] ] ] ] } },
{ "type": "Feature", "properties": { "id": null }, "geometry": { "type": "MultiPolygon", "coordinates": [ [ [ [ 176.169723224880016, -37.680763294847402 ], [ 176.169749833117748, -37.680762645865997 ], [ 176.169727118768463, -37.680797041880631 ], [ 176.169703106456353, -37.680797690862043 ], [ 176.169723224880016, -37.680763294847402 ] ] ] ] } },
{ "type": "Feature", "properties": { "id": null }, "geometry": { "type": "MultiPolygon", "coordinates": [ [ [ [ 176.169755024969021, -37.680759400958955 ], [ 176.169779037281103, -37.680758102996137 ], [ 176.16976151478309, -37.680794445955001 ], [ 176.169732959601134, -37.680797041880631 ], [ 176.169755024969021, -37.680759400958955 ] ] ] ] } },
{ "type": "Feature", "properties": { "id": null }, "geometry": { "type": "MultiPolygon", "coordinates": [ [ [ [ 176.1697855270952, -37.680758751977542 ], [ 176.169814082277156, -37.680758102996137 ], [ 176.169790069965046, -37.680796392899225 ], [ 176.169765408671537, -37.680797690862043 ], [ 176.1697855270952, -37.680758751977542 ] ] ] ] } },
{ "type": "Feature", "properties": { "id": null }, "geometry": { "type": "MultiPolygon", "coordinates": [ [ [ [ 176.16875818952596, -37.68133407399597 ], [ 176.168754295637513, -37.681287671825281 ], [ 176.168775712024001, -37.681286373862463 ], [ 176.168778632440336, -37.681333100523858 ], [ 176.16875818952596, -37.68133407399597 ] ] ] ] } },
{ "type": "Feature", "properties": { "id": null }, "geometry": { "type": "MultiPolygon", "coordinates": [ [ [ [ 176.168750401749037, -37.681234130859103 ], [ 176.16877214262621, -37.681232832896285 ], [ 176.168776036514657, -37.681283128955421 ], [ 176.168753971146771, -37.681284102427533 ], [ 176.168750401749037, -37.681234130859103 ] ] ] ] } },
{ "type": "Feature", "properties": { "id": null }, "geometry": { "type": "MultiPolygon", "coordinates": [ [ [ [ 176.168630664679199, -37.681241918635997 ], [ 176.168627744262864, -37.681189675632631 ], [ 176.168649160649323, -37.681187404197708 ], [ 176.168654028009911, -37.681240620673179 ], [ 176.168630664679199, -37.681241918635997 ] ] ] ] } },
{ "type": "Feature", "properties": { "id": null }, "geometry": { "type": "MultiPolygon", "coordinates": [ [ [ [ 176.168621903430193, -37.681133538740823 ], [ 176.168642995325968, -37.681133538740823 ], [ 176.168646889214415, -37.68118610623489 ], [ 176.168626121809353, -37.681187079707001 ], [ 176.168621903430193, -37.681133538740823 ] ] ] ] } },
{ "type": "Feature", "properties": { "id": null }, "geometry": { "type": "MultiPolygon", "coordinates": [ [ [ [ 176.16862320139299, -37.681131916287299 ], [ 176.168618983013857, -37.681085838607316 ], [ 176.168639750418919, -37.681085189625904 ], [ 176.168642670835254, -37.6811315917966 ], [ 176.16862320139299, -37.681131916287299 ] ] ] ] } },
{ "type": "Feature", "properties": { "id": null }, "geometry": { "type": "MultiPolygon", "coordinates": [ [ [ [ 176.16861671157892, -37.681083567172386 ], [ 176.1686134666719, -37.681031324169027 ], [ 176.168634234076961, -37.681030350696908 ], [ 176.168639425928205, -37.681081944718869 ], [ 176.16861671157892, -37.681083567172386 ] ] ] ] } },
{ "type": "Feature", "properties": { "id": null }, "geometry": { "type": "MultiPolygon", "coordinates": [ [ [ [ 176.168614115653298, -37.681027754771279 ], [ 176.168608274820627, -37.680978432184254 ], [ 176.16862839324429, -37.680977134221436 ], [ 176.168632611623423, -37.681026781299167 ], [ 176.168614115653298, -37.681027754771279 ] ] ] ] } },
{ "type": "Feature", "properties": { "id": null }, "geometry": { "type": "MultiPolygon", "coordinates": [ [ [ [ 176.168731256797486, -37.681063124258024 ], [ 176.168753971146771, -37.681062150785912 ], [ 176.168761109942267, -37.681115691752098 ], [ 176.168734177213821, -37.681118612168433 ], [ 176.168731256797486, -37.681063124258024 ] ] ] ] } },
{ "type": "Feature", "properties": { "id": null }, "geometry": { "type": "MultiPolygon", "coordinates": [ [ [ [ 176.168732879250996, -37.681059879350983 ], [ 176.168729634343947, -37.681016397596629 ], [ 176.16875137522112, -37.681014450652405 ], [ 176.168754944618883, -37.681058581388172 ], [ 176.168732879250996, -37.681059879350983 ] ] ] ] } },
{ "type": "Feature", "properties": { "id": null }, "geometry": { "type": "MultiPolygon", "coordinates": [ [ [ [ 176.168727038418325, -37.680962856630451 ], [ 176.168746507860561, -37.680962856630451 ], [ 176.168750726239722, -37.681013801671 ], [ 176.168728985362549, -37.681014775143112 ], [ 176.168727038418325, -37.680962856630451 ] ] ] ] } },
{ "type": "Feature", "properties": { "id": null }, "geometry": { "type": "MultiPolygon", "coordinates": [ [ [ [ 176.168831524425059, -37.680893415619757 ], [ 176.168891555205306, -37.680890170712715 ], [ 176.168893826640243, -37.680911587099189 ], [ 176.168833146878569, -37.680914832006231 ], [ 176.168831524425059, -37.680893415619757 ] ] ] ] } },
{ "type": "Feature", "properties": { "id": null }, "geometry": { "type": "MultiPolygon", "coordinates": [ [ [ [ 176.168895773584467, -37.680890170712715 ], [ 176.168957751308966, -37.680887574787086 ], [ 176.168958075799679, -37.68090671973863 ], [ 176.168896422565894, -37.680911911589895 ], [ 176.168895773584467, -37.680890170712715 ] ] ] ] } },
{ "type": "Feature", "properties": { "id": null }, "geometry": { "type": "MultiPolygon", "coordinates": [ [ [ [ 176.168960347234588, -37.680885627842862 ], [ 176.169022000468374, -37.680883680898638 ], [ 176.169022973940486, -37.680903474831588 ], [ 176.16895969825319, -37.680906070757217 ], [ 176.168960347234588, -37.680885627842862 ] ] ] ] } },
{ "type": "Feature", "properties": { "id": null }, "geometry": { "type": "MultiPolygon", "coordinates": [ [ [ [ 176.169025245375423, -37.680883680898638 ], [ 176.169087223099922, -37.680879787010184 ], [ 176.169090143516257, -37.68089990543384 ], [ 176.16902751681036, -37.680902501359476 ], [ 176.169025245375423, -37.680883680898638 ] ] ] ] } },
{ "type": "Feature", "properties": { "id": null }, "geometry": { "type": "MultiPolygon", "coordinates": [ [ [ [ 176.168813028454935, -37.680852529791039 ], [ 176.168844828543939, -37.680806776601756 ], [ 176.168877602105056, -37.680803531694714 ], [ 176.168850020395183, -37.680851231828221 ], [ 176.168813028454935, -37.680852529791039 ] ] ] ] } },
{ "type": "Feature", "properties": { "id": null }, "geometry": { "type": "MultiPolygon", "coordinates": [ [ [ [ 176.1688827939563, -37.68080385618542 ], [ 176.168909077703347, -37.680802558222602 ], [ 176.168881495993503, -37.680850258356109 ], [ 176.168854563265057, -37.680851880809634 ], [ 176.1688827939563, -37.68080385618542 ] ] ] ] } },
{ "type": "Feature", "properties": { "id": null }, "geometry": { "type": "MultiPolygon", "coordinates": [ [ [ [ 176.168885714372635, -37.680849609374704 ], [ 176.168913620573193, -37.680804180676127 ], [ 176.168941202283065, -37.680802558222602 ], [ 176.168913296082508, -37.680847986921179 ], [ 176.168885714372635, -37.680849609374704 ] ] ] ] } },
{ "type": "Feature", "properties": { "id": null }, "geometry": { "type": "MultiPolygon", "coordinates": [ [ [ [ 176.169022324959087, -37.680842146088509 ], [ 176.169061588334301, -37.680796068408519 ], [ 176.169088196572034, -37.680795743917813 ], [ 176.169050555650358, -37.680840523634984 ], [ 176.169022324959087, -37.680842146088509 ] ] ] ] } },
{ "type": "Feature", "properties": { "id": null }, "geometry": { "type": "MultiPolygon", "coordinates": [ [ [ [ 176.169053476066694, -37.680840523634984 ], [ 176.169092739441879, -37.680795419427113 ], [ 176.16911934767964, -37.680793796973589 ], [ 176.169080733285853, -37.680838576690761 ], [ 176.169053476066694, -37.680840523634984 ] ] ] ] } },
{ "type": "Feature", "properties": { "id": null }, "geometry": { "type": "MultiPolygon", "coordinates": [ [ [ [ 176.169083004720761, -37.680839874653579 ], [ 176.169122917077374, -37.680793796973589 ], [ 176.169153094712868, -37.680792174520072 ], [ 176.169114480319081, -37.680836629746537 ], [ 176.169083004720761, -37.680839874653579 ] ] ] ] } },
{ "type": "Feature", "properties": { "id": null }, "geometry": { "type": "MultiPolygon", "coordinates": [ [ [ [ 176.169116102772591, -37.680835980765124 ], [ 176.169156015129204, -37.680790876557253 ], [ 176.169182623366936, -37.680790227575848 ], [ 176.169145306935974, -37.680835007293012 ], [ 176.169116102772591, -37.680835980765124 ] ] ] ] } },
{ "type": "Feature", "properties": { "id": null }, "geometry": { "type": "MultiPolygon", "coordinates": [ [ [ [ 176.169090792497656, -37.68088011150089 ], [ 176.169151796750043, -37.680876542103142 ], [ 176.169156664110602, -37.680896336036092 ], [ 176.169092414951194, -37.680900554415253 ], [ 176.169090792497656, -37.68088011150089 ] ] ] ] } },
{ "type": "Feature", "properties": { "id": null }, "geometry": { "type": "MultiPolygon", "coordinates": [ [ [ [ 176.169156664110602, -37.680876866593849 ], [ 176.169218966325786, -37.680872648214695 ], [ 176.169221237760723, -37.680893091129057 ], [ 176.169159260036224, -37.680895687054687 ], [ 176.169156664110602, -37.680876866593849 ] ] ] ] } },
{ "type": "Feature", "properties": { "id": null }, "geometry": { "type": "MultiPolygon", "coordinates": [ [ [ [ 176.1687202241134, -37.689364569941731 ], [ 176.168771493644641, -37.689374304662856 ], [ 176.16876565281197, -37.689391827160875 ], [ 176.168714383280729, -37.689385986328205 ], [ 176.1687202241134, -37.689364569941731 ] ] ] ] } },
{ "type": "Feature", "properties": { "id": null }, "geometry": { "type": "MultiPolygon", "coordinates": [ [ [ [ 176.168728011890295, -37.689335365778355 ], [ 176.168779930402962, -37.689343802536662 ], [ 176.168776036514515, -37.689363271978912 ], [ 176.168722820039022, -37.689353537257787 ], [ 176.168728011890295, -37.689335365778355 ] ] ] ] } },
{ "type": "Feature", "properties": { "id": null }, "geometry": { "type": "MultiPolygon", "coordinates": [ [ [ [ 176.168739044574238, -37.689304863652168 ], [ 176.168788367161255, -37.689313949391888 ], [ 176.16878382429141, -37.689332769852726 ], [ 176.16873255476014, -37.689323035131601 ], [ 176.168739044574238, -37.689304863652168 ] ] ] ] } },
{ "type": "Feature", "properties": { "id": null }, "geometry": { "type": "MultiPolygon", "coordinates": [ [ [ [ 176.168745534388307, -37.689271765600346 ], [ 176.16879615493815, -37.689281500321471 ], [ 176.168791612068304, -37.689301618745127 ], [ 176.168739693555636, -37.689291235042596 ], [ 176.168745534388307, -37.689271765600346 ] ] ] ] } },
{ "type": "Feature", "properties": { "id": null }, "geometry": { "type": "MultiPolygon", "coordinates": [ [ [ [ 176.168752673183803, -37.68925164717669 ], [ 176.168803942715073, -37.689260083934997 ], [ 176.168797452900975, -37.689278904395842 ], [ 176.168747481332531, -37.689270467637535 ], [ 176.168752673183803, -37.68925164717669 ] ] ] ] } },
{ "type": "Feature", "properties": { "id": null }, "geometry": { "type": "MultiPolygon", "coordinates": [ [ [ [ 176.168757216053677, -37.689227634864586 ], [ 176.168809134566317, -37.68923866754853 ], [ 176.168802644752247, -37.689257488009368 ], [ 176.16875332216523, -37.689249700232466 ], [ 176.168757216053677, -37.689227634864586 ] ] ] ] } },
{ "type": "Feature", "properties": { "id": null }, "geometry": { "type": "MultiPolygon", "coordinates": [ [ [ [ 176.168763056886348, -37.689204920515301 ], [ 176.16881692234324, -37.68921660218065 ], [ 176.168812379473366, -37.689236720604306 ], [ 176.168760460960698, -37.689225038938957 ], [ 176.168763056886348, -37.689204920515301 ] ] ] ] } },
{ "type": "Feature", "properties": { "id": null }, "geometry": { "type": "MultiPolygon", "coordinates": [ [ [ [ 176.168772142626068, -37.689184802091646 ], [ 176.168822114194484, -37.689194536812764 ], [ 176.168816273361813, -37.68921205931079 ], [ 176.168766950774796, -37.689202973571071 ], [ 176.168772142626068, -37.689184802091646 ] ] ] ] } },
{ "type": "Feature", "properties": { "id": null }, "geometry": { "type": "MultiPolygon", "coordinates": [ [ [ [ 176.168776036514515, -37.689161438760948 ], [ 176.168827306045756, -37.689171822463479 ], [ 176.168822114194484, -37.689191291905722 ], [ 176.168770844663243, -37.689182855147415 ], [ 176.168776036514515, -37.689161438760948 ] ] ] ] } },
{ "type": "Feature", "properties": { "id": null }, "geometry": { "type": "MultiPolygon", "coordinates": [ [ [ [ 176.168781228365759, -37.689139373393061 ], [ 176.168833146878427, -37.689149108114187 ], [ 176.168827955027155, -37.689168577556437 ], [ 176.168780579384361, -37.689159491816717 ], [ 176.168781228365759, -37.689139373393061 ] ] ] ] } },
{ "type": "Feature", "properties": { "id": null }, "geometry": { "type": "MultiPolygon", "coordinates": [ [ [ [ 176.168790314105479, -37.689119903950818 ], [ 176.168839636692525, -37.689127691727712 ], [ 176.168834444841252, -37.689147161169963 ], [ 176.168785771235633, -37.68913612848602 ], [ 176.168790314105479, -37.689119903950818 ] ] ] ] } },
{ "type": "Feature", "properties": { "id": null }, "geometry": { "type": "MultiPolygon", "coordinates": [ [ [ [ 176.168794856975353, -37.689097189601526 ], [ 176.168845477525196, -37.689104977378427 ], [ 176.168840285673923, -37.689125095802083 ], [ 176.168789665124081, -37.689116659043776 ], [ 176.168794856975353, -37.689097189601526 ] ] ] ] } },
{ "type": "Feature", "properties": { "id": null }, "geometry": { "type": "MultiPolygon", "coordinates": [ [ [ [ 176.168801346789422, -37.689073826270828 ], [ 176.168850669376468, -37.689083560991953 ], [ 176.168845477525196, -37.689103030434204 ], [ 176.168796803919577, -37.689094593675897 ], [ 176.168801346789422, -37.689073826270828 ] ] ] ] } },
{ "type": "Feature", "properties": { "id": null }, "geometry": { "type": "MultiPolygon", "coordinates": [ [ [ [ 176.16880783660352, -37.689051760902949 ], [ 176.168857808171936, -37.689060846642668 ], [ 176.168851967339265, -37.689080965066324 ], [ 176.168803293733646, -37.689071879326605 ], [ 176.16880783660352, -37.689051760902949 ] ] ] ] } },
{ "type": "Feature", "properties": { "id": null }, "geometry": { "type": "MultiPolygon", "coordinates": [ [ [ [ 176.168814975398988, -37.689030993497887 ], [ 176.168864297986033, -37.689040728219013 ], [ 176.168860404097586, -37.68905954867985 ], [ 176.168809134566317, -37.689048515995907 ], [ 176.168814975398988, -37.689030993497887 ] ] ] ] } },
{ "type": "Feature", "properties": { "id": null }, "geometry": { "type": "MultiPolygon", "coordinates": [ [ [ [ 176.168811406001169, -37.689426547666216 ], [ 176.168836716276076, -37.689431090536068 ], [ 176.16882308766651, -37.68947132738338 ], [ 176.168795830447351, -37.689464837569304 ], [ 176.168811406001169, -37.689426547666216 ] ] ] ] } },
{ "type": "Feature", "properties": { "id": null }, "geometry": { "type": "MultiPolygon", "coordinates": [ [ [ [ 176.168840610164523, -37.689432712989593 ], [ 176.168863324513808, -37.689436931368746 ], [ 176.168848722432131, -37.689476843725352 ], [ 176.168826008082846, -37.689471651874086 ], [ 176.168840610164523, -37.689432712989593 ] ] ] ] } },
{ "type": "Feature", "properties": { "id": null }, "geometry": { "type": "MultiPolygon", "coordinates": [ [ [ [ 176.16886851636508, -37.689437904840858 ], [ 176.168889608260855, -37.689442447710718 ], [ 176.16887597965129, -37.689483658030142 ], [ 176.168852616320578, -37.689478466178876 ], [ 176.16886851636508, -37.689437904840858 ] ] ] ] } },
{ "type": "Feature", "properties": { "id": null }, "geometry": { "type": "MultiPolygon", "coordinates": [ [ [ [ 176.168894800112128, -37.689444070164235 ], [ 176.168918163442811, -37.689447964052682 ], [ 176.168904534833246, -37.689489498862812 ], [ 176.168879873539737, -37.689484307011547 ], [ 176.168894800112128, -37.689444070164235 ] ] ] ] } },
{ "type": "Feature", "properties": { "id": null }, "geometry": { "type": "MultiPolygon", "coordinates": [ [ [ [ 176.168920434877776, -37.689449586506207 ], [ 176.16894639413411, -37.689455102848179 ], [ 176.16893146756172, -37.689495664186197 ], [ 176.168907455249609, -37.689490147844225 ], [ 176.168920434877776, -37.689449586506207 ] ] ] ] } },
{ "type": "Feature", "properties": { "id": null }, "geometry": { "type": "MultiPolygon", "coordinates": [ [ [ [ 176.168950288022558, -37.689455427338885 ], [ 176.168971704409017, -37.68946061919015 ], [ 176.168957751308739, -37.689500531546756 ], [ 176.16893471246874, -37.68949533969549 ], [ 176.168950288022558, -37.689455427338885 ] ] ] ] } },
{ "type": "Feature", "properties": { "id": null }, "geometry": { "type": "MultiPolygon", "coordinates": [ [ [ [ 176.168977545241688, -37.689461917152961 ], [ 176.168999286118861, -37.689466784513527 ], [ 176.168985008527898, -37.689507345851545 ], [ 176.168962618669298, -37.689501829509574 ], [ 176.168977545241688, -37.689461917152961 ] ] ] ] } },
{ "type": "Feature", "properties": { "id": null }, "geometry": { "type": "MultiPolygon", "coordinates": [ [ [ [ 176.169004477970134, -37.689468731457751 ], [ 176.16902654333802, -37.689472949836905 ], [ 176.169012914728455, -37.689512537702811 ], [ 176.168990524869855, -37.689507345851545 ], [ 176.169004477970134, -37.689468731457751 ] ] ] ] } },
{ "type": "Feature", "properties": { "id": null }, "geometry": { "type": "MultiPolygon", "coordinates": [ [ [ [ 176.169031735189293, -37.689474247799723 ], [ 176.169054125047865, -37.689478466178876 ], [ 176.169040171947586, -37.689518054044775 ], [ 176.169018106579699, -37.689513511174923 ], [ 176.169031735189293, -37.689474247799723 ] ] ] ] } },
{ "type": "Feature", "properties": { "id": null }, "geometry": { "type": "MultiPolygon", "coordinates": [ [ [ [ 176.169059965880535, -37.689480088632394 ], [ 176.16908105777631, -37.689484631502253 ], [ 176.169069051620255, -37.689524868349565 ], [ 176.169044390326746, -37.689519352007594 ], [ 176.169059965880535, -37.689480088632394 ] ] ] ] } },
{ "type": "Feature", "properties": { "id": null }, "geometry": { "type": "MultiPolygon", "coordinates": [ [ [ [ 176.169085276155471, -37.689485929465071 ], [ 176.169107666014042, -37.689490147844225 ], [ 176.169094361895191, -37.689530384691537 ], [ 176.169071647545877, -37.689525192840271 ], [ 176.169085276155471, -37.689485929465071 ] ] ] ] } },
{ "type": "Feature", "properties": { "id": null }, "geometry": { "type": "MultiPolygon", "coordinates": [ [ [ [ 176.16886948983722, -37.689325306566523 ], [ 176.168894800112128, -37.689328875964272 ], [ 176.168883118446786, -37.689372033227919 ], [ 176.168859106134676, -37.689366841376653 ], [ 176.16886948983722, -37.689325306566523 ] ] ] ] } },
{ "type": "Feature", "properties": { "id": null }, "geometry": { "type": "MultiPolygon", "coordinates": [ [ [ [ 176.168898694000603, -37.68933017392709 ], [ 176.168921408349888, -37.689334716796942 ], [ 176.168909402193833, -37.689375927116373 ], [ 176.168886687844548, -37.689372357718625 ], [ 176.168898694000603, -37.68933017392709 ] ] ] ] } },
{ "type": "Feature", "properties": { "id": null }, "geometry": { "type": "MultiPolygon", "coordinates": [ [ [ [ 176.168927573673244, -37.689335041287649 ], [ 176.168949963531844, -37.689339584157509 ], [ 176.168937632885076, -37.689380469986226 ], [ 176.168914918535791, -37.689376576097779 ], [ 176.168927573673244, -37.689335041287649 ] ] ] ] } },
{ "type": "Feature", "properties": { "id": null }, "geometry": { "type": "MultiPolygon", "coordinates": [ [ [ [ 176.168953857420291, -37.689339908648215 ], [ 176.168977220751003, -37.689343802536662 ], [ 176.168965214594948, -37.689385986328197 ], [ 176.168942500245635, -37.689382416930449 ], [ 176.168953857420291, -37.689339908648215 ] ] ] ] } },
{ "type": "Feature", "properties": { "id": null }, "geometry": { "type": "MultiPolygon", "coordinates": [ [ [ [ 176.168981439130135, -37.68934510049948 ], [ 176.169004802460847, -37.689349318878634 ], [ 176.168993120795506, -37.689391178179463 ], [ 176.168970081955507, -37.689386959800309 ], [ 176.168981439130135, -37.68934510049948 ] ] ] ] } },
{ "type": "Feature", "properties": { "id": null }, "geometry": { "type": "MultiPolygon", "coordinates": [ [ [ [ 176.169009669821406, -37.689350941332151 ], [ 176.169032708661405, -37.689353537257787 ], [ 176.16902070250535, -37.689395396558616 ], [ 176.168997988156065, -37.689391502670169 ], [ 176.169009669821406, -37.689350941332151 ] ] ] ] } },
{ "type": "Feature", "properties": { "id": null }, "geometry": { "type": "MultiPolygon", "coordinates": [ [ [ [ 176.16903725153125, -37.689355484202011 ], [ 176.16905964138985, -37.689359053599752 ], [ 176.169047635233795, -37.689400912900588 ], [ 176.169026218847307, -37.689396370030728 ], [ 176.16903725153125, -37.689355484202011 ] ] ] ] } },
{ "type": "Feature", "properties": { "id": null }, "geometry": { "type": "MultiPolygon", "coordinates": [ [ [ [ 176.169064833241094, -37.68936035156257 ], [ 176.169087547590379, -37.689363271978912 ], [ 176.169075541434353, -37.689405780261147 ], [ 176.169053800557151, -37.689402210863406 ], [ 176.169064833241094, -37.68936035156257 ] ] ] ] } },
{ "type": "Feature", "properties": { "id": null }, "geometry": { "type": "MultiPolygon", "coordinates": [ [ [ [ 176.16908105777631, -37.689406104751853 ], [ 176.169092090460254, -37.689365218923136 ], [ 176.169116427263049, -37.689368788320877 ], [ 176.169103772125595, -37.689410647621713 ], [ 176.16908105777631, -37.689406104751853 ] ] ] ] } },
{ "type": "Feature", "properties": { "id": null }, "geometry": { "type": "MultiPolygon", "coordinates": [ [ [ [ 176.168871436781444, -37.689321412678076 ], [ 176.168882469465387, -37.689280851340065 ], [ 176.168906481777469, -37.689283771756401 ], [ 176.168894800112128, -37.689325955547936 ], [ 176.168871436781444, -37.689321412678076 ] ] ] ] } },
{ "type": "Feature", "properties": { "id": null }, "geometry": { "type": "MultiPolygon", "coordinates": [ [ [ [ 176.168899018491288, -37.689326280038642 ], [ 176.168910375665916, -37.689284420737806 ], [ 176.16893471246874, -37.689288963607666 ], [ 176.168923030803398, -37.689330498417796 ], [ 176.168899018491288, -37.689326280038642 ] ] ] ] } },
{ "type": "Feature", "properties": { "id": null }, "geometry": { "type": "MultiPolygon", "coordinates": [ [ [ [ 176.168938930847901, -37.689289612589072 ], [ 176.168961969687899, -37.68929318198682 ], [ 176.168950612513243, -37.689335365778355 ], [ 176.168927573673244, -37.689331471889908 ], [ 176.168938930847901, -37.689289612589072 ] ] ] ] } },
{ "type": "Feature", "properties": { "id": null }, "geometry": { "type": "MultiPolygon", "coordinates": [ [ [ [ 176.168968135011255, -37.689294804440337 ], [ 176.16898922690703, -37.689298373838085 ], [ 176.168977545241688, -37.689340233138921 ], [ 176.168954830892403, -37.689336988231879 ], [ 176.168968135011255, -37.689294804440337 ] ] ] ] } },
{ "type": "Feature", "properties": { "id": null }, "geometry": { "type": "MultiPolygon", "coordinates": [ [ [ [ 176.168994418758302, -37.689299347310197 ], [ 176.169017457598301, -37.68930356568935 ], [ 176.169005775932931, -37.689345424990186 ], [ 176.168982088111534, -37.689341531101732 ], [ 176.168994418758302, -37.689299347310197 ] ] ] ] } },
{ "type": "Feature", "properties": { "id": null }, "geometry": { "type": "MultiPolygon", "coordinates": [ [ [ [ 176.16902232495886, -37.689304863652168 ], [ 176.169045363798858, -37.689308757540616 ], [ 176.169033357642803, -37.689350292350746 ], [ 176.169009994312091, -37.689346398462298 ], [ 176.16902232495886, -37.689304863652168 ] ] ] ] } },
{ "type": "Feature", "properties": { "id": null }, "geometry": { "type": "MultiPolygon", "coordinates": [ [ [ [ 176.169049257687305, -37.689309731012727 ], [ 176.169072945508702, -37.689313624901182 ], [ 176.169061912824759, -37.689356133183423 ], [ 176.16903725153125, -37.689350941332151 ], [ 176.169049257687305, -37.689309731012727 ] ] ] ] } },
{ "type": "Feature", "properties": { "id": null }, "geometry": { "type": "MultiPolygon", "coordinates": [ [ [ [ 176.169078137359975, -37.689313949391881 ], [ 176.169100202727833, -37.689317518789629 ], [ 176.169089170043918, -37.689360351562577 ], [ 176.169065482222493, -37.689356782164829 ], [ 176.169078137359975, -37.689313949391881 ] ] ] ] } },
{ "type": "Feature", "properties": { "id": null }, "geometry": { "type": "MultiPolygon", "coordinates": [ [ [ [ 176.169105719069819, -37.689320439205964 ], [ 176.169127459946992, -37.689323035131601 ], [ 176.169117076244447, -37.68936489443243 ], [ 176.16909338842305, -37.689361000543983 ], [ 176.169105719069819, -37.689320439205964 ] ] ] ] } },
{ "type": "Feature", "properties": { "id": null }, "geometry": { "type": "MultiPolygon", "coordinates": [ [ [ [ 176.16913297628895, -37.6893233596223 ], [ 176.16915536614755, -37.689327253510754 ], [ 176.16914465795432, -37.689369112811583 ], [ 176.169121619114321, -37.689366192395248 ], [ 176.16913297628895, -37.6893233596223 ] ] ] ] } },
{ "type": "Feature", "properties": { "id": null }, "geometry": { "type": "MultiPolygon", "coordinates": [ [ [ [ 176.169119996660811, -37.689369761792996 ], [ 176.169143684482208, -37.689373655681443 ], [ 176.169133300779663, -37.689415839472979 ], [ 176.169108314995441, -37.689411621093825 ], [ 176.169119996660811, -37.689369761792996 ] ] ] ] } },
{ "type": "Feature", "properties": { "id": null }, "geometry": { "type": "MultiPolygon", "coordinates": [ [ [ [ 176.168912322610169, -37.68917539186122 ], [ 176.168936334922279, -37.689180908203191 ], [ 176.168925302238335, -37.689222118522615 ], [ 176.168900640944827, -37.689217251162049 ], [ 176.168912322610169, -37.68917539186122 ] ] ] ] } },
{ "type": "Feature", "properties": { "id": null }, "geometry": { "type": "MultiPolygon", "coordinates": [ [ [ [ 176.168940228810726, -37.68918123269389 ], [ 176.168963267650724, -37.689185126582345 ], [ 176.16895288394818, -37.689227634864586 ], [ 176.168929845108181, -37.689222443013321 ], [ 176.168940228810726, -37.68918123269389 ] ] ] ] } },
{ "type": "Feature", "properties": { "id": null }, "geometry": { "type": "MultiPolygon", "coordinates": [ [ [ [ 176.168968135011283, -37.689185451073044 ], [ 176.168991173851282, -37.689189669452198 ], [ 176.168980141167339, -37.68923185324374 ], [ 176.168957426818025, -37.689227959355286 ], [ 176.168968135011283, -37.689185451073044 ] ] ] ] } },
{ "type": "Feature", "properties": { "id": null }, "geometry": { "type": "MultiPolygon", "coordinates": [ [ [ [ 176.168996365702526, -37.689190642924316 ], [ 176.169019404542524, -37.689195185794169 ], [ 176.169007073895784, -37.689237045095005 ], [ 176.168984035055786, -37.689232826715852 ], [ 176.168996365702526, -37.689190642924316 ] ] ] ] } },
{ "type": "Feature", "properties": { "id": null }, "geometry": { "type": "MultiPolygon", "coordinates": [ [ [ [ 176.169023298430972, -37.689195834775582 ], [ 176.169047310743082, -37.689199728664029 ], [ 176.169034980096313, -37.689240614492746 ], [ 176.169011941256343, -37.689237369585705 ], [ 176.169023298430972, -37.689195834775582 ] ] ] ] } },
{ "type": "Feature", "properties": { "id": null }, "geometry": { "type": "MultiPolygon", "coordinates": [ [ [ [ 176.169050880140816, -37.689201351117546 ], [ 176.169073918980814, -37.689204271533889 ], [ 176.169061912824759, -37.689245806344019 ], [ 176.169039847456901, -37.689241912455564 ], [ 176.169050880140816, -37.689201351117546 ] ] ] ] } },
{ "type": "Feature", "properties": { "id": null }, "geometry": { "type": "MultiPolygon", "coordinates": [ [ [ [ 176.169078461850688, -37.689205245006001 ], [ 176.169102149672085, -37.689209138894448 ], [ 176.169090468006743, -37.689250673704578 ], [ 176.169067429166745, -37.68924710430683 ], [ 176.169078461850688, -37.689205245006001 ] ] ] ] } },
{ "type": "Feature", "properties": { "id": null }, "geometry": { "type": "MultiPolygon", "coordinates": [ [ [ [ 176.169106692541931, -37.689209463385154 ], [ 176.169128433419104, -37.689214979727126 ], [ 176.169117400735161, -37.689255865555843 ], [ 176.169095010876589, -37.689252296158095 ], [ 176.169106692541931, -37.689209463385154 ] ] ] ] } },
{ "type": "Feature", "properties": { "id": null }, "geometry": { "type": "MultiPolygon", "coordinates": [ [ [ [ 176.169134274251775, -37.689215953199238 ], [ 176.169156664110375, -37.689219522596979 ], [ 176.16914628040783, -37.689261057407109 ], [ 176.169121943605035, -37.68925748800936 ], [ 176.169134274251775, -37.689215953199238 ] ] ] ] } },
{ "type": "Feature", "properties": { "id": null }, "geometry": { "type": "MultiPolygon", "coordinates": [ [ [ [ 176.169160882489535, -37.689219847087685 ], [ 176.169183921329534, -37.689224065466838 ], [ 176.169173537626989, -37.689265275786262 ], [ 176.169150174296277, -37.689261381897815 ], [ 176.169160882489535, -37.689219847087685 ] ] ] ] } },
{ "type": "Feature", "properties": { "id": null }, "geometry": { "type": "MultiPolygon", "coordinates": [ [ [ [ 176.16891329608228, -37.689172795935583 ], [ 176.16892400427551, -37.689129638671936 ], [ 176.168948990059732, -37.68913385705109 ], [ 176.168937308394391, -37.689177663296149 ], [ 176.16891329608228, -37.689172795935583 ] ] ] ] } },
{ "type": "Feature", "properties": { "id": null }, "geometry": { "type": "MultiPolygon", "coordinates": [ [ [ [ 176.168953208438893, -37.689135803995313 ], [ 176.168977220751003, -37.689139373393061 ], [ 176.168964565613521, -37.689181881675303 ], [ 176.168940877792124, -37.689177663296149 ], [ 176.168953208438893, -37.689135803995313 ] ] ] ] } },
{ "type": "Feature", "properties": { "id": null }, "geometry": { "type": "MultiPolygon", "coordinates": [ [ [ [ 176.168980465658024, -37.689141320337285 ], [ 176.169005451442246, -37.689144565244327 ], [ 176.168992796304792, -37.689186749035862 ], [ 176.168968459501968, -37.689182530656709 ], [ 176.168980465658024, -37.689141320337285 ] ] ] ] } },
{ "type": "Feature", "properties": { "id": null }, "geometry": { "type": "MultiPolygon", "coordinates": [ [ [ [ 176.169008371858581, -37.689145863207145 ], [ 176.16903141069858, -37.689149432604886 ], [ 176.169019080051811, -37.689191291905722 ], [ 176.168996690193239, -37.689187073526568 ], [ 176.169008371858581, -37.689145863207145 ] ] ] ] } },
{ "type": "Feature", "properties": { "id": null }, "geometry": { "type": "MultiPolygon", "coordinates": [ [ [ [ 176.169035953568425, -37.689150730567704 ], [ 176.16905964138985, -37.689153650984046 ], [ 176.169047635233795, -37.689195834775582 ], [ 176.169024271903083, -37.689191616396428 ], [ 176.169035953568425, -37.689150730567704 ] ] ] ] } },
{ "type": "Feature", "properties": { "id": null }, "geometry": { "type": "MultiPolygon", "coordinates": [ [ [ [ 176.169064184259696, -37.689155273437564 ], [ 176.169086898608981, -37.689158193853899 ], [ 176.169074567962241, -37.689201351117546 ], [ 176.169051853612928, -37.689196483756987 ], [ 176.169064184259696, -37.689155273437564 ] ] ] ] } },
{ "type": "Feature", "properties": { "id": null }, "geometry": { "type": "MultiPolygon", "coordinates": [ [ [ [ 176.169092414950967, -37.689160140798123 ], [ 176.169113506846713, -37.689163385705164 ], [ 176.169102149672085, -37.689205893987406 ], [ 176.169079110832087, -37.689202649080364 ], [ 176.169092414950967, -37.689160140798123 ] ] ] ] } },
{ "type": "Feature", "properties": { "id": null }, "geometry": { "type": "MultiPolygon", "coordinates": [ [ [ [ 176.169119347679413, -37.689165008158689 ], [ 176.169142386519383, -37.689168902047136 ], [ 176.169130380363328, -37.689211085838672 ], [ 176.169107017032644, -37.689206867459518 ], [ 176.169119347679413, -37.689165008158689 ] ] ] ] } },
{ "type": "Feature", "properties": { "id": null }, "geometry": { "type": "MultiPolygon", "coordinates": [ [ [ [ 176.16914628040783, -37.689170524500661 ], [ 176.169169643738542, -37.689173769407702 ], [ 176.169158286563885, -37.689215304217825 ], [ 176.16913394976109, -37.68921238380149 ], [ 176.16914628040783, -37.689170524500661 ] ] ] ] } },
{ "type": "Feature", "properties": { "id": null }, "geometry": { "type": "MultiPolygon", "coordinates": [ [ [ [ 176.169174186608331, -37.68917506737052 ], [ 176.169197549939014, -37.689178961258968 ], [ 176.169186517255071, -37.689219847087692 ], [ 176.16916250494296, -37.689217251162056 ], [ 176.169174186608331, -37.68917506737052 ] ] ] ] } },
{ "type": "Feature", "properties": { "id": null }, "geometry": { "type": "MultiPolygon", "coordinates": [ [ [ [ 176.168953532929493, -37.689024503683804 ], [ 176.168977869732316, -37.689030020025768 ], [ 176.168965863576261, -37.68907252830801 ], [ 176.168941202282753, -37.689068958910269 ], [ 176.168953532929493, -37.689024503683804 ] ] ] ] } },
{ "type": "Feature", "properties": { "id": null }, "geometry": { "type": "MultiPolygon", "coordinates": [ [ [ [ 176.168982088111477, -37.689031317988587 ], [ 176.16900545144216, -37.689034887386335 ], [ 176.168993445286105, -37.689077720159275 ], [ 176.168969432973995, -37.689073501780122 ], [ 176.168982088111477, -37.689031317988587 ] ] ] ] } },
{ "type": "Feature", "properties": { "id": null }, "geometry": { "type": "MultiPolygon", "coordinates": [ [ [ [ 176.169009345330608, -37.689035860858446 ], [ 176.169032708661319, -37.689039754746894 ], [ 176.169021351486663, -37.689081938538429 ], [ 176.168997014683868, -37.689077720159275 ], [ 176.169009345330608, -37.689035860858446 ] ] ] ] } },
{ "type": "Feature", "properties": { "id": null }, "geometry": { "type": "MultiPolygon", "coordinates": [ [ [ [ 176.16903692704048, -37.689041052709712 ], [ 176.169061263843275, -37.689045595579572 ], [ 176.169049582177934, -37.689087779371107 ], [ 176.169024920884425, -37.689082587519842 ], [ 176.16903692704048, -37.689041052709712 ] ] ] ] } },
{ "type": "Feature", "properties": { "id": null }, "geometry": { "type": "MultiPolygon", "coordinates": [ [ [ [ 176.169065157731723, -37.689045920070271 ], [ 176.169086898608896, -37.689050462940131 ], [ 176.169075541434268, -37.689091997750261 ], [ 176.169053151575667, -37.689088752843219 ], [ 176.169065157731723, -37.689045920070271 ] ] ] ] } },
{ "type": "Feature", "properties": { "id": null }, "geometry": { "type": "MultiPolygon", "coordinates": [ [ [ [ 176.16909306393228, -37.689050462940131 ], [ 176.16911545379088, -37.689054681319284 ], [ 176.169104096616223, -37.689097189601526 ], [ 176.169080733285512, -37.689093295713079 ], [ 176.16909306393228, -37.689050462940131 ] ] ] ] } },
{ "type": "Feature", "properties": { "id": null }, "geometry": { "type": "MultiPolygon", "coordinates": [ [ [ [ 176.169120321151439, -37.689055330300697 ], [ 176.169143035500724, -37.68905987317055 ], [ 176.169131353835382, -37.689102056962085 ], [ 176.169107341523272, -37.689098163073638 ], [ 176.169120321151439, -37.689055330300697 ] ] ] ] } },
{ "type": "Feature", "properties": { "id": null }, "geometry": { "type": "MultiPolygon", "coordinates": [ [ [ [ 176.169147902861283, -37.689060522151962 ], [ 176.169170941701282, -37.689064740531116 ], [ 176.169159260035912, -37.689105950850539 ], [ 176.16913524772383, -37.689102705943498 ], [ 176.169147902861283, -37.689060522151962 ] ] ] ] } },
{ "type": "Feature", "properties": { "id": null }, "geometry": { "type": "MultiPolygon", "coordinates": [ [ [ [ 176.169174835589729, -37.689065065021815 ], [ 176.169198847901839, -37.689069607891675 ], [ 176.169186841745784, -37.689112440664623 ], [ 176.169163153924387, -37.689108546776168 ], [ 176.169174835589729, -37.689065065021815 ] ] ] ] } },
{ "type": "Feature", "properties": { "id": null }, "geometry": { "type": "MultiPolygon", "coordinates": [ [ [ [ 176.169204039753083, -37.689070581363787 ], [ 176.169226429611683, -37.68907479974294 ], [ 176.169214423455628, -37.689117308025182 ], [ 176.16919138461563, -37.689113414136735 ], [ 176.169204039753083, -37.689070581363787 ] ] ] ] } },
{ "type": "Feature", "properties": { "id": null }, "geometry": { "type": "MultiPolygon", "coordinates": [ [ [ [ 176.16896651255766, -37.688982644382968 ], [ 176.168989226906973, -37.688985564799303 ], [ 176.168978518713715, -37.689027099609433 ], [ 176.16895580436443, -37.689022556739573 ], [ 176.16896651255766, -37.688982644382968 ] ] ] ] } },
{ "type": "Feature", "properties": { "id": null }, "geometry": { "type": "MultiPolygon", "coordinates": [ [ [ [ 176.168994418758217, -37.688984915817898 ], [ 176.169016808616817, -37.688990107669163 ], [ 176.169005775932874, -37.689031966969999 ], [ 176.168981763620764, -37.689027748590846 ], [ 176.168994418758217, -37.688984915817898 ] ] ] ] } },
{ "type": "Feature", "properties": { "id": null }, "geometry": { "type": "MultiPolygon", "coordinates": [ [ [ [ 176.16902200046809, -37.688990756650568 ], [ 176.169046012780171, -37.688994975029729 ], [ 176.169033357642718, -37.689036834330558 ], [ 176.169009669821321, -37.689031642479293 ], [ 176.16902200046809, -37.688990756650568 ] ] ] ] } },
{ "type": "Feature", "properties": { "id": null }, "geometry": { "type": "MultiPolygon", "coordinates": [ [ [ [ 176.169049906668647, -37.688995299520428 ], [ 176.169072945508617, -37.688999517899582 ], [ 176.169061588333989, -37.689042026181824 ], [ 176.16903692704048, -37.689037483311964 ], [ 176.169049906668647, -37.688995299520428 ] ] ] ] } },
{ "type": "Feature", "properties": { "id": null }, "geometry": { "type": "MultiPolygon", "coordinates": [ [ [ [ 176.169077163887778, -37.689000491371694 ], [ 176.16910052721849, -37.689004060769442 ], [ 176.169088845553119, -37.689046244560977 ], [ 176.169065157731723, -37.689042675163229 ], [ 176.169077163887778, -37.689000491371694 ] ] ] ] } },
{ "type": "Feature", "properties": { "id": null }, "geometry": { "type": "MultiPolygon", "coordinates": [ [ [ [ 176.169105719069734, -37.68900535873226 ], [ 176.169127459946907, -37.689008928130001 ], [ 176.169116751753677, -37.689052085393655 ], [ 176.16909306393228, -37.689046893542383 ], [ 176.169105719069734, -37.68900535873226 ] ] ] ] } },
{ "type": "Feature", "properties": { "id": null }, "geometry": { "type": "MultiPolygon", "coordinates": [ [ [ [ 176.169132651798179, -37.689010226092819 ], [ 176.169155690638178, -37.689014119981266 ], [ 176.169144982444948, -37.689056303772809 ], [ 176.169120645642124, -37.689052085393655 ], [ 176.169132651798179, -37.689010226092819 ] ] ] ] } },
{ "type": "Feature", "properties": { "id": null }, "geometry": { "type": "MultiPolygon", "coordinates": [ [ [ [ 176.169160233508023, -37.68901574243479 ], [ 176.169183596838735, -37.68901833836042 ], [ 176.169172239664078, -37.689060522151962 ], [ 176.169147902861283, -37.689056952754214 ], [ 176.169160233508023, -37.68901574243479 ] ] ] ] } },
{ "type": "Feature", "properties": { "id": null }, "geometry": { "type": "MultiPolygon", "coordinates": [ [ [ [ 176.169187490727182, -37.68902028530465 ], [ 176.169211827530006, -37.689024503683804 ], [ 176.169199172392524, -37.689067011966046 ], [ 176.169175484571127, -37.689061820114773 ], [ 176.169187490727182, -37.68902028530465 ] ] ] ] } },
{ "type": "Feature", "properties": { "id": null }, "geometry": { "type": "MultiPolygon", "coordinates": [ [ [ [ 176.169216045909138, -37.689025801646615 ], [ 176.169239084749137, -37.689030344516475 ], [ 176.169227078593082, -37.689071554835898 ], [ 176.169203390771685, -37.689066038493927 ], [ 176.169216045909138, -37.689025801646615 ] ] ] ] } },
{ "type": "Feature", "properties": { "id": null }, "geometry": { "type": "MultiPolygon", "coordinates": [ [ [ [ 176.169329617655677, -37.688948086122984 ], [ 176.16931826048102, -37.68898767398889 ], [ 176.169294572659624, -37.688983455609737 ], [ 176.169304956362168, -37.688941271818202 ], [ 176.169329617655677, -37.688948086122984 ] ] ] ] } },
{ "type": "Feature", "properties": { "id": null }, "geometry": { "type": "MultiPolygon", "coordinates": [ [ [ [ 176.169303009417916, -37.688940622836789 ], [ 176.169290029789778, -37.688982482137625 ], [ 176.169266341968353, -37.688978588249171 ], [ 176.16927932159652, -37.688935106494824 ], [ 176.169303009417916, -37.688940622836789 ] ] ] ] } },
{ "type": "Feature", "properties": { "id": null }, "geometry": { "type": "MultiPolygon", "coordinates": [ [ [ [ 176.169275103217387, -37.688932510569188 ], [ 176.169264395024129, -37.68897047598157 ], [ 176.169241356184159, -37.688966257602416 ], [ 176.169252064377389, -37.688927967699328 ], [ 176.169275103217387, -37.688932510569188 ] ] ] ] } },
{ "type": "Feature", "properties": { "id": null }, "geometry": { "type": "MultiPolygon", "coordinates": [ [ [ [ 176.169249143961054, -37.68892666973651 ], [ 176.169237137804998, -37.688963661676787 ], [ 176.169214747946398, -37.688961065751151 ], [ 176.169224482667516, -37.688923424829476 ], [ 176.169249143961054, -37.68892666973651 ] ] ] ] } },
{ "type": "Feature", "properties": { "id": null }, "geometry": { "type": "MultiPolygon", "coordinates": [ [ [ [ 176.169221562251181, -37.688921802375951 ], [ 176.169209556095154, -37.688957820844109 ], [ 176.169185868273729, -37.68895522491848 ], [ 176.169197225448386, -37.688918881959616 ], [ 176.169221562251181, -37.688921802375951 ] ] ] ] } },
{ "type": "Feature", "properties": { "id": null }, "geometry": { "type": "MultiPolygon", "coordinates": [ [ [ [ 176.169192358087827, -37.688918232978203 ], [ 176.169182623366709, -37.688953602464956 ], [ 176.169158611054598, -37.688950033067208 ], [ 176.169168345775716, -37.68891369010835 ], [ 176.169192358087827, -37.688918232978203 ] ] ] ] } },
{ "type": "Feature", "properties": { "id": null }, "geometry": { "type": "MultiPolygon", "coordinates": [ [ [ [ 176.169163802905871, -37.688913365617644 ], [ 176.16915536614755, -37.688950033067208 ], [ 176.169130704854041, -37.688946788160166 ], [ 176.169142711010096, -37.688907849275672 ], [ 176.169163802905871, -37.688913365617644 ] ] ] ] } },
{ "type": "Feature", "properties": { "id": null }, "geometry": { "type": "MultiPolygon", "coordinates": [ [ [ [ 176.169138168140222, -37.688908173766379 ], [ 176.169126161984167, -37.688945165706649 ], [ 176.16910247416277, -37.688941920799607 ], [ 176.169115453790937, -37.688903955387225 ], [ 176.169138168140222, -37.688908173766379 ] ] ] ] } },
{ "type": "Feature", "properties": { "id": null }, "geometry": { "type": "MultiPolygon", "coordinates": [ [ [ [ 176.169110910921091, -37.688902981915113 ], [ 176.169098580274323, -37.688940622836789 ], [ 176.169075216943639, -37.688937377929747 ], [ 176.169088196571806, -37.688899088026666 ], [ 176.169110910921091, -37.688902981915113 ] ] ] ] } },
{ "type": "Feature", "properties": { "id": null }, "geometry": { "type": "MultiPolygon", "coordinates": [ [ [ [ 176.169081706757709, -37.688897790063841 ], [ 176.169071323055164, -37.688935106494817 ], [ 176.169047635233767, -37.688930888115664 ], [ 176.169059316899109, -37.6888942206661 ], [ 176.169081706757709, -37.688897790063841 ] ] ] ] } },
{ "type": "Feature", "properties": { "id": null }, "geometry": { "type": "MultiPolygon", "coordinates": [ [ [ [ 176.169055098519948, -37.688892922703282 ], [ 176.169044390326718, -37.68892894117144 ], [ 176.169019729033209, -37.688925047282993 ], [ 176.169032059679978, -37.688889353305534 ], [ 176.169055098519948, -37.688892922703282 ] ] ] ] } },
{ "type": "Feature", "properties": { "id": null }, "geometry": { "type": "MultiPolygon", "coordinates": [ [ [ [ 176.169026867828705, -37.688889353305534 ], [ 176.169014537181937, -37.688925047282993 ], [ 176.168992147323365, -37.688920179922427 ], [ 176.169003828988707, -37.688883512472863 ], [ 176.169026867828705, -37.688889353305534 ] ] ] ] } },
{ "type": "Feature", "properties": { "id": null }, "geometry": { "type": "MultiPolygon", "coordinates": [ [ [ [ 176.168999286118861, -37.688883187982157 ], [ 176.168988902416316, -37.688919530941021 ], [ 176.168964565613521, -37.688916935015385 ], [ 176.168976896260261, -37.688878645112297 ], [ 176.168999286118861, -37.688883187982157 ] ] ] ] } },
{ "type": "Feature", "properties": { "id": null }, "geometry": { "type": "MultiPolygon", "coordinates": [ [ [ [ 176.168973326862528, -37.688879294093709 ], [ 176.168960022743647, -37.688915637052567 ], [ 176.168937308394362, -37.688912067654826 ], [ 176.168949639041131, -37.688874426733143 ], [ 176.168973326862528, -37.688879294093709 ] ] ] ] } }
]
}
